seller_id,orders,seller_gmv,product_revenue,freight_revenue,avg_order_value,avg_delivery_days,late_rate,avg_review_score,low_review_rate,cross_state_rate,avg_distance_km,avg_freight_share,seller_state,seller_city,value_tier,risk_tier,seller_segment
0015a82c2db000af6aaaf3ae2ecb0532,3,2748.06,2685.0,63.06,916.02,10.793885030864196,0.0,3.6666666666666665,0.3333333333333333,1.0,606.5897402394999,0.02294709722495142,SP,santo andre,low_volume,low_volume,low_volume__low_volume
001cca7ae9ae17fb1caed9dfb1094831,197,33527.92,24770.03,8757.89,170.19248730964466,13.11873378423997,0.06091370558375635,3.984771573604061,0.16243654822335024,0.9796954314720813,815.21349322246,0.2615973971441611,ES,cariacica,high_value,standard_risk,high_value__standard_risk
001e6ad469a905060d959994f1b41e4f,1,267.94,250.0,17.94,267.94,,0.0,1.0,1.0,1.0,394.48109368718497,0.0669552884974248,RJ,sao goncalo,low_volume,low_volume,low_volume__low_volume
002100f778ceb8431b7a1020ff7ab48f,51,2028.1599999999999,1234.5,793.66,39.7678431372549,16.386808796296297,0.17647058823529413,3.9019607843137254,0.1568627450980392,0.5686274509803921,529.253005940422,0.4206046208046759,SP,franca,standard_value,standard_risk,standard_value__standard_risk
003554e2dce176b5555353e4f3555ac8,1,139.38,120.0,19.38,139.38,4.646805555555556,0.0,5.0,0.0,1.0,936.3930810042406,0.13904433921653034,GO,goiania,low_volume,low_volume,low_volume__low_volume
004c9cd9d87a3c30c522c48c4fc07416,155,22975.24,19479.74,3495.5,148.2273548387097,14.724614523208272,0.08387096774193549,4.148387096774194,0.14193548387096774,0.6387096774193548,639.451267120798,0.15795161781506126,SP,ibitinga,high_value,standard_risk,high_value__standard_risk
00720abe85ba0859807595bbf045a33b,13,1323.48,1007.5,315.98,101.80615384615385,11.786855413105412,0.15384615384615385,3.6153846153846154,0.23076923076923078,0.46153846153846156,420.3539783046706,0.2785850366626635,SP,guarulhos,low_volume,low_volume,low_volume__low_volume
00ab3eff1b5192e5f1a63bcecfee11c8,1,110.08,98.0,12.08,110.08,9.052488425925926,0.0,5.0,0.0,0.0,232.116582300547,0.10973837209302326,SP,sao paulo,low_volume,low_volume,low_volume__low_volume
00d8b143d12632bad99c0ad66ad52825,1,137.1,86.0,51.1,137.1,7.233344907407408,0.0,5.0,0.0,1.0,1623.402440597641,0.37272064186725024,MG,belo horizonte,low_volume,low_volume,low_volume__low_volume
00ee68308b45bc5e2660cd833c3f81cc,134,23290.489999999998,20122.0,3168.49,173.80962686567162,9.602258585544499,0.08955223880597014,4.298507462686567,0.11194029850746269,0.417910447761194,265.9227338745189,0.1548868720991552,SP,sao paulo,high_value,standard_risk,high_value__standard_risk
00fc707aaaad2d31347cf883cd2dfe10,102,14851.34,12590.9,2260.44,145.6013725490196,15.176039283769063,0.049019607843137254,4.063725490196078,0.1568627450980392,0.9117647058823529,645.3087020637587,0.14842813194682072,PR,maringa,standard_value,standard_risk,standard_value__standard_risk
010543a62bd80aa422851e79a3bc7540,2,1447.95,1416.0,31.950000000000003,723.975,9.085081018518519,0.0,4.5,0.0,0.5,220.46865905642397,0.022051722342135496,SP,sao paulo,low_volume,low_volume,low_volume__low_volume
010da0602d7774602cd1b3f5fb7b709e,1,1079.75,849.5,230.25,1079.75,26.1146875,0.0,1.0,1.0,0.0,527.352500939837,0.21324380643667515,SP,sao bernardo do campo,low_volume,low_volume,low_volume__low_volume
011b0eaba87386a2ae96a7d32bb531d1,1,129.16,99.98,29.18,129.16,25.1803125,0.0,4.0,0.0,1.0,494.49050998930926,0.22592133787550325,SP,pompeia,low_volume,low_volume,low_volume__low_volume
01266d4c46afa519678d16a8b683d325,3,137.48,90.25,47.230000000000004,45.82666666666666,5.922897376543209,0.0,5.0,0.0,0.6666666666666666,365.8796179489714,0.40557580174987207,PR,curitiba,low_volume,low_volume,low_volume__low_volume
013900e863eace745d3ec7614cab5b1a,23,2089.37,1619.7,469.67,90.84217391304347,12.19425925925926,0.0,4.695652173913044,0.043478260869565216,0.9565217391304348,807.8553651128638,0.22606199053871653,PR,curitiba,low_volume,low_volume,low_volume__low_volume
014c0679dd340a0e338872e7ec85666a,14,7686.31,7058.0,628.3100000000001,549.0221428571429,19.763406084656083,0.14285714285714285,3.857142857142857,0.14285714285714285,0.9285714285714286,757.1611033101894,0.0935347888061726,MG,timoteo,low_volume,low_volume,low_volume__low_volume
014d9a685fd57276679edd00e07089e5,11,876.81,729.88,146.93,79.71,9.154871632996633,0.0,3.727272727272727,0.18181818181818182,0.7272727272727273,534.7037886357194,0.1631511859093345,PR,maringa,low_volume,low_volume,low_volume__low_volume
0176f73cc1195f367f7b32db1e5b3aa8,38,6020.11,4733.1,1287.01,158.42394736842104,13.24754441941942,0.10526315789473684,4.078947368421052,0.15789473684210525,0.39473684210526316,425.3868646432385,0.20593801258213978,SP,ibitinga,standard_value,standard_risk,standard_value__standard_risk
01bcc9d254a0143f0ce9791b960b2a47,10,1644.69,1393.21,251.48,164.469,12.787733796296298,0.0,4.4,0.0,0.9,978.7289226299711,0.15341021718983228,GO,uruacu,low_volume,low_volume,low_volume__low_volume
01c97ebb5cdac52891c0ed1c37ba0012,9,756.0,577.5,178.5,84.0,13.929164094650206,0.0,4.222222222222222,0.1111111111111111,0.4444444444444444,649.0930504160868,0.29736841851476803,SP,catanduva,low_volume,low_volume,low_volume__low_volume
01cf7e3d21494c41fb86034f2e714fa1,60,11510.28,9519.460000000001,1990.82,191.83800000000002,11.703840796615582,0.05,4.15,0.11666666666666667,0.9333333333333333,930.6507096062464,0.182435685214352,PR,francisco beltrao,standard_value,standard_risk,standard_value__standard_risk
01ed254b9ff8407dfb9d99ba1e17d923,5,1533.71,1465.99,67.72,306.742,6.675569444444444,0.0,5.0,0.0,0.4,362.27135117057924,0.0562457058759178,SP,mogi das cruzes,low_volume,low_volume,low_volume__low_volume
01fd077212124329bac32490e8ef80d9,31,1783.3600000000001,1208.0,575.36,57.527741935483874,8.150532407407407,0.03225806451612903,4.161290322580645,0.16129032258064516,0.5806451612903226,490.8121320678573,0.3453218502328451,SP,ribeirao preto / sao paulo,standard_value,standard_risk,standard_value__standard_risk
01fdefa7697d26ad920e9e0346d4bd1b,128,17584.47,14831.53,2752.94,137.378671875,10.775461140274132,0.0625,4.3515625,0.0625,0.90625,602.7919199492999,0.17200220105114258,PR,londrina,standard_value,standard_risk,standard_value__standard_risk
0241d4d5d36f10f80c644447315af0bd,237,38150.75,31317.8,6832.95,160.97362869198312,10.931687617205814,0.05907172995780591,4.352320675105485,0.10548523206751055,0.9029535864978903,639.804951187108,0.1998282434118282,PR,curitiba,high_value,standard_risk,high_value__standard_risk
0249d282d911d23cb8b869ab49c99f53,11,531.88,393.0,138.88,48.35272727272727,10.258965698653197,0.18181818181818182,4.2727272727272725,0.18181818181818182,0.45454545454545453,225.6689021691259,0.29521671782092307,SP,sao paulo,low_volume,low_volume,low_volume__low_volume
024b564ae893ce8e9bfa02c10a401ece,2,918.4000000000001,706.4000000000001,212.0,459.20000000000005,15.33943865740741,0.0,4.5,0.0,1.0,2169.0321942523906,0.21862799265762925,SP,sao paulo,low_volume,low_volume,low_volume__low_volume
028872bfa080090a9d0abd4f1af168f8,1,117.87,70.5,47.37,117.87,16.481273148148148,0.0,5.0,0.0,1.0,998.3329536281033,0.4018834308984474,MG,ribeirao das neves,low_volume,low_volume,low_volume__low_volume
02a2272692e13558373c66db98f05e2e,2,93.85,54.98,38.870000000000005,46.925,,0.0,3.0,0.5,1.0,1565.9353136094114,0.40986660858857016,RJ,rio de janeiro,low_volume,low_volume,low_volume__low_volume
02b72cdeb9cfcc429f1af6f4e3f3b737,4,748.64,522.65,225.99,187.16,12.510251736111112,0.0,4.75,0.0,1.0,1262.9150885199892,0.2989378980373646,SP,ibitinga,low_volume,low_volume,low_volume__low_volume
02c988090b766852e088c69d7fb3b551,12,1770.94,1564.3700000000001,206.57,147.57833333333335,9.480911458333333,0.0,4.583333333333333,0.08333333333333333,0.4166666666666667,268.3683201126932,0.14990508674881564,SP,americana,low_volume,low_volume,low_volume__low_volume
02d35243ea2e497335cd0f076b45675d,14,6399.95,5794.0,605.95,457.1392857142857,26.168773974867726,0.35714285714285715,2.642857142857143,0.42857142857142855,1.0,1803.0605134504744,0.11201154279810087,RN,natal,low_volume,low_volume,low_volume__low_volume
02dcd3e8e25bee036e32512bcf175493,14,1804.0700000000002,1491.9,312.17,128.86214285714286,17.089043803418804,0.2857142857142857,3.857142857142857,0.2857142857142857,0.7142857142857143,550.2207821620202,0.17520124857309968,MG,contagem,low_volume,low_volume,low_volume__low_volume
02ecc2a19303f05e59ce133fd923fff7,21,5742.4,5264.1900000000005,478.21000000000004,273.447619047619,11.091394400352733,0.0,4.619047619047619,0.047619047619047616,0.47619047619047616,487.9395797920502,0.08998587353638299,SP,santo andre,low_volume,low_volume,low_volume__low_volume
02f5837340d7eb4f653d676c7256523a,30,4463.88,3883.05,580.83,148.796,9.659020061728395,0.03333333333333333,4.833333333333333,0.03333333333333333,0.9333333333333333,362.4107499054113,0.12756156135748042,PR,curitiba,standard_value,standard_risk,standard_value__standard_risk
02f623a8eb246f3c5f7c2f96462654e6,43,7054.93,6249.0,805.93,164.06813953488373,8.475741009905255,0.09302325581395349,4.558139534883721,0.046511627906976744,0.4186046511627907,464.4588371774047,0.11926825084268051,SP,botucatu,standard_value,standard_risk,standard_value__standard_risk
0307f7565ff85b299b6e5ef162b1b1a9,7,5003.57,4728.8,274.77,714.7957142857142,15.198894675925928,0.0,3.142857142857143,0.42857142857142855,0.8571428571428571,632.4659405590186,0.16663781908265468,SP,sao jose do rio preto,low_volume,low_volume,low_volume__low_volume
0336182e1b3e92f029d5354832045fdf,1,47.370000000000005,29.8,17.57,47.370000000000005,13.061111111111112,0.0,2.0,1.0,0.0,218.7212628134558,0.3709098585602702,SP,ibitinga,low_volume,low_volume,low_volume__low_volume
034b9387752bfa309f350a70cd45ffa3,8,240.26,96.0,144.26,30.0325,8.508582175925927,0.0,4.5,0.0,0.875,463.8790744783991,0.5963000666385461,SC,blumenau,low_volume,low_volume,low_volume__low_volume
038b75b729c8a9a04b0d07cba7eabe86,2,557.8499999999999,467.0,90.85,278.92499999999995,22.549861111111113,0.5,3.5,0.0,1.0,1084.2746699318236,0.16275827162051554,SP,sao jose dos campos,low_volume,low_volume,low_volume__low_volume
039b29ff3b3473435d0cd59040575de9,9,215.55,114.9,100.65,23.950000000000003,9.107943672839506,0.0,4.444444444444445,0.0,0.3333333333333333,475.4477666508003,0.4524497938680087,SP,ribeirao pires,low_volume,low_volume,low_volume__low_volume
039e6ad9dae79614493083e241147386,5,13273.42,12925.0,348.42,2654.684,14.593856481481481,0.2,4.0,0.2,1.0,731.5266342042426,0.028839348627589446,SP,sao paulo,low_volume,low_volume,low_volume__low_volume
03a2a6dcbe45d639c4dc2a0d24769c40,9,1250.66,1078.41,172.25,138.96222222222224,10.4471579218107,0.1111111111111111,4.111111111111111,0.1111111111111111,0.6666666666666666,594.8617216615535,0.15461247673523495,SP,maua,low_volume,low_volume,low_volume__low_volume
03bd479e1d9484cdb14104d3023f7321,3,417.42,359.70000000000005,57.72,139.14000000000001,20.46724151234568,0.3333333333333333,4.333333333333333,0.0,0.6666666666666666,501.7541652903867,0.137680129924636,MG,uberlandia,low_volume,low_volume,low_volume__low_volume
0417b067eeab773d2f7061a726dc477f,13,2501.75,1859.18,642.57,192.44230769230768,17.55735933048433,0.3076923076923077,3.923076923076923,0.23076923076923078,0.9230769230769231,1374.7236014438943,0.2993053765881624,SC,sao bento do sul,low_volume,low_volume,low_volume__low_volume
042573af89b6d931f672efaf789d8358,3,478.57,413.48,65.09,159.52333333333334,20.024783950617284,0.3333333333333333,3.6666666666666665,0.3333333333333333,0.3333333333333333,196.49035575917551,0.14307550734831617,SP,sorocaba,low_volume,low_volume,low_volume__low_volume
04308b1ee57b6625f47df1d56f00eedf,94,63184.99,60130.6,3054.39,672.180744680851,18.87600291867955,0.11702127659574468,3.882978723404255,0.2127659574468085,0.9468085106382979,1064.482037353526,0.0528812231811732,SC,bombinhas,high_value,high_risk,high_value__high_risk
0432ead42b6c8a0bdf68154add917fdf,85,8999.62,7792.1,1207.52,105.87788235294119,8.89543289859982,0.03529411764705882,4.458823529411765,0.09411764705882353,0.5411764705882353,539.6128352338643,0.14618723355920646,SP,maua,standard_value,standard_risk,standard_value__standard_risk
044668ccd5316b12a7cf0d54a156e3e9,3,191.35,137.8,53.55,63.78333333333333,7.8470100308641975,0.0,5.0,0.0,0.6666666666666666,710.2136836743002,0.2948121671796228,SP,osasco,low_volume,low_volume,low_volume__low_volume
04843805947f0fc584fc1969b6e50fe7,1,1474.76,1400.0,74.76,1474.76,15.03707175925926,1.0,5.0,0.0,1.0,827.0373044934456,0.05069299411429657,RS,ivoti,low_volume,low_volume,low_volume__low_volume
048c2757535328e0d7dac690ad3c0aae,50,10332.71,9065.08,1267.63,206.65419999999997,18.27716907596372,0.12,4.18,0.16,0.84,964.949511054865,0.12391643321263779,SP,franca,standard_value,standard_risk,standard_value__standard_risk
04aa0a1c5ce6b222003403a3e11c3cc0,11,6339.51,5518.0,821.51,576.319090909091,17.522946127946128,0.18181818181818182,4.090909090909091,0.18181818181818182,0.8181818181818182,1286.2328425802268,0.14814817085102053,SP,cosmopolis,low_volume,low_volume,low_volume__low_volume
04aba03279157f6d4e0fe8ccaf21963c,16,2922.33,2575.9,346.43,182.645625,11.624953703703705,0.0625,4.3125,0.125,0.5,498.4250938504222,0.121511048885105,RJ,santo antonio de padua,low_volume,low_volume,low_volume__low_volume
04e38a233f726ef161074ab1c9b0399a,23,1811.27,1352.2,459.07,78.75086956521739,11.993331505847953,0.13043478260869565,3.652173913043478,0.21739130434782608,0.4782608695652174,341.9430619460253,0.2800574163061895,SP,sao paulo,low_volume,low_volume,low_volume__low_volume
04ee0ec01589969663ba5967c0e0bdc0,1,314.32,289.49,24.83,314.32,3.0675925925925926,0.0,5.0,0.0,1.0,397.5276062520955,0.07899592771697633,RS,lajeado,low_volume,low_volume,low_volume__low_volume
04fdea0c111866e6cf812f1570d6b5bd,10,1261.95,1055.0,206.95,126.19500000000001,18.002058738425927,0.1,3.2,0.3,0.7,1024.9936465093122,0.16590302640285767,SP,sao paulo,low_volume,low_volume,low_volume__low_volume
0509040ea3fe50071181bbc359eb7738,87,5012.74,3603.25,1409.49,57.61770114942529,11.616864368001723,0.06896551724137931,4.482758620689655,0.011494252873563218,0.6781609195402298,555.6633155109176,0.31343535249577703,MG,belo horizonte,standard_value,standard_risk,standard_value__standard_risk
052577151711aec5c744fe12e66db3e1,4,2970.42,2748.0,222.42,742.605,14.03383101851852,0.0,2.25,0.75,0.75,1005.6142697539526,0.07322891676865541,SC,rodeio,low_volume,low_volume,low_volume__low_volume
054694fa03fe82cec4b7551487331d74,21,10703.75,9983.1,720.65,509.70238095238096,30.79312268518519,0.2857142857142857,3.4761904761904763,0.2857142857142857,0.7142857142857143,668.8911880934395,0.07449381617738264,SP,itajobi,low_volume,low_volume,low_volume__low_volume
056b4ada5bbc2c50cc7842547dda6b51,64,13489.6,12203.400000000001,1286.2,210.775,12.634060111699,0.09375,4.171875,0.140625,0.75,617.7028854890733,0.10696933252910064,RJ,queimados,standard_value,standard_risk,standard_value__standard_risk
0570350b23eda5444f8d1d9544932058,6,751.76,626.9000000000001,124.86,125.29333333333334,5.071749614197531,0.0,5.0,0.0,0.5,288.90573438536245,0.18431102627011228,SP,sao paulo,low_volume,low_volume,low_volume__low_volume
05730013efda596306417c3b09302475,4,1168.67,952.0,216.67,292.1675,9.451623263888889,0.0,5.0,0.0,1.0,621.8230807248947,0.18409177985981506,SC,criciuma,low_volume,low_volume,low_volume__low_volume
058cb5aeb36d7c0fcae20fc85d5e0a59,12,2107.42,1328.0,779.42,175.61833333333334,10.088812079124578,0.08333333333333333,3.5833333333333335,0.25,0.5,399.7039158257672,0.3452149037823755,RJ,rio de janeiro,low_volume,low_volume,low_volume__low_volume
058fd0aa2bfdb2274e05e1ae971dabb6,61,8555.8,7667.9,887.9,140.2590163934426,10.141677469135802,0.06557377049180328,4.39344262295082,0.09836065573770492,0.5081967213114754,478.89137569519727,0.10250098571537829,SP,santo andre,standard_value,standard_risk,standard_value__standard_risk
05a48cc8859962767935ab9087417fbb,1,59.39,42.9,16.49,59.39,11.276516203703704,0.0,5.0,0.0,1.0,388.46046135731353,0.2776561710725711,SP,sao paulo,low_volume,low_volume,low_volume__low_volume
05a940b4ecae36cadfd8e93bd9c43257,10,1148.94,952.0,196.94,114.894,14.254607767489713,0.0,3.9,0.2,0.9,842.8375353756794,0.2631079241150457,GO,goiania,low_volume,low_volume,low_volume__low_volume
05aebce0b5c8f0d41b29b686f2d05fd3,2,120.88,74.99000000000001,45.89,60.44,6.0006712962962965,0.5,5.0,0.0,0.0,50.7270668677025,0.3440791209801555,SP,sao paulo,low_volume,low_volume,low_volume__low_volume
05ca864204d09595ae591b93ea9cf93d,1,188.42,179.9,8.52,188.42,5.168472222222222,1.0,5.0,0.0,0.0,19.559557133996858,0.04521812971022184,SP,barueri,low_volume,low_volume,low_volume__low_volume
05d2173d43ea568aa0540eba70d2ca76,60,7203.95,5554.68,1649.27,120.06583333333333,14.459978202160494,0.05,4.183333333333334,0.11666666666666667,0.8666666666666667,497.41460502525825,0.28548937319669077,MG,alfenas,standard_value,standard_risk,standard_value__standard_risk
05e107217c7266362fd44b75b2cd4cc4,5,275.39,193.38,82.00999999999999,55.077999999999996,8.186863425925926,0.4,4.2,0.0,0.4,604.9233364421663,0.3547080054259662,SP,sao paulo - sp,low_volume,low_volume,low_volume__low_volume
05f51e13da97139648b8125c31e5f51b,60,15788.3,13769.01,2019.29,263.1383333333333,12.507035209551658,0.15,4.066666666666666,0.18333333333333332,0.8,569.4545367799338,0.14083694588794218,MG,belo horizonte,standard_value,high_risk,standard_value__high_risk
05feb94f19d094d4b0f9281f0b1d4c99,6,10050.04,9353.0,697.04,1675.006666666667,15.371317515432098,0.0,4.5,0.0,0.6666666666666666,1088.3386288446848,0.07036916371822392,SP,mogi das cruzes,low_volume,low_volume,low_volume__low_volume
05ff92fedb5be47920fea08e501238b9,59,23808.17,21992.78,1815.39,403.52830508474574,12.3373714668616,0.05084745762711865,4.237288135593221,0.06779661016949153,0.9322033898305084,1345.7665450197696,0.10038178961879643,RS,santo angelo,high_value,standard_risk,high_value__standard_risk
062c325cd6a2b87845fab56b4ec2eeae,2,157.07999999999998,133.22,23.86,78.53999999999999,5.495763888888889,0.0,5.0,0.0,0.0,50.52256098506606,0.16284635225560484,SP,sao paulo,low_volume,low_volume,low_volume__low_volume
062ce95fa2ad4dfaedfc79260130565f,55,8721.44,7521.0,1200.44,158.57163636363637,13.504861754115225,0.03636363636363636,4.036363636363636,0.10909090909090909,0.8545454545454545,760.3005166705129,0.19430020973217685,RS,lajeado,standard_value,standard_risk,standard_value__standard_risk
06532f10282704ef4c69168b914b77be,8,10918.74,10220.5,698.24,1364.8425,16.61554728835979,0.0,4.25,0.125,0.875,1355.3207796584115,0.08143643152902119,PR,paincandu,low_volume,low_volume,low_volume__low_volume
06579cb253ecd5a3a12a9e6eb6bf8f47,62,6226.61,4727.2,1499.41,100.42919354838709,9.941688107164541,0.12903225806451613,4.080645161290323,0.16129032258064516,0.5645161290322581,386.39834641457145,0.22494822041729087,SP,sao paulo - sp,standard_value,standard_risk,standard_value__standard_risk
066a6914e1ebf3ea95a216c73a986b91,67,10820.83,9131.380000000001,1689.45,161.50492537313434,13.309240495230078,0.029850746268656716,4.08955223880597,0.11940298507462686,0.8656716417910447,947.2110890156022,0.2205282658863924,PR,foz do iguacu,standard_value,standard_risk,standard_value__standard_risk
0691148aee60ca47977c187804f935ae,47,7359.45,5868.51,1490.94,156.5840425531915,11.940049005122145,0.02127659574468085,4.180851063829787,0.14893617021276595,0.9361702127659575,639.5395125300005,0.24672148763759486,PR,londrina,standard_value,standard_risk,standard_value__standard_risk
0692610d8abe24f287e9fae90ea0bbee,4,205.72,173.99,31.73,51.43,6.603399884259259,0.25,4.0,0.0,0.0,13.918491544893342,0.18639668547515417,SP,sao paulo,low_volume,low_volume,low_volume__low_volume
06a2c3af7b3aee5d69171b0e14f0ee87,388,47800.6,35840.02,11960.58,123.19742268041237,17.67149885762386,0.22422680412371135,3.9896907216494846,0.16752577319587628,0.9639175257731959,1944.0032265674367,0.25255234986021885,MA,sao luis,high_value,standard_risk,high_value__standard_risk
06bb3a2fe5e7b7a845b13e8fb91bd944,17,1862.33,1536.19,326.14,109.54882352941176,8.82025258714597,0.0,4.588235294117647,0.0,0.8235294117647058,491.94695788686005,0.1819067483835239,MG,belo horizonte,low_volume,low_volume,low_volume__low_volume
06df0c10d34e459d9672bc77388742eb,26,9595.77,9070.0,525.77,369.06807692307694,10.081905715811965,0.11538461538461539,4.346153846153846,0.07692307692307693,0.8461538461538461,546.4897915696743,0.054796212591790426,PR,maringa,low_volume,low_volume,low_volume__low_volume
06e5eefc71ec47ae763c5c6f8db7064f,90,24027.41,21898.58,2128.83,266.9712222222222,10.990695365109428,0.022222222222222223,3.922222222222222,0.15555555555555556,0.9222222222222223,1172.1198891510649,0.09657512701736987,RS,porto alegre,high_value,standard_risk,high_value__standard_risk
07017df32dc5f2f1d2801e579548d620,8,1128.24,946.49,181.75,141.03,10.079266493055556,0.0,4.0,0.25,0.875,1388.4252286632245,0.16918649232558283,PB,joao pessoa,low_volume,low_volume,low_volume__low_volume
070d165398b553f3b4b851c216b8a358,31,4302.15,3333.17,968.98,138.77903225806452,12.096201003086419,0.16129032258064516,3.3225806451612905,0.3548387096774194,0.45161290322580644,286.54903337337214,0.2277892317148688,SP,sao paulo,standard_value,high_risk,standard_value__high_risk
0725b8c0f3f906e58f70cbe76b7c748c,17,2905.9900000000002,2190.3,715.6899999999999,170.94058823529414,12.978666811342592,0.35294117647058826,3.5,0.35294117647058826,0.47058823529411764,343.4016501591449,0.28776254981397376,SP,guarulhos,low_volume,low_volume,low_volume__low_volume
0743a0239d764b9a0f959a57d07e36ab,4,403.22,336.96,66.26,100.805,5.358070023148148,0.0,4.75,0.0,0.5,830.9421145694921,0.16930061796781498,SP,sao paulo,low_volume,low_volume,low_volume__low_volume
0747d5bb69f0586cc869d8af4c50f93e,14,555.49,346.59999999999997,208.89,39.67785714285714,14.152275270061729,0.07142857142857142,3.357142857142857,0.35714285714285715,0.6428571428571429,462.89363028852864,0.425206752436816,RJ,saquarema,low_volume,low_volume,low_volume__low_volume
0761743cbffb25d7148189e9f1a5f03a,3,327.4,241.2,86.2,109.13333333333333,13.137214506172839,0.0,4.666666666666667,0.0,0.3333333333333333,359.92263521743007,0.2803302341768001,SP,ribeirao preto,low_volume,low_volume,low_volume__low_volume
077c5fae4bea9500e3737b16f71b9d3a,4,177.24,106.80000000000001,70.44,44.31,8.317737268518519,0.0,4.5,0.0,0.25,137.53358916432288,0.5458281520141604,SP,sorocaba,low_volume,low_volume,low_volume__low_volume
0791d9fc1e30678ecf03d3e55fa108d3,5,1028.99,842.0,186.99,205.798,7.8056828703703705,0.0,4.0,0.2,1.0,479.9041425325298,0.19124108148206376,MG,belo horizonte,low_volume,low_volume,low_volume__low_volume
079d295dcbf06ee8bb1b65ba964eb2b6,5,540.09,349.3,190.79,108.018,8.265361111111112,0.0,4.6,0.0,0.6,904.7490841245371,0.3439654191745379,SP,sao paulo,low_volume,low_volume,low_volume__low_volume
07a9bc7f61396b658ddf3ac534efe44c,1,135.49,119.9,15.59,135.49,5.995138888888889,0.0,3.5,0.0,0.0,18.651191273754257,0.11506384234998893,SP,sao paulo,low_volume,low_volume,low_volume__low_volume
07bf9669d84d1f11be443a9dd938f698,18,2422.22,1776.0,646.22,134.56777777777776,8.355687371399178,0.0,3.7222222222222223,0.2777777777777778,0.6666666666666666,622.0683629571965,0.2551818947652398,SP,sao paulo,low_volume,low_volume,low_volume__low_volume
07d75e33f2750d97d467fb57e4dfdd8a,2,759.59,722.4,37.19,379.795,11.796643518518518,0.0,2.5,0.5,1.0,577.0964655984207,0.2246784999530062,SP,sao paulo,low_volume,low_volume,low_volume__low_volume
07de60b03d150fb3ea09eab5da5e4c8b,9,889.0,719.1,169.9,98.77777777777777,13.419634773662551,0.1111111111111111,4.333333333333333,0.1111111111111111,0.4444444444444444,458.1553196450716,0.19091001007161312,SP,ibitinga,low_volume,low_volume,low_volume__low_volume
07e8e8fc5222bb358e6f259da3197074,2,74.86,51.8,23.06,37.43,8.63806712962963,0.0,4.0,0.0,0.5,432.2829586737665,0.3010257671839869,SP,sao paulo,low_volume,low_volume,low_volume__low_volume
080102cd0a76b09e0dcf55fcacc60e05,124,7912.71,5716.78,2195.93,63.81217741935484,9.905664750303583,0.04032258064516129,4.475806451612903,0.04838709677419355,0.7903225806451613,670.03698220653,0.3127379529732136,MG,belo horizonte,standard_value,standard_risk,standard_value__standard_risk
080199a181c46c657dc5aa235411be3b,78,15350.38,14324.710000000001,1025.67,196.79974358974357,8.087653133903133,0.02564102564102564,4.615384615384615,0.01282051282051282,0.4358974358974359,347.5301976157962,0.0670530695287198,SP,osasco,standard_value,standard_risk,standard_value__standard_risk
08061dc0fc165ed41288cc7acde738ee,4,182.22,123.80000000000001,58.42,45.555,20.068133680555555,0.25,4.5,0.0,0.5,713.8258666997245,0.44014189278960225,SP,osasco,low_volume,low_volume,low_volume__low_volume
08084d990eb3f53af056ccbc1730c8a7,11,565.19,343.40000000000003,221.79,51.38090909090909,8.71074494949495,0.0,4.454545454545454,0.0,0.6363636363636364,369.73926834487224,0.38198780998042053,SP,sao paulo,low_volume,low_volume,low_volume__low_volume
081acf3de680d554796c9cf041be7bc2,4,1802.8,1597.3,205.5,450.7,15.513223379629629,0.25,3.25,0.25,1.0,953.9688261861887,0.15590855804266554,MG,vespasiano,low_volume,low_volume,low_volume__low_volume
082e0bf4cb865a6533b1e8e498cc0255,11,3064.33,2073.3,991.0300000000001,278.57545454545453,14.3659617003367,0.18181818181818182,3.272727272727273,0.36363636363636365,0.7272727272727273,749.2354578244624,0.310138727258845,SP,botucatu,low_volume,low_volume,low_volume__low_volume
085f6f7e049c996695fb2074fe38d45e,6,435.96000000000004,305.4,130.56,72.66000000000001,10.562883873456789,0.0,4.0,0.16666666666666666,0.6666666666666666,318.59372509094084,0.37694109974406526,SP,taubate,low_volume,low_volume,low_volume__low_volume
08633c14ef2db992c11f840f04fad4cd,74,9068.82,7644.3,1424.52,122.55162162162162,9.956255943443443,0.06756756756756757,4.364864864864865,0.06756756756756757,0.5540540540540541,570.981799086088,0.17813674157267947,SP,ribeirao pires,standard_value,standard_risk,standard_value__standard_risk
0873d9f8f36123f8d910f4760e788cfb,6,7426.65,7265.59,161.06,1237.7749999999999,13.130835262345679,0.5,3.1666666666666665,0.3333333333333333,0.5,574.3220651549601,0.023138195650389354,SP,barueri,low_volume,low_volume,low_volume__low_volume
0885aaf116795758dfeb5f1032487bcd,28,3162.32,2648.0,514.32,112.94000000000001,5.9938160150891635,0.03571428571428571,4.214285714285714,0.10714285714285714,0.32142857142857145,331.7178812241409,0.16878454021229436,SP,ferraz de vasconcelos,low_volume,low_volume,low_volume__low_volume
0887a9f087bcd5d9f6642b52f897fc6c,12,1862.35,1642.0,220.35,155.19583333333333,14.240796682098766,0.08333333333333333,4.416666666666667,0.0,0.6666666666666666,752.9080263256119,0.12217601281715158,SP,cananeia,low_volume,low_volume,low_volume__low_volume
08ad4ac1388e4420ca531c3edfc46198,6,310.67,221.61999999999998,89.05,51.778333333333336,6.36944637345679,0.0,2.8333333333333335,0.5,0.3333333333333333,222.97448523772087,0.26758034163831745,SP,itapevi,low_volume,low_volume,low_volume__low_volume
08cdbae123ff67ca4e36d9d641ce0119,4,4195.46,3098.99,1096.47,1048.865,24.25667534722222,0.5,3.25,0.5,1.0,719.2099035333902,0.22125626274044036,MG,uba,low_volume,low_volume,low_volume__low_volume
08d0949a9a17c027262db1f3c450c26c,12,557.84,324.8,233.04000000000002,46.48666666666667,14.330144675925927,0.0,3.7083333333333335,0.25,0.9166666666666666,792.8027683319488,0.443980371556653,PR,cascavel,low_volume,low_volume,low_volume__low_volume
08d1c9478fb0d7d7fcac9c0da4e82fc7,1,605.5699999999999,538.0,67.57,605.5699999999999,10.392372685185183,0.0,5.0,0.0,1.0,599.5925172195173,0.1115808246775765,MG,belo horizonte,low_volume,low_volume,low_volume__low_volume
08d2d642cf72b622b14dde1d2f5eb2f5,16,1215.16,909.0,306.15999999999997,75.9475,15.320594618055555,0.1875,4.3125,0.0,0.5625,650.2667571405591,0.41140502383733174,SP,marilia,low_volume,low_volume,low_volume__low_volume
08f5819815f3d06545011850bd70f0a8,3,522.83,452.0,70.83,174.27666666666667,8.471766975308642,0.0,4.666666666666667,0.0,0.6666666666666666,940.7093728666545,0.13425999192988147,SP,santos,low_volume,low_volume,low_volume__low_volume
091065b789659bc3cd9af9cb3a6253ff,2,1444.37,1359.0,85.37,722.185,11.264837962962964,0.0,3.5,0.5,0.5,1331.6920239930855,0.05860670035632397,RS,canoas,low_volume,low_volume,low_volume__low_volume
0936e1837d0c79253456bbb2ffaaef10,1,70.02,38.9,31.12,70.02,18.366805555555555,0.0,5.0,0.0,1.0,553.7005470259159,0.4444444444444445,SP,sao paulo,low_volume,low_volume,low_volume__low_volume
093805f8f2aeb63881444571e1f48f30,22,1559.73,1215.79,343.94,70.89681818181818,8.274672243265993,0.045454545454545456,4.181818181818182,0.13636363636363635,0.4090909090909091,446.6078359993213,0.22762907646400657,SP,osasco,low_volume,low_volume,low_volume__low_volume
094ced053e257ae8cae57205592d6712,19,1978.23,1519.2,459.03,104.11736842105263,12.158787158869396,0.0,4.052631578947368,0.15789473684210525,0.5263157894736842,557.6342448832396,0.2734136575990756,SP,ribeirao preto,low_volume,low_volume,low_volume__low_volume
0951a6e282947e09cd47969f4ed0b47f,7,580.32,492.3,88.02,82.90285714285714,4.719513888888889,0.0,4.857142857142857,0.0,0.42857142857142855,504.5118136202612,0.1750136674192799,SP,taboao da serra,low_volume,low_volume,low_volume__low_volume
09883d9ab71c8fe8a9bfc7fc3075b07e,5,406.16999999999996,329.5,76.67,81.234,14.43830150462963,0.2,3.4,0.4,0.6,641.0565988141431,0.1870601453177739,SP,sao paulo,low_volume,low_volume,low_volume__low_volume
099095b050cfe8eb1ddff5317587e96e,17,5909.150000000001,5193.83,715.3199999999999,347.59705882352944,11.334448061342593,0.17647058823529413,3.235294117647059,0.4117647058823529,0.35294117647058826,334.35531305150926,0.13082420417970275,SP,sao paulo,low_volume,low_volume,low_volume__low_volume
09bad886111255c5b5030314fc7f1a4a,5,560.36,487.5,72.86,112.072,6.468912037037036,0.0,5.0,0.0,0.4,438.87054267354205,0.1285118576946906,SP,sao paulo,low_volume,low_volume,low_volume__low_volume
09f952a5f58d2285b0372551ae8f9b01,50,13346.460000000001,11821.5,1524.96,266.92920000000004,13.292202777777778,0.06,3.84,0.18,0.78,739.7156425879891,0.11815119054719951,SP,sao bernardo do campo,standard_value,standard_risk,standard_value__standard_risk
0a198e95d32b1be2da9424c962a6ebfa,1,86.66999999999999,69.99,16.68,86.66999999999999,16.04769675925926,0.0,5.0,0.0,1.0,485.8972524228179,0.19245413637937006,MG,contagem,low_volume,low_volume,low_volume__low_volume
0a82f5fb06a4fe4ac2cf7cb412ec71b8,2,484.8,462.0,22.799999999999997,242.4,5.281736111111111,0.0,5.0,0.0,0.0,14.599900713379913,0.04728822418652326,SP,sao paulo,low_volume,low_volume,low_volume__low_volume
0a85ebe4e328db81ac9109781205e2f7,12,805.65,667.9,137.75,67.1375,5.248940007716049,0.08333333333333333,4.583333333333333,0.0,0.25,149.90463676033352,0.17231472474087717,SP,jundiai,low_volume,low_volume,low_volume__low_volume
0aa124728afc1131dff5655f4c6f487b,2,958.78,850.92,107.86,479.39,,0.0,1.0,1.0,0.5,354.2626625720664,0.15710062600590932,MG,alfenas,low_volume,low_volume,low_volume__low_volume
0aa2205ca24f113f4658a5c536667426,4,988.1,815.62,172.48,247.025,8.79331597222222,0.0,4.0,0.25,0.75,337.9073965343017,0.2057235905619162,SP,sao paulo,low_volume,low_volume,low_volume__low_volume
0ac4201fda2c68ebc0e47cb9423cf3c9,13,1910.8700000000001,1676.88,233.99,146.99,12.64974358974359,0.07692307692307693,4.230769230769231,0.15384615384615385,0.7692307692307693,864.3047531333115,0.24169306558770562,SP,sao paulo,low_volume,low_volume,low_volume__low_volume
0ad80de75c811326389cfb1daba7d45e,5,1167.19,1079.5,87.69,233.43800000000002,8.559863425925926,0.0,5.0,0.0,0.6,274.14020624612806,0.07843763282864914,RJ,rio de janeiro,low_volume,low_volume,low_volume__low_volume
0adac9fbd9a2b63cccaac4f8756c1ca8,109,18322.71,15840.05,2482.66,168.09825688073394,13.070889565863032,0.06422018348623854,4.045871559633028,0.13761467889908258,0.5045871559633027,397.5664641180375,0.27273267361114695,SP,louveira,high_value,standard_risk,high_value__standard_risk
0ade5cc4a305ed7093a23f68ca47519c,2,201.27,158.88,42.39,100.635,6.875769675925927,0.0,5.0,0.0,1.0,528.9662554099642,0.20912726459795467,PR,curitiba,low_volume,low_volume,low_volume__low_volume
0aea4c6ae1505b3228ddf3dd7822ee5b,8,1579.66,1427.91,151.75,197.4575,18.434872685185184,0.25,3.875,0.125,0.625,958.4347863348054,0.1012199143875297,SP,sorocaba,low_volume,low_volume,low_volume__low_volume
0af2ab31141893d26aca5a404a537dab,1,74.51,59.0,15.51,74.51,5.809513888888889,0.0,5.0,0.0,1.0,356.7675452645428,0.20815997852637227,SP,sao paulo,low_volume,low_volume,low_volume__low_volume
0af977692321d895349eded183341d28,2,277.22,257.75,19.47,138.61,2.5402256944444446,0.0,4.5,0.0,0.0,50.02994663600411,0.07497039235163559,SP,santos,low_volume,low_volume,low_volume__low_volume
0afccdb8a34ee5c79f7c06faf2b4d56e,24,1557.09,1185.6,371.49,64.87875,13.53405948067633,0.08333333333333333,4.041666666666667,0.125,0.875,578.6272493712839,0.25398797057083633,MG,uberlandia,low_volume,low_volume,low_volume__low_volume
0b09101900100c0e9d312861fad5a1b9,1,168.36,153.75,14.61,168.36,18.53783564814815,0.0,4.0,0.0,0.0,4.733447970393461,0.0867783321454027,SP,sao paulo,low_volume,low_volume,low_volume__low_volume
0b0ddbc7b9d9584f442c7ac92b0ff6c9,3,1550.6399999999999,1416.76,133.88,516.88,11.944313271604939,0.0,4.666666666666667,0.0,0.6666666666666666,1386.5899826165644,0.10884740177013873,SP,guarulhos,low_volume,low_volume,low_volume__low_volume
0b18d63d0cd1d723567903fd34a07df2,9,1944.03,1678.1399999999999,265.89,216.00333333333333,7.111788837448559,0.0,4.777777777777778,0.0,0.5555555555555556,491.69034711337656,0.20617607581893713,SP,sp,low_volume,low_volume,low_volume__low_volume
0b1ca3ef18a63d7eb0c8897fa0849c08,1,62.87,55.0,7.87,62.87,6.710289351851852,0.0,5.0,0.0,0.0,85.51954285318882,0.12517894067122634,SP,sao roque,low_volume,low_volume,low_volume__low_volume
0b35c634521043bf4b47e21547b99ab5,50,14686.94,13235.65,1451.29,293.7388,18.789849537037036,0.14,3.36,0.36,0.96,735.2602509607605,0.14316410527291482,PR,teixeira soares,standard_value,high_risk,standard_value__high_risk
0b36063d5818f81ccb94b54adfaebbf5,1,783.0,765.0,18.0,783.0,14.543993055555555,0.0,5.0,0.0,1.0,1083.4429665129214,0.022988505747126436,SC,jaragua do sul,low_volume,low_volume,low_volume__low_volume
0b3f27369a4d8df98f7eb91077e438ac,2,171.39000000000001,146.51,24.88,85.69500000000001,7.161655092592594,0.0,4.0,0.0,0.0,,0.1575887309739533,SP,aruja,low_volume,low_volume,low_volume__low_volume
0b46f784306be7200ca1700aa55d819f,1,30.86,19.9,10.96,30.86,3.2436574074074076,0.0,5.0,0.0,0.0,238.94319554664355,0.355152300712897,MG,belo horizonte,low_volume,low_volume,low_volume__low_volume
0b64bcdb0784abc139af04077d49a20e,4,205.81,137.6,68.21000000000001,51.4525,8.495092592592593,0.0,4.75,0.0,1.0,816.7190742311634,0.3317776279212851,RS,canoas,low_volume,low_volume,low_volume__low_volume
0b90b6df587eb83608a64ea8b390cf07,163,32106.61,28508.32,3598.29,196.97306748466258,14.33356881572931,0.03067484662576687,4.015337423312883,0.17177914110429449,0.9263803680981595,662.3631108121867,0.13923074732931612,PR,maringa,high_value,standard_risk,high_value__standard_risk
0bae85eb84b9fb3bd773911e89288d54,137,10406.4,7482.21,2924.19,75.95912408759123,10.279241813044663,0.0072992700729927005,4.2700729927007295,0.072992700729927,0.49635036496350365,597.8027025004851,0.2938029886147723,SP,itajai,standard_value,standard_risk,standard_value__standard_risk
0bb27263628258b8111a0262769fa9db,1,33.16,22.2,10.96,33.16,41.68077546296296,0.0,5.0,0.0,0.0,80.72271412614009,0.33051869722557303,SP,sao paulo,low_volume,low_volume,low_volume__low_volume
0bb738e4d789e63e2267697c42d35a2d,30,3030.64,2388.3,642.34,101.02133333333333,12.086564153439154,0.03333333333333333,4.6,0.0,0.5,607.7332280340597,0.2612485777948267,SP,sao roque,standard_value,standard_risk,standard_value__standard_risk
0be8ff43f22e456b4e0371b2245e4d01,161,14384.65,11805.5,2579.15,89.34565217391304,10.396858455009497,0.062111801242236024,3.950310559006211,0.19254658385093168,0.4658385093167702,496.22583424771665,0.20788684205635072,SP,sao paulo,standard_value,high_risk,standard_value__high_risk
0bebbb2cea103a4a020c95d43fd7d754,9,1514.34,1367.2,147.14000000000001,168.26,5.9149704218106995,0.0,4.888888888888889,0.0,0.6666666666666666,430.20398031143134,0.1062195897753499,SP,sao paulo,low_volume,low_volume,low_volume__low_volume
0bf0150d5b9d60d9cd2906003332f085,38,6430.2300000000005,5396.6,1033.63,169.21657894736845,13.317567921539961,0.18421052631578946,3.789473684210526,0.21052631578947367,0.5789473684210527,329.37087988632146,0.16961283896825596,SP,sao paulo,standard_value,high_risk,standard_value__high_risk
0bfd0b434243adc5c2e1aa6baf19c6aa,6,436.99,371.20000000000005,65.78999999999999,72.83166666666666,8.463200231481482,0.0,3.6666666666666665,0.16666666666666666,0.6666666666666666,672.0469209059451,0.16358732185650163,RJ,rio de janeiro,low_volume,low_volume,low_volume__low_volume
0c7533c71df861ec58ad7ff999ed0e8d,61,3863.51,2989.2999999999997,874.21,63.33622950819672,10.811724537037035,0.04918032786885246,4.147540983606557,0.14754098360655737,0.5573770491803278,469.3655914941518,0.2663854855601824,SP,valinhos,standard_value,standard_risk,standard_value__standard_risk
0c7f30ae9b147eca07affbef92832a6a,5,567.11,479.5,87.61,113.422,8.54264814814815,0.0,5.0,0.0,1.0,551.4113928120826,0.17903010374126302,PR,ponta grossa,low_volume,low_volume,low_volume__low_volume
0c8380b62e38e8a1e6adbeba7eb9688c,180,21288.15,17224.39,4063.76,118.26750000000001,12.94899422596754,0.05555555555555555,4.038888888888889,0.14444444444444443,0.7833333333333333,458.9443991718765,0.21593680644057514,MG,tres coracoes,high_value,standard_risk,high_value__standard_risk
0cab2da43793a6f3c5ed8514c5f54627,3,366.90000000000003,309.70000000000005,57.2,122.30000000000001,5.005370370370371,0.0,5.0,0.0,0.6666666666666666,540.61467212589,0.1617891600283005,PR,curitiba,low_volume,low_volume,low_volume__low_volume
0cbcee27c791afa0cdcb08587a2013a8,39,6141.3099999999995,5324.15,817.16,157.46948717948717,13.269655519005847,0.10256410256410256,3.8461538461538463,0.1794871794871795,0.8717948717948718,443.8550087143053,0.1380579368314674,MG,tres coracoes,standard_value,standard_risk,standard_value__standard_risk
0d33a55da925bbf1ff02af5f6059fc7f,22,932.91,547.3,385.61,42.405,8.47973327020202,0.045454545454545456,4.454545454545454,0.09090909090909091,0.36363636363636365,353.58269480946814,0.3970814804866544,SP,sao paulo,low_volume,low_volume,low_volume__low_volume
0d4c8269e7f0401201794deef160edd6,3,892.03,792.64,99.39,297.3433333333333,17.420385802469138,0.0,3.6666666666666665,0.3333333333333333,0.6666666666666666,833.0025772931655,0.09585941841728746,SP,ribeirao preto,low_volume,low_volume,low_volume__low_volume
0d83f8e03188682112cc0d93523705cc,4,820.5699999999999,696.26,124.31,205.14249999999998,16.91439814814815,0.25,3.75,0.25,1.0,1046.2397110836523,0.15475006833961633,RS,porto alegre,low_volume,low_volume,low_volume__low_volume
0d85bbda9889ce1f7e63778d24f346eb,50,5538.08,4143.8,1394.28,110.7616,15.26769837962963,0.1,4.2,0.12,0.8,854.9625743912932,0.2666545984516702,MG,uberlandia,standard_value,standard_risk,standard_value__standard_risk
0daf5180aa44356f60f8effa533b55a2,2,183.63,144.8,38.83,91.815,8.025891203703704,0.5,5.0,0.0,1.0,761.0222141684387,0.2412295898423885,GO,goiania,low_volume,low_volume,low_volume__low_volume
0db783cfcd3b73998abc6e10e59a102f,131,11024.55,9040.5,1984.05,84.15687022900762,11.626616659598529,0.03816793893129771,4.206106870229007,0.1297709923664122,0.5648854961832062,626.3444933534595,0.1917519552534364,SP,santos,standard_value,standard_risk,standard_value__standard_risk
0dd184061fb0eaa7ca37932c68ab91c5,160,23623.420000000002,18326.92,5296.5,147.646375,11.86390502025463,0.11875,4.03125,0.1375,0.575,477.9531087963739,0.21577421166388727,SP,guarulhos,high_value,standard_risk,high_value__standard_risk
0ddefe3c7a032b91f4e25b9c3a08fca1,9,552.9,402.9,150.0,61.43333333333333,7.80940072016461,0.0,4.555555555555555,0.0,0.4444444444444444,324.21787934235135,0.29691066335003746,SP,sao bernardo do campo,low_volume,low_volume,low_volume__low_volume
0df3984f9dfb3d49ac6366acbd3bbb85,87,11520.21,10021.49,1498.72,132.41620689655173,9.545799956933678,0.011494252873563218,4.344827586206897,0.10344827586206896,0.8045977011494253,687.0692697500546,0.1650265290777041,MG,betim,standard_value,standard_risk,standard_value__standard_risk
0dfbed20065e425d2eaefb101f9816c0,3,133.6,84.35,49.25,44.53333333333333,21.56864197530864,0.3333333333333333,2.6666666666666665,0.6666666666666666,0.6666666666666666,452.3213352013075,0.3686313865561579,SP,porto ferreira,low_volume,low_volume,low_volume__low_volume
0e44d110fa6a54e121cb2c095a77762f,6,293.38,223.32,70.06,48.89666666666667,12.001626157407408,0.16666666666666666,4.333333333333333,0.16666666666666666,0.3333333333333333,251.94831992078545,0.43122610094455266,SP,francisco morato,low_volume,low_volume,low_volume__low_volume
0e72c1a751b496722a6cb1f10653b62a,3,192.10000000000002,140.8,51.300000000000004,64.03333333333335,6.891940586419753,0.0,4.666666666666667,0.0,0.6666666666666666,485.0143732066913,0.2943968723182876,SP,sao paulo,low_volume,low_volume,low_volume__low_volume
0e982cff76cc0579f632cea8a0e38c9d,7,1480.31,1307.34,172.97,211.47285714285712,8.62933449074074,0.0,4.0,0.14285714285714285,0.42857142857142855,327.39716932823563,0.18090695087113315,SC,itajai,low_volume,low_volume,low_volume__low_volume
0ea22c1cfbdc755f86b9b54b39c16043,234,14883.38,10567.1,4316.28,63.60418803418803,10.938693432339265,0.017094017094017096,4.397435897435898,0.0641025641025641,0.7649572649572649,616.8682226253774,0.31051065823288504,MG,sete lagoas,standard_value,standard_risk,standard_value__standard_risk
0eaa7e33d73809f1f925f7d07c506cbd,14,1693.42,1507.0,186.42,120.95857142857143,6.173520998677248,0.0,4.714285714285714,0.07142857142857142,0.2857142857142857,317.73892362663815,0.1268422796253948,SP,santo andre,low_volume,low_volume,low_volume__low_volume
0ebd97a106433a45a4aebe57c1799778,31,3661.6800000000003,3046.8,614.88,118.11870967741936,9.436748805256869,0.0,4.483870967741935,0.06451612903225806,0.7741935483870968,795.1754633588238,0.17161844398360196,MG,contagem,standard_value,standard_risk,standard_value__standard_risk
0ec28cec4046a4a199b6de9b4c891d97,3,352.64,296.6,56.04,117.54666666666667,10.472314814814816,0.0,5.0,0.0,0.6666666666666666,541.0895415540557,0.1807089055968161,GO,goiania,low_volume,low_volume,low_volume__low_volume
0ed6ce5d87fd9c69eaacaeb778d67235,42,2795.22,2126.43,668.79,66.55285714285714,15.209440210027099,0.11904761904761904,4.404761904761905,0.047619047619047616,0.7380952380952381,534.6902802498411,0.30895030397711604,SP,americana,standard_value,standard_risk,standard_value__standard_risk
0ee4fb99ac55ffbbc98795aa01b7f8fa,1,70.92999999999999,59.9,11.03,70.92999999999999,6.882916666666667,0.0,5.0,0.0,0.0,4.911711852735061,0.1555054278866488,SP,santana de parnaiba,low_volume,low_volume,low_volume__low_volume
0ef83d7d83ed97cd2a0049ac8be5f88a,47,5385.56,4368.02,1017.54,114.5863829787234,9.70763371749409,0.02127659574468085,4.148936170212766,0.19148936170212766,0.851063829787234,514.8314756969972,0.2056973296153668,PR,curitiba,standard_value,high_risk,standard_value__high_risk
0f0c984a4a955310903b6b6008660bad,4,481.38,369.81,111.57,120.345,14.240300925925926,0.25,3.75,0.25,0.5,781.1689531962968,0.23259977841832535,SP,franca,low_volume,low_volume,low_volume__low_volume
0f519b0d2e5eb2227c93dd25038bfc01,1,102.9,79.9,23.0,102.9,12.271921296296297,0.0,5.0,0.0,1.0,2287.3012815178563,0.22351797862001943,SP,ibitinga,low_volume,low_volume,low_volume__low_volume
0f7eea709efdf942b5f95c7516dbacd7,3,240.06,195.74,44.32,80.02,8.043919753086419,0.0,4.0,0.0,0.3333333333333333,546.9880595228389,0.2337524182110924,SP,pedrinhas paulista,low_volume,low_volume,low_volume__low_volume
0f80a40c312b2472dca482cf50f5186f,1,150.0,129.9,20.1,150.0,5.3246064814814815,0.0,3.0,0.0,1.0,881.4852779686516,0.134,SP,lencois paulista,low_volume,low_volume,low_volume__low_volume
0f94588695d71662beec8d883ffacf09,1,27.59,9.0,18.59,27.59,14.88715277777778,0.0,5.0,0.0,1.0,1319.0906182208896,0.673794853207684,SC,florianopolis,low_volume,low_volume,low_volume__low_volume
0fe2d9733ed841eb064503920015a8c0,3,498.35,389.64,108.71000000000001,166.11666666666667,8.665925925925926,0.0,4.666666666666667,0.0,1.0,1086.1993405368155,0.21544573607847162,SP,ourinhos,low_volume,low_volume,low_volume__low_volume
0ff83046c3fa22efee8ecf291888b191,10,1023.38,768.9000000000001,254.48000000000002,102.338,12.543672453703703,0.0,4.8,0.0,0.9,1283.1398019377543,0.24424800186922052,RS,caxias do sul,low_volume,low_volume,low_volume__low_volume
0ffa40d54288e4f3499b8780dd0f144f,33,2746.47,2162.8,583.67,83.22636363636363,13.538299312570146,0.15151515151515152,4.484848484848484,0.09090909090909091,0.7272727272727273,887.4807505920425,0.24836189388891955,SP,presidente prudente,standard_value,standard_risk,standard_value__standard_risk
10076e5788b8ee532724bcd460baf762,23,1198.78,821.48,377.29999999999995,52.12086956521739,10.034619565217392,0.043478260869565216,4.565217391304348,0.043478260869565216,0.5652173913043478,462.4734558039515,0.32643326970759995,SP,batatais,low_volume,low_volume,low_volume__low_volume
10089e9f2fd0c668a8fd4e52e1698888,3,1199.31,1139.9,59.41,399.77,7.632048611111112,0.0,4.333333333333333,0.0,0.3333333333333333,332.9665036641155,0.050207233771302456,SP,sao jose do rio preto,low_volume,low_volume,low_volume__low_volume
101921376b577a4540dc30e9009133ca,1,394.49,373.0,21.49,394.49,,0.0,2.0,1.0,0.0,280.69494095701464,0.05447539861593449,SP,rio claro,low_volume,low_volume,low_volume__low_volume
101a3a003516bc11253298b2fad3cb65,5,524.0,450.0,74.0,104.8,6.493062499999999,0.0,4.8,0.0,0.2,323.7623675918461,0.19326685185795694,SP,rio claro,low_volume,low_volume,low_volume__low_volume
1025f0e2d44d7041d6cf58b6550e0bfa,907,171603.66,137939.79,33663.87,189.19918412348403,12.30533704678903,0.10033076074972437,3.992282249173098,0.175303197353914,0.6460859977949284,591.1070452545129,0.21574780642633723,SP,sao paulo,high_value,standard_risk,high_value__standard_risk
10264f60a8f0a4d2f30810f5c661c673,4,326.46000000000004,284.6,41.86,81.61500000000001,4.128816550925926,0.0,5.0,0.0,0.25,146.74285048496523,0.12523508460627045,SP,campinas,low_volume,low_volume,low_volume__low_volume
1099a00e0ee3a50935e6c2447ca090c5,3,910.8299999999999,849.6999999999999,61.129999999999995,303.60999999999996,15.039498456790126,0.3333333333333333,3.6666666666666665,0.3333333333333333,0.3333333333333333,520.3346034447926,0.06636157150315551,RJ,rio de janeiro,low_volume,low_volume,low_volume__low_volume
10cdd491d1dbea8fb4ead97b19c334ce,3,287.76,208.9,78.86,95.92,7.089984567901236,0.0,5.0,0.0,1.0,828.2253789638303,0.2722289856544433,MG,santa rita do sapucai,low_volume,low_volume,low_volume__low_volume
10ff823eda2b032e2c93d17a7d294736,9,1459.53,1294.97,164.56,162.17,9.76951244212963,0.0,3.888888888888889,0.2222222222222222,0.4444444444444444,421.18811698102115,0.12654594701047478,SP,pederneiras,low_volume,low_volume,low_volume__low_volume
112453736dbe3889cfb74e1aaa0ba0c1,7,2154.77,1890.0,264.77,307.82428571428574,13.33525958994709,0.0,4.142857142857143,0.14285714285714285,0.7142857142857143,714.4767959667323,0.1217489445002586,SP,sao paulo,low_volume,low_volume,low_volume__low_volume
1127b7f2594683f2510f1c2c834a486b,114,8673.04,6851.33,1821.71,76.07929824561404,9.352086279461279,0.02631578947368421,4.087719298245614,0.17543859649122806,0.543859649122807,476.3953383525999,0.2849583941194803,SP,campinas,standard_value,standard_risk,standard_value__standard_risk
11305281b50fff20ae8bb473f8e11876,35,7973.21,6528.7,1444.51,227.806,13.579183531746033,0.11428571428571428,4.314285714285714,0.08571428571428572,0.8285714285714286,481.4247792236554,0.18988167609602558,MG,uba,standard_value,standard_risk,standard_value__standard_risk
113e3a788b935f48aad63e1c41dac1bd,38,1509.53,838.03,671.5,39.72447368421052,13.095106298732944,0.05263157894736842,4.315789473684211,0.05263157894736842,0.5263157894736842,507.91963981213473,0.49238556229840075,SP,aparecida,standard_value,standard_risk,standard_value__standard_risk
116ccb1a1604bc88e4d234a8c23f33de,61,2948.33,2004.89,943.4399999999999,48.33327868852459,9.046577868852458,0.06557377049180328,4.639344262295082,0.03278688524590164,0.47540983606557374,362.21993906628484,0.3751377437336196,SP,sao bernardo do campo,standard_value,standard_risk,standard_value__standard_risk
11742f81550ac064cc9a40f67151d9ad,2,831.01,781.9,49.11,415.505,9.095063657407408,0.0,5.0,0.0,0.0,309.24807682147616,0.059233087579450616,SP,catanduva,low_volume,low_volume,low_volume__low_volume
117cfc326c6d50da67ca858ff5c0c852,5,536.08,454.6,81.47999999999999,107.21600000000001,6.073467592592593,0.0,4.6,0.0,0.6,237.00216341705504,0.15291494420048243,RJ,sao joao de meriti,low_volume,low_volume,low_volume__low_volume
11938fcc75f6902fea1d0a6f72b54a57,2,737.1400000000001,594.98,142.16,368.57000000000005,22.36358796296296,0.0,3.0,0.5,0.5,746.8766039732596,0.19047338984043677,SC,sao miguel d'oeste,low_volume,low_volume,low_volume__low_volume
119c7f1a00ef43fad0e57604e76a747c,2,206.82,189.8,17.02,103.41,5.977835648148148,0.0,4.5,0.0,0.0,25.905338515948948,0.1106166123197421,SP,sao paulo,low_volume,low_volume,low_volume__low_volume
119d1aef1b4144adba89163f6cd9f5d4,4,1298.24,1094.0,204.24,324.56,4.477740162037037,0.0,4.75,0.0,0.0,110.62682624836357,0.1565246441717156,SP,pedreira,low_volume,low_volume,low_volume__low_volume
11bfa66332777660bd0640ee84d47006,76,5608.54,3925.87,1682.6699999999998,73.79657894736842,16.52767665692008,0.15789473684210525,3.8947368421052633,0.23684210526315788,0.6052631578947368,626.7147115833038,0.4186175500862356,SP,ribeirao preto,standard_value,high_risk,standard_value__high_risk
11d4c477d09821164bca4f70a2eae031,3,140.86,83.04,57.81999999999999,46.95333333333334,6.984386574074073,0.0,5.0,0.0,0.0,288.685918384959,0.4196619827421258,SP,ribeirao preto,low_volume,low_volume,low_volume__low_volume
11eac105f3f90a9b87b19c89d91e24f3,5,927.8299999999999,802.89,124.94,185.56599999999997,9.12383101851852,0.0,3.6,0.2,0.6,282.423447760952,0.13620899490079968,SP,sao paulo,low_volume,low_volume,low_volume__low_volume
11fb6f6d341adbe19e81733701704635,3,1596.6599999999999,1197.0,399.65999999999997,532.2199999999999,5.362199074074074,0.0,5.0,0.0,0.6666666666666666,451.3402814809172,0.24783367158751415,SP,sao paulo,low_volume,low_volume,low_volume__low_volume
120476eb7a04c149d14772edaf5d9bf2,4,2519.63,2368.8,150.83,629.9075,7.798266782407407,0.0,4.25,0.0,0.75,633.9671547868155,0.10893339566461963,RJ,angra dos reis,low_volume,low_volume,low_volume__low_volume
1284de4ae8aa26997e748c851557cf0e,3,1546.8400000000001,1459.97,86.86999999999999,515.6133333333333,19.269425154320988,0.0,2.6666666666666665,0.6666666666666666,1.0,1153.1243325228215,0.05826792278914861,SP,laranjeiras do sul,low_volume,low_volume,low_volume__low_volume
128639473a139ac0f3e5f5ade55873a5,527,21479.3,11798.449999999999,9680.85,40.757685009487666,14.371278057688208,0.06261859582542695,4.185958254269449,0.11195445920303605,0.8804554079696395,741.6238638569739,0.44962130172948384,PR,maringa,high_value,standard_risk,high_value__standard_risk
128f9bfbe4c7d5185033914b1de3d39a,14,1650.49,1277.29,373.2,117.89214285714286,11.82590811965812,0.07142857142857142,4.714285714285714,0.0,0.5714285714285714,380.25300839606064,0.24744025089921237,SP,atibaia,low_volume,low_volume,low_volume__low_volume
12a8eb0f8d1cd3270695bf2a99f55966,2,436.66999999999996,397.0,39.67,218.33499999999998,20.976712962962964,0.5,3.5,0.5,0.5,1271.9582859071759,0.09054910563263285,SP,sao paulo,low_volume,low_volume,low_volume__low_volume
12b9676b00f60f3b700e83af21824c0e,134,30080.34,26575.0,3505.34,224.48014925373135,14.890721538299664,0.014925373134328358,4.522388059701493,0.05223880597014925,0.9029850746268657,1204.2624946999285,0.11587304293409796,RS,montenegro,high_value,standard_risk,high_value__standard_risk
12c2ed9cded6138cf0c75f525f565fc7,4,366.01,314.96,51.05,91.5025,13.442248263888889,0.5,4.25,0.0,0.25,144.17500698705803,0.1674697019486123,SP,praia grande,low_volume,low_volume,low_volume__low_volume
13074f016982ff2bd6c58ced8682f000,14,3111.7000000000003,2116.0,995.7,222.26428571428573,14.887260505698006,0.2857142857142857,3.9285714285714284,0.14285714285714285,0.6428571428571429,773.5075576308849,0.2961665676822786,RS,bento goncalves,low_volume,low_volume,low_volume__low_volume
131fcb0a0c9a47bba4474aacff0f14b7,4,406.40999999999997,369.8,36.61,101.60249999999999,4.300601851851852,0.0,4.0,0.0,0.0,17.551608332860166,0.09691878173434501,SP,sao paulo,low_volume,low_volume,low_volume__low_volume
1336efc61c316ddf92c899eb817f7cae,74,6355.29,4837.31,1517.98,85.8822972972973,11.731673235735736,0.0945945945945946,4.0,0.14864864864864866,0.5135135135135135,671.1570130400863,0.27796683708743475,SP,assis,standard_value,standard_risk,standard_value__standard_risk
134285d1f41da5c13a756ee8142c8a4e,3,1653.6299999999999,1572.6999999999998,80.93,551.2099999999999,8.01778163580247,0.0,3.3333333333333335,0.3333333333333333,0.6666666666666666,635.9509766161583,0.06532389405348844,SP,sao paulo,low_volume,low_volume,low_volume__low_volume
134a288e7de827ec5ec62e3ec9c3a295,9,1004.0,877.45,126.55,111.55555555555556,9.450118312757203,0.0,4.777777777777778,0.0,0.4444444444444444,532.3926997767661,0.1560448348513544,SP,sao paulo,low_volume,low_volume,low_volume__low_volume
134b867a0f7f8bbe6abf10f91874891e,1,922.84,789.89,132.95,922.84,12.933530092592592,0.0,4.0,0.0,1.0,1996.0469392977857,0.14406614364353515,SP,valinhos,low_volume,low_volume,low_volume__low_volume
13511db12ac61e2f89c53b72a944a60b,6,1063.97,798.0,265.97,177.32833333333335,9.17029899691358,0.16666666666666666,3.5,0.3333333333333333,0.6666666666666666,683.6858279176771,0.24335141187707146,RS,caxias do sul,low_volume,low_volume,low_volume__low_volume
1352e06ae67b410cdae0b2a22361167b,3,489.65999999999997,437.0,52.66,163.22,34.307094907407404,0.6666666666666666,2.3333333333333335,0.6666666666666666,1.0,719.8730595118851,0.13244046680749547,RJ,rio de janeiro,low_volume,low_volume,low_volume__low_volume
1354d51653f645349064725ed204e85e,18,2694.72,2410.0,284.72,149.70666666666665,9.560979938271606,0.05555555555555555,3.888888888888889,0.2222222222222222,0.6111111111111112,693.7287720800027,0.13698753981074455,SP,sao paulo,low_volume,low_volume,low_volume__low_volume
138dbe45fc62f1e244378131a6801526,49,1814.8,1125.56,689.24,37.03673469387755,6.5323514266817835,0.04081632653061224,4.081632653061225,0.16326530612244897,0.3877551020408163,358.4719499267473,0.4051158755833364,SP,sao paulo,standard_value,standard_risk,standard_value__standard_risk
139157dd4daa45c25b0807ffff348363,1,37.68,29.9,7.78,37.68,1.2141782407407409,0.0,4.0,0.0,0.0,6.699232868058076,0.2064755838641189,SP,sao paulo,low_volume,low_volume,low_volume__low_volume
13c2ed7698b3ca92dad49e849219da59,8,653.29,498.61,154.68,81.66125,10.88997974537037,0.0,4.375,0.125,0.875,545.4572210221235,0.2691547848181316,PR,ponta grossa,low_volume,low_volume,low_volume__low_volume
13d058e4eeac2ce8217660b2f8a05812,23,4755.88,3829.77,926.11,206.77739130434784,11.403861531986532,0.13043478260869565,4.217391304347826,0.13043478260869565,0.391304347826087,442.61314038387883,0.18943938411311442,SP,osasco,low_volume,low_volume,low_volume__low_volume
13d95f0f6f73943d4ceffad0fc2cd32c,1,309.32,249.99,59.33,309.32,22.338900462962965,1.0,3.0,0.0,1.0,830.0986429199824,0.19180783654467864,GO,goiania,low_volume,low_volume,low_volume__low_volume
13dd308f81fea30cc670c656b2b46cc3,3,151.14,117.69999999999999,33.440000000000005,50.379999999999995,3.6380208333333335,0.3333333333333333,5.0,0.0,0.3333333333333333,231.55931612899494,0.21395951224417709,SP,santa barbara d'oeste,low_volume,low_volume,low_volume__low_volume
13e85aac53340018b40c2af68001b7e0,1,31.92,17.8,14.12,31.92,17.718125,0.0,5.0,0.0,0.0,97.53462326121009,0.4423558897243107,SP,pedreira,low_volume,low_volume,low_volume__low_volume
13f57c12a00ed4610db646b913a7f5c6,7,821.1500000000001,645.2,175.95,117.30714285714286,12.374728835978837,0.14285714285714285,4.857142857142857,0.0,0.42857142857142855,448.3363958704268,0.20298661262091341,SP,santos,low_volume,low_volume,low_volume__low_volume
13fa2a6c6b9d0f43cb588d7c82117a12,9,4719.44,4528.0,191.44,524.3822222222221,21.192283950617284,0.3333333333333333,4.111111111111111,0.1111111111111111,0.7777777777777778,737.308200744797,0.04178022084806346,SP,sao paulo,low_volume,low_volume,low_volume__low_volume
141440cad9341e553f8401c574a2aa38,11,1579.0,1288.2,290.8,143.54545454545453,6.661177398989898,0.0,4.454545454545454,0.09090909090909091,0.8181818181818182,603.806169353128,0.21503055711506527,PR,pitanga,low_volume,low_volume,low_volume__low_volume
1430239a858e7682bbc43b20758af153,18,929.54,660.79,268.75,51.64111111111111,7.671258850762528,0.0,4.111111111111111,0.1111111111111111,0.4444444444444444,335.9361741224077,0.3099994751565207,SP,sao paulo,low_volume,low_volume,low_volume__low_volume
1444c08e64d55fb3c25f0f09c07ffcf2,1,2818.74,2749.0,69.74,2818.74,10.39494212962963,0.0,1.0,1.0,1.0,1465.9455109761884,0.024741551189538587,BA,lauro de freitas,low_volume,low_volume,low_volume__low_volume
1464afc72f696af775557a821c2e253f,29,1513.78,1059.36,454.42,52.19931034482759,11.55180316091954,0.034482758620689655,4.241379310344827,0.10344827586206896,0.7241379310344828,549.8069246019837,0.3024004384907054,RJ,nova friburgo,low_volume,low_volume,low_volume__low_volume
14a08204d03bb6b6bde8029f801ae0eb,28,2779.1,2185.4,593.7,99.25357142857142,8.836558366402116,0.0,3.892857142857143,0.17857142857142858,0.5714285714285714,712.7373746208071,0.2781167377925871,SP,sao paulo,low_volume,low_volume,low_volume__low_volume
14d7985702e72162bbf13b6beb74ab2b,37,4441.0,3887.0,554.0,120.02702702702703,11.058064314314315,0.13513513513513514,4.324324324324325,0.08108108108108109,0.5405405405405406,391.0274696305709,0.14343839103697203,SP,santo andre,standard_value,standard_risk,standard_value__standard_risk
14ee35374a7876217954b5fa08e50463,6,923.05,809.0,114.05,153.84166666666667,17.1668074845679,0.16666666666666666,4.333333333333333,0.0,0.6666666666666666,452.15896599041884,0.12359949403639377,SP,sao jose do rio preto,low_volume,low_volume,low_volume__low_volume
14f2b3587172b9db894c9bad8dab520b,2,330.06,244.0,86.06,165.03,14.027887731481481,0.0,2.5,0.5,0.5,526.0558425391846,0.24428810436990667,RS,ipe,low_volume,low_volume,low_volume__low_volume
152ee17e4c8aaf53dac99f3462e4999b,6,404.93,308.96000000000004,95.97,67.48833333333333,10.735235339506174,0.0,4.333333333333333,0.0,0.8333333333333334,497.59435782702616,0.29560751872008834,SC,garuva,low_volume,low_volume,low_volume__low_volume
154bdf805377afea75a3bd158e9eab10,1,109.72,89.9,19.82,109.72,24.920844907407407,1.0,1.0,1.0,1.0,566.4039101118841,0.18064163324826832,SP,ibitinga,low_volume,low_volume,low_volume__low_volume
1554a68530182680ad5c8b042c3ab563,245,35420.19,28690.33,6729.86,144.57220408163266,14.088925129022465,0.0653061224489796,4.318367346938776,0.10612244897959183,0.9102040816326531,560.0009922714869,0.2195740779048862,MG,monte siao,high_value,standard_risk,high_value__standard_risk
157c3e4b42f81ac4a44e8b1ca2fe9876,23,3131.82,2548.5,583.32,136.16608695652175,10.97985809178744,0.08695652173913043,3.6956521739130435,0.21739130434782608,0.6956521739130435,494.5975631975154,0.21850053044104256,SP,sao paulo,low_volume,low_volume,low_volume__low_volume
1588ac4010787100dddef64568f0ae35,3,645.97,599.97,46.0,215.32333333333335,19.871010802469137,0.0,3.0,0.3333333333333333,1.0,529.2517910808646,0.0711774559912771,PR,maringa,low_volume,low_volume,low_volume__low_volume
15aac934c58d886785ac1b17953ea898,25,5019.6,4353.9,665.7,200.78400000000002,14.308052314814816,0.12,4.24,0.08,1.0,844.1331030693989,0.274231291910222,ES,muqui,low_volume,low_volume,low_volume__low_volume
15ac3c501e2599e4917316fde5c5669a,1,195.81,144.2,51.61,195.81,,0.0,1.0,1.0,0.0,468.9331015708119,0.2635718298350442,SP,sao paulo,low_volume,low_volume,low_volume__low_volume
15aec03fe4cf30dfa574cf550f5ff5ff,1,39.86,28.9,10.96,39.86,,0.0,1.0,1.0,0.0,62.18455157332092,0.27496236828901155,RJ,rio de janeiro,low_volume,low_volume,low_volume__low_volume
15b3b1b81484422eb41df68ac87f1f50,2,102.89,78.35,24.54,51.445,14.62960648148148,0.0,1.0,1.0,0.0,310.3510906231221,0.23969014737910183,SP,bauru,low_volume,low_volume,low_volume__low_volume
15cd6eefe58588619aaed41dfa6621b1,16,2188.8599999999997,1622.74,566.12,136.80374999999998,15.088155381944444,0.0625,4.25,0.1875,0.9375,669.1262926542139,0.3063374199660951,MG,ouro preto,low_volume,low_volume,low_volume__low_volume
15ead3a5037a918ddb520dfe39a3d2b9,7,433.95,275.5,158.45,61.99285714285714,17.651520061728394,0.14285714285714285,4.285714285714286,0.14285714285714285,1.0,599.7622735846279,0.41241902699466787,MG,conselheiro lafaiete,low_volume,low_volume,low_volume__low_volume
15fa791d5e017f66402dc28c44480657,8,1983.29,1802.0,181.29,247.91125,11.574577546296297,0.125,4.25,0.125,0.5,274.5126808444523,0.12582921296587707,SP,sao paulo,low_volume,low_volume,low_volume__low_volume
160851d3ece7aa1a510f8d1a4bb8a8af,2,141.14999999999998,102.05,39.099999999999994,70.57499999999999,5.577158564814814,0.0,5.0,0.0,1.0,507.6310550896355,0.27794864281663917,SP,garca,low_volume,low_volume,low_volume__low_volume
16090f2ca825584b5a147ab24aa30c86,400,31061.09,25633.15,5427.94,77.652725,9.209178912972316,0.1075,4.06,0.14,0.4475,361.6269725718732,0.2587651425779261,SP,atibaia,high_value,standard_risk,high_value__standard_risk
160e4f13fd3a64b1b86807be88b5ffb0,4,980.45,886.0,94.45,245.1125,14.298266782407408,0.0,4.25,0.25,1.0,621.9176145651697,0.09476097319812571,PR,colombo,low_volume,low_volume,low_volume__low_volume
164a5a8794e6d42e14f55e447b12a3bc,1,136.76,73.99,62.77,136.76,13.407523148148147,0.0,5.0,0.0,1.0,2798.843690278643,0.4589792336940626,PR,guaira,low_volume,low_volume,low_volume__low_volume
165b1235e9e9942cb5fae67103576fb0,11,2489.8,2085.15,404.65,226.34545454545457,7.830222011784511,0.09090909090909091,4.363636363636363,0.0,0.45454545454545453,374.1002954783299,0.26664568866995536,SP,ribeirao preto,low_volume,low_volume,low_volume__low_volume
165fc07beebdcb6190fba8a06db2a449,50,19081.43,17481.4,1600.03,381.6286,12.976118981481482,0.12,3.8,0.22,0.94,826.2936671909624,0.12352377212136596,PR,maringa,high_value,high_risk,high_value__high_risk
1660ad786c27fd935378b6192a90b417,12,1818.28,1570.0,248.28,151.52333333333334,8.986636766975309,0.08333333333333333,4.583333333333333,0.08333333333333333,0.5833333333333334,811.1826717476671,0.143044768317512,SP,sao bernardo do campo,low_volume,low_volume,low_volume__low_volume
166e8f1381e09651983c38b1f6f91c11,2,109.0,78.8,30.2,54.5,14.728483796296295,0.0,5.0,0.0,1.0,604.7203441149147,0.27708754208754205,SC,imbituba,low_volume,low_volume,low_volume__low_volume
167fd940acebc789debd6eb418c46e38,5,1178.48,1077.58,100.9,235.696,15.500854166666667,0.2,3.0,0.4,0.4,375.39909006332397,0.13371967618124486,SP,franca,low_volume,low_volume,low_volume__low_volume
1690cada046eb7e92c12f98b1f8a8167,11,2211.38,1959.0,252.38,201.03454545454545,7.352841435185185,0.09090909090909091,4.545454545454546,0.09090909090909091,0.45454545454545453,676.995310842751,0.11253320643893239,SP,sao paulo,low_volume,low_volume,low_volume__low_volume
16bdc8cefd0e32a6f0824d296c5ad14a,1,61.08,41.76,19.32,61.08,9.31684027777778,0.0,5.0,0.0,1.0,398.74729030775524,0.3163064833005894,SP,sp,low_volume,low_volume,low_volume__low_volume
1703bc09972dab9782e7a9194943b69f,1,356.11,249.9,106.21,356.11,12.12505787037037,0.0,5.0,0.0,1.0,1769.7345955998417,0.2982505405633091,MG,minas gerais,low_volume,low_volume,low_volume__low_volume
1710c3aaa9c6b44ec3883ee0fe300e21,2,1226.55,1188.9,37.650000000000006,613.275,6.127557870370371,0.0,5.0,0.0,0.5,483.98130523505716,0.03728682225738903,SP,sao caetano do sul,low_volume,low_volume,low_volume__low_volume
17306570e772e7718c92a562d33f5f1d,29,10600.63,9669.8,930.83,365.53896551724137,14.355489111796983,0.06896551724137931,3.6206896551724137,0.2413793103448276,0.5862068965517241,563.7369065812974,0.09317387177636896,SP,bariri,low_volume,low_volume,low_volume__low_volume
173d56ffbd4c56cb80fc3615487d712b,2,397.61,358.0,39.61,198.805,6.838940972222222,0.0,5.0,0.0,0.5,440.75754492886335,0.09920953100902033,SP,sao vicente,low_volume,low_volume,low_volume__low_volume
1746c1ae87ac63d530c7c943d0ac42e2,1,252.35,229.9,22.45,252.35,23.02140046296296,0.0,5.0,0.0,1.0,491.2161075715516,0.08896374083614028,SP,santana de parnaiba,low_volume,low_volume,low_volume__low_volume
1771297ac436903d1dd6b0e9279aa505,27,3396.7400000000002,2833.2200000000003,563.52,125.8051851851852,9.519086934156379,0.037037037037037035,4.62962962962963,0.0,0.7037037037037037,531.3341191880002,0.24867480277549792,SP,guarulhos,low_volume,low_volume,low_volume__low_volume
1782ce2db72c3dda627d5e7c898104e1,9,2218.17,2010.8,207.37,246.46333333333334,29.349214248971194,0.1111111111111111,4.333333333333333,0.0,0.8888888888888888,1379.1935706773484,0.09431526387644779,SP,taboao da serra,low_volume,low_volume,low_volume__low_volume
17908cf9b444ee34047cadd5c0f4a516,11,2495.41,1993.99,501.42,226.85545454545453,18.88040298821549,0.09090909090909091,4.545454545454546,0.0,1.0,1157.813213049105,0.20901348682167,GO,anapolis,low_volume,low_volume,low_volume__low_volume
17998cf586426bf0f2c3726cb0a4b211,2,115.52,69.8,45.72,57.76,8.385243055555556,0.0,4.0,0.0,1.0,1174.360958118319,0.42257842550204966,MG,belo horizonte,low_volume,low_volume,low_volume__low_volume
179d859f51292aac5c10806a356f7af9,18,800.27,404.46999999999997,395.8,44.45944444444444,8.988954475308642,0.16666666666666666,4.388888888888889,0.05555555555555555,0.7777777777777778,775.0819613631317,0.45646116715086393,SP,ribeirao pires,low_volume,low_volume,low_volume__low_volume
17a053fcb14bd219540cbde0df490be0,123,48803.11,40083.34,8719.77,396.7732520325203,11.792377997874924,0.07317073170731707,4.227642276422764,0.10569105691056911,0.4796747967479675,527.2939100039562,0.1736446088785442,SP,mogi guacu,high_value,standard_risk,high_value__standard_risk
17adeba047385fb0c67d8e90b4296d21,1,1097.31,809.6999999999999,287.61,1097.31,,0.0,1.0,1.0,1.0,491.26561928425804,0.262104601252153,SP,guarulhos,low_volume,low_volume,low_volume__low_volume
17ca9b9e9b9ef8fdb529001b49ebb50f,116,12120.72,9754.83,2365.89,104.48896551724137,8.242504428341384,0.02586206896551724,4.043103448275862,0.14655172413793102,0.8275862068965517,545.8354700462664,0.23476999083352007,MG,betim,standard_value,standard_risk,standard_value__standard_risk
17e34d8224d27a541263c4c64b11a56b,253,58419.47,53376.15,5043.32,230.90699604743082,14.250157927059712,0.08300395256916997,4.1857707509881426,0.12648221343873517,0.5731225296442688,630.2566560610112,0.12485456913428533,SP,riberao preto,high_value,standard_risk,high_value__standard_risk
17eea220a40cc0d2c0c5346379682398,4,1512.99,1414.98,98.01,378.2475,25.364583333333332,0.5,3.75,0.25,1.0,1575.3514544752554,0.08272629678603421,SP,sao paulo,low_volume,low_volume,low_volume__low_volume
17f51e7198701186712e53a39c564617,56,57812.43,48019.0,9793.43,1032.3648214285715,23.242452256944443,0.08928571428571429,4.339285714285714,0.08928571428571429,0.6607142857142857,889.8901045849817,0.16876961518901673,SP,sao paulo,high_value,standard_risk,high_value__standard_risk
180c3376aff0e43dd5788709df48a843,5,4722.97,4513.0,209.97,944.594,20.710101851851853,0.2,4.4,0.2,0.8,1328.0014977685191,0.0919420181488335,SP,sao paulo,low_volume,low_volume,low_volume__low_volume
1835b56ce799e6a4dc4eddc053f04066,420,41767.450000000004,33127.270000000004,8640.18,99.44630952380953,13.226554672123815,0.11666666666666667,3.6345238095238095,0.24761904761904763,0.5095238095238095,488.9374443375495,0.23542978166027825,SP,ibitinga,high_value,high_risk,high_value__high_risk
1838dd9b8977065acf51d95e0053ea7a,64,4075.88,2820.2999999999997,1255.58,63.685625,12.791684961170848,0.046875,4.265625,0.140625,0.84375,779.3959638032264,0.31731499243134387,MG,belo horizonte,standard_value,standard_risk,standard_value__standard_risk
184725737946a1a938bbbd1a9e978103,3,403.57000000000005,359.70000000000005,43.870000000000005,134.52333333333334,8.57604938271605,0.0,4.666666666666667,0.0,0.6666666666666666,445.0595482458025,0.1091101860395538,SP,maua,low_volume,low_volume,low_volume__low_volume
184a67a8f9f63234d3a92340bbdb727f,8,477.0,268.65999999999997,208.34,59.625,17.62088458994709,0.0,3.875,0.25,1.0,1018.8730375887511,0.43802542658823845,SC,joinville,low_volume,low_volume,low_volume__low_volume
186cdd1b2df32caa72cfb410bba768d3,6,1609.73,1341.45,268.28000000000003,268.28833333333336,8.898485725308642,0.0,5.0,0.0,0.8333333333333334,477.1642990239599,0.20364472229474528,SC,rio negrinho,low_volume,low_volume,low_volume__low_volume
189ca3538ce9f920cacf0f982cbe223b,4,481.67,419.0,62.67,120.4175,4.121629050925926,0.0,4.25,0.25,0.0,42.37958405365265,0.22621541911840093,SP,sao paulo,low_volume,low_volume,low_volume__low_volume
18a349e75d307f4b4cc646a691ed4216,120,10862.33,8679.53,2182.8,90.51941666666667,11.148823195301784,0.058333333333333334,3.441666666666667,0.31666666666666665,0.575,468.6000745374456,0.26018453835452127,SP,sao paulo,standard_value,high_risk,standard_value__high_risk
18e694e0e48ed6f7aa3f24aade5fd697,31,1205.77,701.54,504.23,38.895806451612906,6.011871266427717,0.03225806451612903,4.67741935483871,0.0,0.2903225806451613,237.57508551772074,0.41859080806346677,SP,varzea paulista,standard_value,standard_risk,standard_value__standard_risk
1900267e848ceeba8fa32d80c1a5f5a8,404,32671.08,24644.76,8026.32,80.86900990099011,13.155308438921379,0.10148514851485149,3.842821782178218,0.19554455445544555,0.5173267326732673,516.3373346267254,0.26849127250607346,SP,ibitinga,high_value,high_risk,high_value__high_risk
191d55f7edb8524d525ed01b20fe32e8,3,812.8,747.0,65.8,270.93333333333334,22.529178240740745,0.3333333333333333,2.3333333333333335,0.6666666666666666,0.6666666666666666,895.6892723259685,0.07898192131510005,DF,brasilia,low_volume,low_volume,low_volume__low_volume
1927cdb9fa74f5270097f6250e8e8f34,1,178.92000000000002,120.0,58.92,178.92000000000002,8.128900462962964,0.0,5.0,0.0,1.0,920.7528400964173,0.329309188464118,SP,marilia,low_volume,low_volume,low_volume__low_volume
19484c79cef6c062cb177aa4ef2fcc3c,1,212.06,201.9,10.16,212.06,21.42582175925926,1.0,1.0,1.0,0.0,129.8193345566576,0.047910968593794206,SP,valinhos,low_volume,low_volume,low_volume__low_volume
1961c3e1272bfeceb05d0b78b5bbfdaf,3,945.43,896.0,49.43,315.1433333333333,6.7361921296296305,0.0,3.3333333333333335,0.3333333333333333,0.3333333333333333,269.5613624428584,0.05546997778558402,SP,guarulhos,low_volume,low_volume,low_volume__low_volume
1967a9e2ad6f51802b093147d861df58,2,425.76,380.0,45.760000000000005,212.88,,0.0,1.0,1.0,1.0,1477.184120218665,0.10704126876226512,SP,sao paulo,low_volume,low_volume,low_volume__low_volume
1976a05ecf2996d6ffb7b5430e635fe7,8,2190.66,1796.2,394.46000000000004,273.8325,17.625846354166665,0.25,3.875,0.25,0.75,1068.2755108945594,0.17975710581184878,SP,assis,low_volume,low_volume,low_volume__low_volume
1987cd4be10fe09ee50454f9c354d1c6,14,3135.23,2877.7,257.53000000000003,223.945,15.318574735449735,0.07142857142857142,4.357142857142857,0.07142857142857142,0.8571428571428571,533.3440099228753,0.10046678814832509,MG,ouro fino,low_volume,low_volume,low_volume__low_volume
198c7ea11960a9844b544d9bcdca860c,25,2225.38,1733.75,491.63,89.01520000000001,14.513364814814816,0.12,3.88,0.24,0.88,630.024290327521,0.3313537082307239,MG,jacutinga,low_volume,low_volume,low_volume__low_volume
1992f8fb6b19fcccd97ca819811e7267,1,40.02,28.8,11.22,40.02,,0.0,1.0,1.0,0.0,8.780429826318782,0.280359820089955,SP,sao paulo,low_volume,low_volume,low_volume__low_volume
1996942dc085d7773ba77a529b163cd0,10,3183.43,2943.51,239.92,318.34299999999996,11.793770576131687,0.0,3.9,0.2,0.6,1003.2764157160711,0.08787046721318006,SP,pradopolis,low_volume,low_volume,low_volume__low_volume
19a7c9f66ffa6452ff4b4c0cca71da27,1,338.74,279.0,59.74,338.74,25.18634259259259,0.0,5.0,0.0,1.0,2072.381407803973,0.17635944972545314,PR,itaipulandia,low_volume,low_volume,low_volume__low_volume
19d62d484cba71963c93f0f00ab42013,1,162.59,139.9,22.69,162.59,13.946666666666667,0.0,4.0,0.0,1.0,787.332292338309,0.13955347807368226,SC,gaspar,low_volume,low_volume,low_volume__low_volume
19e0f40a907ec568c34bfac15de4f4a1,4,219.62,178.0,41.620000000000005,54.905,5.835399305555556,0.0,5.0,0.0,0.25,178.34572242959283,0.1871509417548373,SP,americana,low_volume,low_volume,low_volume__low_volume
1a3df491d1c4f1589fc2b934ada68bf2,167,27594.12,23302.7,4291.42,165.23425149700597,14.842359664351852,0.05389221556886228,4.188622754491018,0.11377245508982035,0.9161676646706587,650.8642541194024,0.1615154762167253,SC,joinville,high_value,standard_risk,high_value__standard_risk
1a6245add4353f18ed55138808906979,1,39.34,30.0,9.34,39.34,,0.0,3.0,1.0,0.0,17.39552311868732,0.23741738688357902,SP,sao bernardo do campo,low_volume,low_volume,low_volume__low_volume
1a8e2d9c38b84a9702ac7922924b0573,1,97.0,80.0,17.0,97.0,15.598125,0.0,5.0,0.0,1.0,735.2251981829115,0.17525773195876287,SC,araquari,low_volume,low_volume,low_volume__low_volume
1a932caad4f9d804097d7f8e615baed1,20,5701.45,4661.0,1040.45,285.0725,9.542867476851852,0.2,3.9,0.2,0.45,560.6268061076438,0.18782327031746585,SP,sao paulo,low_volume,low_volume,low_volume__low_volume
1acde099eb406aa220b1169b188b42da,9,458.5,311.1,147.4,50.94444444444444,12.07942772633745,0.0,4.222222222222222,0.1111111111111111,0.5555555555555556,614.748109881029,0.4051550864714635,SP,sao paulo,low_volume,low_volume,low_volume__low_volume
1b0b0f4f95e962d6f32fe90c759d0479,2,163.17000000000002,139.8,23.37,81.58500000000001,9.46238425925926,0.0,5.0,0.0,0.5,380.9321847271226,0.14125749495939022,SP,sao paulo,low_volume,low_volume,low_volume__low_volume
1b1ae47a313a825a7ccceb8e2e30fa9d,10,2133.51,1904.0,229.51,213.35100000000003,11.188170010288067,0.0,3.9,0.3,0.9,554.0783752069079,0.11130789938435112,PR,bocaiuva do sul,low_volume,low_volume,low_volume__low_volume
1b45169b635ef59425637e9a33eb5fb3,7,419.35,308.9,110.45,59.90714285714286,7.974323743386243,0.0,4.571428571428571,0.14285714285714285,1.0,544.423717141589,0.2956593150342899,PR,maringa,low_volume,low_volume,low_volume__low_volume
1b4b28463457a256e9a784ebe2a8f630,1,715.3399999999999,699.42,15.92,715.3399999999999,14.144814814814817,1.0,1.0,1.0,0.0,190.6027809655642,0.022255151396538712,SP,piracicaba,low_volume,low_volume,low_volume__low_volume
1b4c3a6f53068f0b6944d2d005c9fc89,112,17676.28,14661.300000000001,3014.98,157.82392857142855,14.586618792087544,0.0625,4.214285714285714,0.10714285714285714,0.9464285714285714,975.387969344675,0.18979900402030944,SC,sao ludgero,standard_value,standard_risk,standard_value__standard_risk
1b61fb1f0f2185d89e9a126c498e9cc7,1,65.81,49.7,16.11,65.81,11.358564814814814,0.0,5.0,0.0,1.0,245.30672969420706,0.2447956237653852,PR,maringa,low_volume,low_volume,low_volume__low_volume
1b65c144b17e607c0f37f10bb7dfec8d,5,1254.3500000000001,1109.5,144.85,250.87000000000003,8.770837962962963,0.0,2.0,0.6,1.0,717.6936894268086,0.12820544001672504,SC,rio do sul,low_volume,low_volume,low_volume__low_volume
1b7e5006cb25dd23ce8686691013b121,11,2785.96,2636.74,149.22,253.26909090909092,15.486682449494952,0.18181818181818182,4.363636363636363,0.09090909090909091,0.5454545454545454,700.6523738789629,0.08465630603564249,SP,sao paulo,low_volume,low_volume,low_volume__low_volume
1b8356dabde1d35e17cef975c3f82730,56,4413.61,3426.39,987.22,78.81446428571428,10.540133417508416,0.017857142857142856,4.160714285714286,0.10714285714285714,0.6964285714285714,634.0369496119129,0.24575517377780934,SP,sao paulo,standard_value,standard_risk,standard_value__standard_risk
1b8b75e227c9a9c100d0c210fb6176ce,19,2195.61,1914.8300000000002,280.78000000000003,115.55842105263159,14.996113425925925,0.05263157894736842,3.3684210526315788,0.3684210526315789,0.5789473684210527,539.9425069964044,0.147784168502352,SP,sao paulo,low_volume,low_volume,low_volume__low_volume
1b938a7ec6ac5061a66a3766e0e75f90,30,4897.83,3987.6,910.23,163.261,11.460889607279695,0.03333333333333333,4.3,0.1,0.5333333333333333,596.7282892735421,0.24536969057063912,SP,penapolis,standard_value,standard_risk,standard_value__standard_risk
1bb2bdb95f4841f1bba2c0d2cd83d3c9,80,6112.99,4982.76,1130.23,76.412375,12.417791429249762,0.075,4.6375,0.0375,0.575,433.15542853557815,0.2947175698539638,SP,sao paulo,standard_value,standard_risk,standard_value__standard_risk
1bb3812d5f0747a3ab7348f199001a10,9,1049.57,834.4000000000001,215.17,116.61888888888888,12.761235853909463,0.0,4.888888888888889,0.0,0.8888888888888888,1155.2023731423635,0.26253744890212066,SP,sao paulo,low_volume,low_volume,low_volume__low_volume
1bc2e21de46adfea6b98cc96b00f3b40,3,1142.5500000000002,1039.95,102.60000000000001,380.8500000000001,16.51103009259259,0.0,3.3333333333333335,0.3333333333333333,0.6666666666666666,294.790335924288,0.0885508950295235,SC,joinville,low_volume,low_volume,low_volume__low_volume
1c129092bf23f28a5930387c980c0dfc,200,12528.279999999999,9507.72,3020.56,62.6414,11.71327645170296,0.055,4.235,0.12,0.56,451.23437817710175,0.24129421577398524,SP,sao paulo,standard_value,standard_risk,standard_value__standard_risk
1c40343cc5d18c2d8248ac2f3366de34,21,2839.42,2461.41,378.01,135.2104761904762,7.48171626984127,0.09523809523809523,4.619047619047619,0.0,0.6190476190476191,574.0858996174491,0.17264544037685847,SP,limeira,low_volume,low_volume,low_volume__low_volume
1c56ffe0e9dea2657fc6e95b53f40b13,3,267.39,183.0,84.39,89.13,6.678163580246913,0.0,4.333333333333333,0.0,0.6666666666666666,1001.8512243512192,0.2894745045854931,SP,sao carlos,low_volume,low_volume,low_volume__low_volume
1c5e4e49b9079480255b49d50aac1aa9,12,11062.72,10173.11,889.61,921.8933333333333,8.798226273148149,0.0,4.333333333333333,0.08333333333333333,0.5833333333333334,412.14755950300133,0.10226872552828221,SP,santos,low_volume,low_volume,low_volume__low_volume
1c68394e931a64f90ea236c5ea590300,142,27729.16,24832.75,2896.41,195.27577464788732,16.050927800599897,0.035211267605633804,3.9049295774647885,0.16901408450704225,0.9436619718309859,654.4183408954827,0.12989035919746172,PR,sarandi,high_value,standard_risk,high_value__standard_risk
1c742ac33582852aaf3bcfbf5893abcf,1,113.69,97.9,15.79,113.69,6.017256944444444,0.0,5.0,0.0,1.0,624.2451693965294,0.1388864455976779,MG,belo horizonte,low_volume,low_volume,low_volume__low_volume
1c83418358f249c9d6affa52d579db0e,1,39.42,24.9,14.52,39.42,10.189027777777778,0.0,5.0,0.0,1.0,511.7079979163816,0.3683409436834094,SP,sao paulo,low_volume,low_volume,low_volume__low_volume
1ca4bdb0cd7fc48e949bac066188ed26,4,1963.08,1520.0,443.08,490.77,14.298279320987653,0.25,4.5,0.0,0.5,645.6527714288188,0.21249839672563753,MG,cataguases,low_volume,low_volume,low_volume__low_volume
1ca7077d890b907f89be8c954a02686a,114,14843.130000000001,13191.57,1651.56,130.20289473684213,15.537298481308412,0.20175438596491227,2.3333333333333335,0.6140350877192983,0.49122807017543857,408.6236590645491,0.14183117893066277,SP,santana de parnaiba,standard_value,high_risk,standard_value__high_risk
1caf283236cd69af44cbc09a0a1e7d32,33,1530.25,917.6,612.65,46.371212121212125,13.810502244668912,0.09090909090909091,4.606060606060606,0.06060606060606061,0.7878787878787878,644.4098156609193,0.4209605926100979,RJ,nova iguacu,standard_value,standard_risk,standard_value__standard_risk
1cbcd2ee0afb3fc09963b87eb65e7e4f,1,130.64999999999998,90.0,40.650000000000006,130.64999999999998,4.318333333333333,0.0,5.0,0.0,0.0,431.1263873789053,0.3111366245694605,PR,curitiba,low_volume,low_volume,low_volume__low_volume
1cbd32d00d01bb8087a5eb088612fd9c,11,1289.53,1045.47,244.06,117.23,12.533015572390571,0.09090909090909091,4.181818181818182,0.09090909090909091,0.7272727272727273,831.8759490856447,0.21832917037234367,SP,sp / sp,low_volume,low_volume,low_volume__low_volume
1cbd50a8c52e6cf8e315c5709fab386f,9,1006.6600000000001,785.97,220.69,111.85111111111112,19.0249537037037,0.1111111111111111,3.7777777777777777,0.1111111111111111,1.0,1345.9320090706262,0.2854097174124738,PR,fazenda rio grande,low_volume,low_volume,low_volume__low_volume
1cbdc7cf130a41fd13a3c2a7d2fcfda7,2,225.61,165.8,59.81,112.805,8.690578703703704,0.0,5.0,0.0,0.5,353.1366103697383,0.25280032450151346,MG,lambari,low_volume,low_volume,low_volume__low_volume
1cd9e0cc1839d55516843def5600816d,5,926.72,825.0,101.72,185.344,7.781398148148147,0.0,5.0,0.0,0.6,306.63915067141625,0.11817829785727929,SP,sao paulo,low_volume,low_volume,low_volume__low_volume
1ce3ae5a399804d1a87e706f8a813c3e,40,3416.69,2563.0,853.69,85.41725,14.507188368055557,0.1,3.75,0.2,1.0,857.8637448687472,0.2680636139275011,SC,jaguaruna,standard_value,high_risk,standard_value__high_risk
1d0646a72178a6fb37ee8082140e06ec,2,97.62,61.0,36.62,48.81,7.651782407407408,0.0,5.0,0.0,1.0,414.8900313983946,0.37512804753124357,SC,joinville,low_volume,low_volume,low_volume__low_volume
1d0997ff06b524ce9289ffd75114ecd3,3,3873.57,3747.0,126.57,1291.19,17.01238425925926,0.3333333333333333,3.6666666666666665,0.3333333333333333,1.0,2495.4342097056524,0.048603281608156614,PE,recife,low_volume,low_volume,low_volume__low_volume
1d139e3a3b14025640d8df1b230aace0,2,71.18,36.49,34.69,35.59,7.653206018518519,0.0,3.5,0.0,1.0,1127.5180136930305,0.5359099060678629,SP,barrinha,low_volume,low_volume,low_volume__low_volume
1d1bbb8ac1581824986f582583fff01d,4,226.47,166.88,59.589999999999996,56.6175,9.16330439814815,0.25,3.5,0.25,0.5,406.81337847607017,0.2702327533144814,SC,indaial,low_volume,low_volume,low_volume__low_volume
1d2732ef8321502ee8488e8bed1ab8cd,4,1228.1799999999998,1148.0,80.17999999999999,307.04499999999996,12.174519675925927,0.25,3.0,0.25,0.5,220.65769606785284,0.09021638918438676,RJ,rio de janeiro,low_volume,low_volume,low_volume__low_volume
1d29dfba02015238dfbe2449a5eaa361,12,789.92,612.8,177.12,65.82666666666667,15.374400077160495,0.08333333333333333,4.5,0.08333333333333333,0.5833333333333334,389.19483067056194,0.2231377717131581,MG,vicosa,low_volume,low_volume,low_volume__low_volume
1d4587203296c8f4ad134dc286fa6db0,42,3027.54,2323.2999999999997,704.24,72.08428571428571,9.463649884259258,0.047619047619047616,4.285714285714286,0.09523809523809523,0.6428571428571429,585.8173295953083,0.31782429519714844,SP,sao paulo,standard_value,standard_risk,standard_value__standard_risk
1d503743d2526f03f0c2c89540ee008c,12,720.53,516.04,204.49,60.04416666666666,10.80260513117284,0.08333333333333333,3.9166666666666665,0.16666666666666666,0.6666666666666666,609.1987723178796,0.316168384255833,SP,sao paulo,low_volume,low_volume,low_volume__low_volume
1d8dbc4f32378d715c717c1c1fc57bae,90,13153.74,11096.09,2057.65,146.15266666666668,15.033614232209736,0.08888888888888889,4.022222222222222,0.15555555555555556,0.9,708.1715336067557,0.1567920856094218,PR,arapongas,standard_value,standard_risk,standard_value__standard_risk
1d953075c2f0dd990bacf27b83b330f1,1,78.32,59.0,19.32,78.32,7.282638888888889,0.0,5.0,0.0,1.0,1334.5950920639175,0.24668028600612874,MG,belo horizonte,low_volume,low_volume,low_volume__low_volume
1da366cade6d8276e7d8beea7af5d4bf,42,7984.54,6347.69,1636.85,190.10809523809525,17.703942807136407,0.11904761904761904,3.9285714285714284,0.19047619047619047,0.7857142857142857,631.2949236638981,0.2715264075701955,MG,uba,standard_value,high_risk,standard_value__high_risk
1da3aeb70d7989d1e6d9b0e887f97c23,263,13011.88,8796.539999999999,4215.34,49.4748288973384,8.627729211182336,0.057034220532319393,4.163498098859316,0.12547528517110265,0.4752851711026616,460.27298759895143,0.3646455861862434,SP,sao paulo,standard_value,standard_risk,standard_value__standard_risk
1dc2de47ee26a0a5b12dc14fd6dc0dea,25,2287.5,1670.3,617.1999999999999,91.5,14.610499537037038,0.12,4.56,0.04,0.56,558.3932509527493,0.259193517914443,SP,ibitinga,low_volume,low_volume,low_volume__low_volume
1dcfa3835714681d4ba4a93bc1e0fd41,12,1510.14,1198.6000000000001,311.54,125.84500000000001,15.705295664983167,0.0,4.0,0.16666666666666666,0.75,1081.4826541589857,0.2048406323472298,SP,birigui,low_volume,low_volume,low_volume__low_volume
1dd33b8119b3cb1056ed5dc88cd0aaf4,8,1641.74,1513.0,128.74,205.2175,10.906626157407407,0.125,3.75,0.125,0.5,843.4219784439621,0.0793513463830142,SP,sao paulo,low_volume,low_volume,low_volume__low_volume
1de62b6f2fd96227629786db492433db,2,237.53,208.8,28.73,118.765,8.23564814814815,0.0,5.0,0.0,0.5,633.9038678243184,0.11658484615592787,SP,sp,low_volume,low_volume,low_volume__low_volume
1dfe5347016252a7884b694d4f10f5c4,20,2052.54,1632.5,420.04,102.627,18.90822974537037,0.25,3.4,0.3,0.5,630.6485051708698,0.20032812454657126,SP,ibitinga,low_volume,low_volume,low_volume__low_volume
1e26c56af8d48424e1df0140a2401f83,2,292.39,258.9,33.49,146.195,5.251145833333333,0.0,5.0,0.0,0.5,615.2878415544183,0.15306366137582636,SP,jaguariuna,low_volume,low_volume,low_volume__low_volume
1e47d8b6546eb3a77b1acddcc9406242,1,166.71,149.9,16.81,166.71,35.493993055555556,0.0,1.0,1.0,1.0,613.6131749793028,0.10083378321636373,SP,campinas,low_volume,low_volume,low_volume__low_volume
1e47defeeadeca0e9a18fa5a9311e735,3,291.62,234.12,57.5,97.20666666666666,12.017928240740739,0.0,5.0,0.0,1.0,838.6113892377125,0.21114441554227134,SP,catanduva,low_volume,low_volume,low_volume__low_volume
1e483cc5c76fef08d3ca05f9a8af7d01,10,295.07,171.99,123.08000000000001,29.506999999999998,8.48593492798354,0.0,4.1,0.1,0.3,243.36355647946576,0.5169755999128967,SP,sao paulo,low_volume,low_volume,low_volume__low_volume
1e8b33f18b4f7598d87f5cbee2282cc2,121,19825.46,17147.260000000002,2678.2,163.84677685950413,7.84181925154321,0.049586776859504134,4.371900826446281,0.11570247933884298,0.4380165289256198,338.8852732060661,0.1406127486877079,SP,sao paulo,high_value,standard_risk,high_value__standard_risk
1e8c6a4c538f286aee9573239740a4b4,5,446.82,359.7,87.12,89.364,7.40725925925926,0.0,3.8,0.2,0.4,685.6225124412715,0.19389600949035152,SP,itatiba,low_volume,low_volume,low_volume__low_volume
1e9d5a33694bddb76316fd1f54734d20,2,468.94,318.0,150.94,234.47,12.253842592592594,0.0,4.5,0.0,1.0,832.5636923538821,0.31876183938771163,MT,jaciara,low_volume,low_volume,low_volume__low_volume
1eade46fba20122dc4aefb379f8c636b,58,4673.71,3635.37,1038.34,80.58120689655172,12.373743614303958,0.13793103448275862,4.431034482758621,0.08620689655172414,0.46551724137931033,473.11560340435557,0.2597338385964225,SP,sao paulo,standard_value,standard_risk,standard_value__standard_risk
1f1bb1f0859883505541bdd6606193e5,27,16562.87,16040.84,522.03,613.4396296296296,13.97880958504801,0.1111111111111111,4.333333333333333,0.07407407407407407,0.7037037037037037,695.3203594959297,0.0494000354199103,SP,sao paulo,low_volume,low_volume,low_volume__low_volume
1f2eebc0e970fd3c463e4f5d9652687a,1,53.47,44.99,8.48,53.47,11.451400462962964,1.0,5.0,0.0,0.0,17.493701953688625,0.1585936038900318,SP,sao paulo,low_volume,low_volume,low_volume__low_volume
1f50f920176fa81dab994f9023523100,1399,141503.12,106510.01,34993.11,101.14590421729807,15.68372631217121,0.10364546104360257,4.132952108649035,0.14152966404574696,0.6433166547533953,704.0341282425873,0.2424331582513832,SP,sao jose do rio preto,high_value,standard_risk,high_value__standard_risk
1f7dfad2cb384ea4d2d7e1ffbd78c407,1,57.29,49.0,8.29,57.29,6.361909722222222,0.0,1.0,1.0,0.0,44.98364364577962,0.14470239134229357,SP,sao paulo,low_volume,low_volume,low_volume__low_volume
1f7fd2a6fcd5a6fa5d8a4dabc72aaae0,3,632.68,531.8,100.88,210.89333333333332,7.109780092592593,0.0,5.0,0.0,0.6666666666666666,561.6104997232136,0.16048510929193693,RS,venancio aires,low_volume,low_volume,low_volume__low_volume
1f867308a0ce13133a4e639ff4de0c02,7,1084.92,875.1,209.82,154.98857142857145,11.268655753968256,0.0,4.142857142857143,0.14285714285714285,0.8571428571428571,385.9866865694402,0.3858136853316582,PR,curitiba,low_volume,low_volume,low_volume__low_volume
1f9ab4708f3056ede07124aad39a2554,77,15852.0,13432.83,2419.17,205.87012987012986,14.612542129629631,0.05194805194805195,4.077922077922078,0.07792207792207792,0.7272727272727273,883.1232966575025,0.15285517469726828,SP,tupa,standard_value,standard_risk,standard_value__standard_risk
1fa2d3def6adfa70e58c276bb64fe5bb,1,15.9,6.9,9.0,15.9,6.255381944444444,0.0,1.0,1.0,1.0,1328.82305479273,0.5660377358490566,SP,sao paulo,low_volume,low_volume,low_volume__low_volume
1fbe10c70e30765ed1de86d9f7e98409,2,158.10999999999999,98.75,59.36,79.05499999999999,13.666018518518518,0.0,2.5,0.5,0.5,713.9841281419523,0.3968305309294259,SP,maua,low_volume,low_volume,low_volume__low_volume
1fdc574883ef3b33ad41562d93f3a74a,18,4524.27,4251.0,273.27,251.34833333333336,11.25219843106996,0.05555555555555555,4.444444444444445,0.0,0.5555555555555556,369.6795434589273,0.06483740378127695,SP,limeira,low_volume,low_volume,low_volume__low_volume
1fddcb7b326905d3ad5efe82187db347,1,105.22,92.0,13.22,105.22,,0.0,1.0,1.0,0.0,85.46086845690941,0.12564151302033835,SP,sao paulo,low_volume,low_volume,low_volume__low_volume
1fe5540d7c1c37a595fefbacd5570d9e,20,5118.75,4537.6,581.15,255.9375,11.861380787037037,0.05,4.3,0.05,0.9,838.1051307245272,0.11556126410417947,RJ,paraiba do sul,low_volume,low_volume,low_volume__low_volume
1fe61aa5494bd3ae92a2c13e067c810f,1,638.5799999999999,537.76,100.82,638.5799999999999,7.990543981481482,0.0,4.0,0.0,1.0,530.1457607968972,0.1578815496883711,SC,santa cecilia,low_volume,low_volume,low_volume__low_volume
2009a095de2a2a41626f6c6d7722678d,8,582.43,388.89,193.54,72.80375,8.679225983796297,0.0,4.375,0.125,0.375,458.07371152353295,0.37124082920186807,SP,sao jose do rio preto,low_volume,low_volume,low_volume__low_volume
2039c5e51785b5dde7cf93ccb3b7be2c,1,173.68,159.9,13.78,173.68,8.269247685185185,0.0,5.0,0.0,0.0,339.103311358568,0.07934131736526945,SP,guaira,low_volume,low_volume,low_volume__low_volume
204b4e07bddef3c9b317f70189135b22,1,88.13000000000001,73.4,14.73,88.13000000000001,10.187997685185184,0.0,5.0,0.0,1.0,161.96862809577905,0.16713945308067626,MG,borda da mata,low_volume,low_volume,low_volume__low_volume
2059c39f76271d4ca3f15b5ffaccc8b8,12,791.29,604.9,186.39000000000001,65.94083333333333,9.585923032407408,0.0,4.5,0.0,0.75,519.9830290128017,0.2476883835733048,PR,curitiba,low_volume,low_volume,low_volume__low_volume
20611af7866c6068fd5ae1f9dbe15c92,2,334.3,219.8,114.5,167.15,8.539311342592592,0.0,4.5,0.0,1.0,451.71255783803457,0.34250673048160335,SP,porto ferreira,low_volume,low_volume,low_volume__low_volume
2063dd1b9f568df1c16741ea7d3e6adb,3,820.27,763.1,57.17,273.42333333333335,12.651215277777778,0.0,5.0,0.0,1.0,820.6582955393973,0.07707881952759081,PR,guarapuava,low_volume,low_volume,low_volume__low_volume
2075d8cd4dd63ff12df0749a5866bb06,3,242.23000000000002,184.70000000000002,57.53,80.74333333333334,4.744471450617284,0.0,5.0,0.0,0.6666666666666666,306.7460294775627,0.23298719474278196,PR,curitiba,low_volume,low_volume,low_volume__low_volume
2078fe5066350e7d220c0ad3a3bbc6c1,1,68.03999999999999,29.9,38.14,68.03999999999999,,0.0,2.0,1.0,1.0,517.38379156584,0.5605526161081718,PR,arapongas,low_volume,low_volume,low_volume__low_volume
2089a6d640999f9b9141ac719b2af596,44,9525.94,8830.82,695.12,216.49863636363636,19.527540932700994,0.13636363636363635,3.727272727272727,0.29545454545454547,0.6136363636363636,507.0160831778434,0.09509258832236017,SP,sao carlos,standard_value,high_risk,standard_value__high_risk
20a7efa9721046319bdde5d60b6b5365,3,596.59,501.20000000000005,95.39,198.86333333333334,19.369699074074074,0.0,5.0,0.0,0.6666666666666666,928.2694726523579,0.18363985073810749,SP,laguna,low_volume,low_volume,low_volume__low_volume
20a8b0dc55da94fe74d112082427c84f,7,531.38,407.4,123.98,75.91142857142857,8.23525462962963,0.14285714285714285,4.285714285714286,0.14285714285714285,0.5714285714285714,606.4512196074548,0.2235082762708421,SP,itu,low_volume,low_volume,low_volume__low_volume
20b54c376b794ed028df09a3cd88e8dc,11,1506.55,1342.95,163.6,136.95909090909092,21.161888227513227,0.18181818181818182,3.0,0.36363636363636365,0.5454545454545454,476.61400198603116,0.11055178940817809,SP,sao caetano do sul,low_volume,low_volume,low_volume__low_volume
20cb7c2fde3e5bf10f0bbe7394e1c6a9,32,1660.28,861.9,798.38,51.88375,12.365232974910393,0.09375,4.0,0.15625,0.84375,505.884697700959,0.4776641883237911,PR,andira-pr,standard_value,standard_risk,standard_value__standard_risk
20d53aad4fe5ee93a64f8839609d3586,2,86.44,51.9,34.54,43.22,39.27744212962963,0.5,2.5,0.5,1.0,393.45825468617704,0.416785290495607,MG,santa rita do sapucai,low_volume,low_volume,low_volume__low_volume
20d83f3ef0e6925fd74bfd59170babf7,40,3557.21,2903.6,653.61,88.93025,9.074369791666665,0.05,4.4,0.075,0.5,433.0050223856654,0.1821902292330114,SP,sao paulo,standard_value,standard_risk,standard_value__standard_risk
20fd2d2080ed85fa67fad3fcbb2c1813,1,105.47,85.9,19.57,105.47,,0.0,1.0,1.0,1.0,456.5610204749272,0.18555039347681807,PR,colombo,low_volume,low_volume,low_volume__low_volume
2138ccb85b11a4ec1e37afbd1c8eda1f,395,18398.86,12337.039999999999,6061.82,46.579392405063295,11.366207113120872,0.053164556962025315,3.939240506329114,0.16962025316455695,0.6430379746835443,639.9947278564454,0.34447348029308233,SP,sao paulo,high_value,standard_risk,high_value__standard_risk
213b25e6f54661939f11710a6fddb871,154,18674.66,15267.0,3407.66,121.26402597402597,15.270503127299486,0.08441558441558442,3.7857142857142856,0.21428571428571427,0.5974025974025974,489.52299549313443,0.18383475641670338,SP,salto,high_value,high_risk,high_value__high_risk
213fafb0ca06fb3d5886579c2565791b,3,216.86,189.70000000000002,27.16,72.28666666666668,4.259791666666667,0.0,2.3333333333333335,0.6666666666666666,0.0,54.05964839592099,0.14647039327748554,MG,sete lagoas,low_volume,low_volume,low_volume__low_volume
2156f2671501a81034d7d07f217609d0,22,3433.89,2981.5,452.39,156.0859090909091,15.281910824514991,0.13636363636363635,3.8636363636363638,0.18181818181818182,0.6818181818181818,683.1946284989713,0.17409052523676308,SP,sp,low_volume,low_volume,low_volume__low_volume
217f005bb37ff3aeef5b2ae1788e75ba,3,120.22,74.97,45.25,40.07333333333333,14.454687499999999,0.0,3.3333333333333335,0.3333333333333333,1.0,829.8635116557059,0.3761468220267225,SP,osasco,low_volume,low_volume,low_volume__low_volume
218d46b86c1881d022bce9c68a7d4b15,386,62485.39,54873.28,7612.11,161.8792487046632,13.921672605994154,0.09326424870466321,4.1567357512953365,0.12953367875647667,0.5181347150259067,554.2170534326319,0.14350986798550028,SP,ribeirao preto,high_value,standard_risk,high_value__standard_risk
218f991754f360af9c2daa5e0b8e990c,14,3819.54,3554.32,265.22,272.82428571428574,13.861703869047618,0.14285714285714285,3.642857142857143,0.21428571428571427,0.5714285714285714,417.3390883242341,0.06859948285891929,SP,sao paulo,low_volume,low_volume,low_volume__low_volume
2199e7fe213c16213bf5d6a7eadc9a5d,25,4647.78,4078.29,569.49,185.91119999999998,10.778349247685185,0.04,4.24,0.12,0.4,381.1136400021754,0.1579695924250442,SP,registro,low_volume,low_volume,low_volume__low_volume
21c62b998a043ebe31161d38f84929fc,4,841.33,750.49,90.84,210.3325,13.30330439814815,0.0,4.5,0.0,1.0,995.8786774068249,0.11073939938300971,CE,fortaleza,low_volume,low_volume,low_volume__low_volume
21d59342ba150175ca2aa4f8faddeca6,2,334.29,259.9,74.39,167.145,8.62144675925926,0.0,4.5,0.0,1.0,1138.2594189066194,0.21180225014356585,SP,itaquaquecetuba,low_volume,low_volume,low_volume__low_volume
21e83881401b92b49fb09a16d3852291,14,4182.53,3588.0499999999997,594.48,298.7521428571428,10.94888888888889,0.0,4.357142857142857,0.14285714285714285,0.7857142857142857,581.6715009292172,0.1526083607538705,MG,uberlandia,low_volume,low_volume,low_volume__low_volume
2235cf78d3e2073a88146a9cb60f0dd0,1,204.76,178.99,25.77,204.76,14.215081018518518,0.0,5.0,0.0,0.0,8.16355618978436,0.12585465911310803,SP,sao paulo,low_volume,low_volume,low_volume__low_volume
226b05fe067266c59c15dae208213d06,10,1245.58,1056.9,188.68,124.55799999999999,9.978346064814815,0.0,4.5,0.1,0.9,529.3009577909139,0.16949713911944753,PR,curitiba,low_volume,low_volume,low_volume__low_volume
228e4c1a0be164f613d41c24345f9d2c,5,769.44,539.7,229.74,153.888,11.118863425925927,0.0,5.0,0.0,1.0,929.8215802372885,0.2867106555971636,PR,bandeirantes,low_volume,low_volume,low_volume__low_volume
229c3efbfb0ea2058de4ccdfbc3d784a,120,17940.75,15610.0,2330.75,149.50625,10.755773187717631,0.016666666666666666,3.625,0.25,0.8666666666666667,601.0612180854022,0.14980914726104164,MG,belo horizonte,standard_value,high_risk,standard_value__high_risk
22a23e5ac7061fc538cc2a019afaaf16,1,109.42,95.0,14.42,109.42,11.029351851851851,0.0,3.0,0.0,1.0,629.6766542673192,0.13178577956497897,MG,belo horizonte,low_volume,low_volume,low_volume__low_volume
22c32ec35d0116ef02c281798a25bf8b,4,210.01000000000002,119.58,90.43,52.502500000000005,11.45622974537037,0.0,3.75,0.0,1.0,635.0334392093223,0.40610485162868537,PR,maringa,low_volume,low_volume,low_volume__low_volume
2305ab43e846518f58dd9d59f3f54e96,3,831.26,788.89,42.370000000000005,277.08666666666664,11.829328703703704,0.0,3.6666666666666665,0.3333333333333333,0.6666666666666666,237.25336440637662,0.05143472814875355,SP,sao paulo,low_volume,low_volume,low_volume__low_volume
232a6014e7b10cba61c6c2b2ea6bb4b0,32,5017.04,3819.9700000000003,1197.07,156.7825,13.59916015625,0.0625,4.15625,0.125,0.75,979.8201453774642,0.25164309378665334,SP,cafelandia,standard_value,standard_risk,standard_value__standard_risk
23613d49c3ac2bd302259e55c06c050c,69,6353.8,4208.1,2145.7,92.0840579710145,13.963738766339869,0.14492753623188406,3.8260869565217392,0.2463768115942029,0.4927536231884058,486.0526573216381,0.3511052894299981,SP,porto ferreira,standard_value,high_risk,standard_value__high_risk
236585a4ddb5fea9fa40233e2249ed91,11,837.67,649.53,188.14,76.15181818181817,13.136474116161617,0.09090909090909091,4.090909090909091,0.09090909090909091,0.9090909090909091,865.5114945592192,0.22468992392496698,RS,caxias do sul,low_volume,low_volume,low_volume__low_volume
2379bdc3888025689a9deb7b141507d5,9,1125.61,999.5,126.11,125.06777777777776,18.42511059670782,0.3333333333333333,4.333333333333333,0.1111111111111111,0.4444444444444444,227.51213525475606,0.271432285651405,SP,mogi mirim,low_volume,low_volume,low_volume__low_volume
238fac594e170b59c6d228f5a4f4f1d9,28,4385.7,3007.0,1378.7,156.63214285714284,11.967498759920634,0.10714285714285714,4.0,0.14285714285714285,0.32142857142857145,408.85818668331734,0.30330114758891213,SP,dois corregos,low_volume,low_volume,low_volume__low_volume
23a0ffca143a15b9b5bbdb7d552f626a,23,4304.28,3718.51,585.77,187.14260869565217,11.501923812399356,0.13043478260869565,3.9130434782608696,0.21739130434782608,0.5652173913043478,765.9775146689078,0.16658007202724387,SP,sao pedro,low_volume,low_volume,low_volume__low_volume
23c38debaffe4a25a30fdbd9b586a13f,41,6216.5599999999995,5382.18,834.38,151.62341463414634,11.482206131436314,0.14634146341463414,4.317073170731708,0.024390243902439025,0.4878048780487805,449.49924851377153,0.1514562106085125,SP,votorantim,standard_value,standard_risk,standard_value__standard_risk
23ca5f678e0b3ea6c630b30fa8bf51ea,6,279.39,183.0,96.39,46.565,7.270869984567901,0.0,5.0,0.0,0.5,342.6762898196512,0.3149308352456738,SP,sao paulo,low_volume,low_volume,low_volume__low_volume
23d7c96d4a1160db1c726b248601b25a,50,12788.05,11448.24,1339.81,255.761,12.974478925540124,0.1,3.81,0.2,0.46,480.8133691795683,0.1270233956863768,SP,capivari,standard_value,high_risk,standard_value__high_risk
23ff42c4bf1f8f16cddb19d8b972974a,2,227.67,174.70000000000002,52.97,113.835,11.843969907407407,0.0,4.0,0.0,1.0,894.7739337034886,0.2986357578459149,MG,itau de minas,low_volume,low_volume,low_volume__low_volume
240b9776d844d37535668549a396af32,36,14452.65,13592.08,860.57,401.4625,11.357760582010583,0.05555555555555555,4.277777777777778,0.1111111111111111,0.7222222222222222,449.00201130879697,0.09976280342798699,RJ,niteroi,standard_value,standard_risk,standard_value__standard_risk
244b04680fdbded0acf5aebd9c92b44a,2,2434.2,2351.8,82.4,1217.1,49.89627314814815,0.5,1.0,1.0,0.5,283.13887294258325,0.039387185962133975,SP,jundiai,low_volume,low_volume,low_volume__low_volume
244c2f1bff6afe1f2eaf9bfe9b2aed38,23,3794.87,2580.0,1214.87,164.99434782608697,13.988220108695652,0.08695652173913043,3.782608695652174,0.21739130434782608,0.5652173913043478,277.18048915613906,0.30972522754061615,SP,mogi das cruzes,low_volume,low_volume,low_volume__low_volume
247587846358bb1d2e4c6522020b36fe,1,121.51,99.0,22.51,121.51,4.81011574074074,0.0,5.0,0.0,0.0,183.1317691257988,0.18525224261377665,SP,sao jose do rio preto,low_volume,low_volume,low_volume__low_volume
2493dc3f20131696a0ecdb9948051a8d,4,575.07,504.38,70.69,143.7675,9.174956597222222,0.0,4.75,0.0,1.0,997.3634964265327,0.12918010184660977,DF,brasilia,low_volume,low_volume,low_volume__low_volume
249f0e9905a6e06ad6c6bea7547ab9f6,3,386.99,347.95,39.04,128.99666666666667,6.271500771604939,0.0,3.6666666666666665,0.3333333333333333,0.6666666666666666,438.78576620680263,0.11260485600312083,RJ,rio de janeiro,low_volume,low_volume,low_volume__low_volume
24a6daf925d9d591870a66660416de31,2,90.08,60.0,30.08,45.04,13.617193287037036,0.0,4.5,0.0,0.5,329.81476988464107,0.33126478804410797,SP,robeirao preto,low_volume,low_volume,low_volume__low_volume
24c1de8d9551c0b4fbc53317d53efda8,1,412.12,355.0,57.12,412.12,12.779282407407408,0.0,5.0,0.0,1.0,1928.298256261755,0.1386004076482578,PB,serra redonda,low_volume,low_volume,low_volume__low_volume
2528513dd95219a6013d4d05176e391a,158,35450.73,31792.1,3658.63,224.37170886075953,10.71734924215617,0.05063291139240506,3.949367088607595,0.17721518987341772,0.4936708860759494,432.1632820146489,0.13250494403815108,SP,osasco,high_value,standard_risk,high_value__standard_risk
2528744c5ef5d955adc318720a94d2e7,5,6508.7,6245.0,263.7,1301.74,10.070645833333334,0.0,2.4,0.6,0.4,281.9793446279404,0.0428497101348898,SP,jundiai,low_volume,low_volume,low_volume__low_volume
252e76235acb79183cfca6e34f13337d,3,321.77000000000004,261.2,60.57,107.25666666666667,14.127746913580246,0.0,3.3333333333333335,0.3333333333333333,0.6666666666666666,539.0954784883317,0.1892864671074396,SP,campinas,low_volume,low_volume,low_volume__low_volume
253c025bab43881055aeecde5e2d8b77,2,124.33,94.82,29.509999999999998,62.165,16.56265625,0.5,4.5,0.0,1.0,347.7818461007312,0.23787048835571029,PR,curitiba,low_volume,low_volume,low_volume__low_volume
253f95b3a0e6983ae18aed49fbc2b845,5,890.94,799.5,91.44,178.18800000000002,9.206965277777778,0.0,4.4,0.0,0.6,498.99011807726566,0.11628263398334412,SP,sao paulo,low_volume,low_volume,low_volume__low_volume
257e61d3251fb5efb9daadddbc2cf7ca,12,8806.18,7729.0,1077.18,733.8483333333334,8.095081018518519,0.0,4.75,0.0,0.9166666666666666,856.376959812023,0.11920067344333334,PR,apucarana,low_volume,low_volume,low_volume__low_volume
258447aad3f7b01e2643c89f64dc5647,1,71.45,51.9,19.55,71.45,7.945914351851852,0.0,5.0,0.0,1.0,627.7480129184332,0.2736179146256123,PR,cianorte,low_volume,low_volume,low_volume__low_volume
259f7b5e6e482c230e5bfaa670b6bb8f,137,11185.44,8466.14,2719.3,81.64554744525547,8.696311985596708,0.021897810218978103,4.306569343065694,0.11678832116788321,0.48905109489051096,361.5891871143962,0.24431154298031188,SP,poa,standard_value,standard_risk,standard_value__standard_risk
25be943a321c8938947bdaabca979a90,5,907.5500000000001,769.0,138.55,181.51000000000002,3.203792438271605,0.0,3.0,0.4,0.0,35.41853253780156,0.14658886240700636,SP,sao bernardo do campo,low_volume,low_volume,low_volume__low_volume
25c5c91f63607446a97b143d2d535d31,157,61507.61,54524.34,6983.27,391.7682165605096,14.288007765830347,0.06369426751592357,3.821656050955414,0.20382165605095542,0.8662420382165605,605.5993316231676,0.12430600285903178,MG,itauna,high_value,high_risk,high_value__high_risk
25cf099de44674fde97473224f9d59ab,49,2341.77,1644.36,697.41,47.791224489795916,9.49960057634165,0.04081632653061224,4.326530612244898,0.10204081632653061,0.5510204081632653,513.579277379573,0.3323268957077228,SP,cotia,standard_value,standard_risk,standard_value__standard_risk
25debeafbce801fdd479539350185eee,6,402.85,302.84000000000003,100.01,67.14166666666667,14.982872685185185,0.0,2.6666666666666665,0.5,0.5,363.8213387757828,0.27318417568392034,SP,igaracu do tiete,low_volume,low_volume,low_volume__low_volume
25e47381a6c510ddeb36084e33b89f0c,16,1571.71,1289.6000000000001,282.11,98.231875,10.001467013888888,0.0,4.25,0.0625,0.75,619.6715060301075,0.19883550993871196,SP,praia grande,low_volume,low_volume,low_volume__low_volume
25e6ffe976bd75618accfe16cefcbd0d,108,13396.85,11691.61,1705.24,124.04490740740741,10.152859997379455,0.05555555555555555,4.407407407407407,0.08333333333333333,0.6018518518518519,553.2582112676146,0.18786237759522456,SP,sao paulo,standard_value,standard_risk,standard_value__standard_risk
262237171f48e85819065498cac80d7b,4,749.0,599.0,150.0,187.25,11.070480324074074,0.0,4.25,0.0,0.75,484.7214420213026,0.20201929290631693,SC,brusque,low_volume,low_volume,low_volume__low_volume
2646baaf662d4d92ac48f047e35db92d,15,1549.39,1263.05,286.34,103.29266666666668,5.729047067901234,0.13333333333333333,4.466666666666667,0.13333333333333333,0.3333333333333333,205.23181407192422,0.24230052936949192,SP,sao paulo,low_volume,low_volume,low_volume__low_volume
26562f211dd1364af2a8596dc945e8ae,2,115.11000000000001,99.0,16.11,57.55500000000001,2.2555555555555555,0.0,5.0,0.0,0.0,65.76747577676922,0.14530073630459328,SP,sao bernardo do campo,low_volume,low_volume,low_volume__low_volume
265fdc289dffa9f1ad801c74f7d0de47,1,546.55,495.0,51.55,546.55,7.357453703703704,0.0,5.0,0.0,0.0,359.6637334319069,0.09431890952337389,SP,jaci,low_volume,low_volume,low_volume__low_volume
26785a546900236d66f2e4197c211158,15,1244.65,1019.2,225.45,82.97666666666667,5.767207561728395,0.0,4.666666666666667,0.06666666666666667,0.3333333333333333,287.0925955517909,0.17939083712542991,SP,sao paulo,low_volume,low_volume,low_volume__low_volume
269c5fc9fcadee614364c3620c30a1f9,3,254.71999999999997,209.6,45.12,84.90666666666665,4.606662808641976,0.3333333333333333,5.0,0.0,0.0,54.79303764263498,0.18160090109983493,SP,guarulhos,low_volume,low_volume,low_volume__low_volume
269cff2d3c8d205c11f37a52402ea93b,4,1415.0,1281.59,133.41,353.75,7.12845775462963,0.0,4.5,0.0,0.0,356.7288887882393,0.10213836880634942,SP,catanduva,low_volume,low_volume,low_volume__low_volume
26af45f5dfd967225a832838aa4e24a3,10,771.61,573.1,198.51,77.161,9.771618055555555,0.0,4.1,0.2,0.8,583.5206004284094,0.29009905046427986,PR,curitiba,low_volume,low_volume,low_volume__low_volume
26b482dccfa29bd2e40703ba45523702,3,412.41,344.78,67.63,137.47,3.5925617283950615,0.0,5.0,0.0,0.6666666666666666,320.3515617838561,0.1751106052240616,SP,santa barbara d´oeste,low_volume,low_volume,low_volume__low_volume
26bad72add1f86e08a776ce4ffdaf1ca,7,745.9200000000001,622.0,123.92,106.56000000000002,10.942886904761904,0.0,4.428571428571429,0.0,0.5714285714285714,568.5532629622943,0.25991085593734536,SP,pedregulho,low_volume,low_volume,low_volume__low_volume
26d6bbee02420494d471c9f6436929c0,12,681.6999999999999,434.51,247.19,56.80833333333333,8.373374807098765,0.0,4.666666666666667,0.0,1.0,954.416972175114,0.4103335240726616,PR,curitiba,low_volume,low_volume,low_volume__low_volume
26d8a1c7c75d513045798992ead43aa2,36,8945.78,8244.12,701.66,248.4938888888889,12.723354779411764,0.08333333333333333,4.305555555555555,0.1111111111111111,0.9444444444444444,606.5956543090042,0.10501898602414748,PR,apucarana,standard_value,standard_risk,standard_value__standard_risk
26e13b6ff5b641b329e5524241ee2c93,4,189.68,119.69999999999999,69.97999999999999,47.42,6.638492476851852,0.0,4.0,0.25,0.25,223.5139348594795,0.3613199758932014,SP,franca,low_volume,low_volume,low_volume__low_volume
26e2c91ef821e1ff8985f408788fe35b,12,1923.87,1649.4,274.47,160.3225,26.224134837962964,0.4166666666666667,3.0,0.3333333333333333,0.75,812.8378525895135,0.17585393127323978,SP,ibitinga,low_volume,low_volume,low_volume__low_volume
26e2e5033827d2ba53929f43e03d8ffe,1,154.78,139.49,15.29,154.78,5.269074074074074,0.0,5.0,0.0,0.0,118.09257192666855,0.0987853727871818,SP,sao paulo,low_volume,low_volume,low_volume__low_volume
26f6b7ab07be3e9e69ce82a6552efc19,2,80.75,54.8,25.95,40.375,10.984780092592592,0.5,3.0,0.5,0.5,386.2715569399752,0.31359092889193196,RJ,rio de janeiro,low_volume,low_volume,low_volume__low_volume
270297ead4c65a6cd2593960d2af6b21,17,9881.76,9344.4,537.36,581.28,14.341523011982572,0.0,3.823529411764706,0.29411764705882354,0.7058823529411765,909.7002472155659,0.08690903841846337,SP,sao paulo,low_volume,low_volume,low_volume__low_volume
270572bb714b00531be85e16e1550f26,1,111.76,96.99,14.77,111.76,11.073055555555555,0.0,5.0,0.0,0.0,66.90701135419259,0.13215819613457408,SP,maua,low_volume,low_volume,low_volume__low_volume
2709af9587499e95e803a6498a5a56e9,25,1746.77,1180.56,566.21,69.8708,11.304931520061729,0.12,3.84,0.24,0.6,575.7690907735058,0.36793261279960143,SP,sao paulo,low_volume,low_volume,low_volume__low_volume
270d3ef21830ad0ecf3a6c53d08a533a,6,743.67,509.0,234.67000000000002,123.945,11.543194444444444,0.0,2.3333333333333335,0.5,0.16666666666666666,397.94721217499983,0.29561540104050255,SP,carapicuiba,low_volume,low_volume,low_volume__low_volume
271b8923c6a549e02d3c9fd1f8c0422b,1,118.59,105.19,13.4,118.59,14.175335648148147,1.0,4.0,0.0,0.0,365.68350614683703,0.11299435028248588,SP,praia grande,low_volume,low_volume,low_volume__low_volume
271c58a1d139c45eaf3316107c6d3a3b,29,4568.71,3897.52,671.19,157.54172413793103,13.15568329903978,0.06896551724137931,4.068965517241379,0.1724137931034483,0.7586206896551724,823.7419520780322,0.14704771254390453,SP,sao paulo,low_volume,low_volume,low_volume__low_volume
272f092de69afedd4d2969440b37f18f,25,2379.2400000000002,1873.43,505.81,95.1696,10.075208333333334,0.0,3.82,0.24,0.64,681.355634233447,0.2308413621103567,SP,sao paulo,low_volume,low_volume,low_volume__low_volume
2745f798279e0ed033addcc1474776d7,31,4332.0,3642.93,689.07,139.74193548387098,13.593927344683392,0.0967741935483871,3.967741935483871,0.12903225806451613,0.7419354838709677,527.3093515462463,0.15824292770054457,SP,sao paulo,standard_value,standard_risk,standard_value__standard_risk
276677b5d08786d5dce7c2149dcce48b,33,4320.639999999999,3522.0,798.64,130.92848484848483,12.060317727001195,0.09090909090909091,3.909090909090909,0.21212121212121213,0.7878787878787878,532.0156335289985,0.23938655687681534,MG,belo horizonte,standard_value,high_risk,standard_value__high_risk
278b6e0b20c4f61fefaa0577943d7a35,1,1152.62,1078.0,74.62,1152.62,,0.0,1.0,1.0,1.0,429.8325481423621,0.06473946313615937,SC,itajai,low_volume,low_volume,low_volume__low_volume
27a56ff04b34c2ba34ce6ba4d3b9d616,8,452.27,349.28999999999996,102.98,56.53375,12.881733217592593,0.125,4.125,0.125,0.5,432.15433705505336,0.23006260871069478,SP,campinas,low_volume,low_volume,low_volume__low_volume
282c7480173bb9c01dd41cc739fec010,4,3646.0599999999995,3474.2999999999997,171.76,911.5149999999999,15.938969907407406,0.25,4.0,0.25,0.75,1101.1218531730942,0.042921178388290064,SP,sao paulo,low_volume,low_volume,low_volume__low_volume
282f23a9769b2690c5dda22e316f9941,99,8386.96,6505.08,1881.88,84.71676767676767,11.22246019935752,0.050505050505050504,4.333333333333333,0.050505050505050504,0.8484848484848485,619.3712090772312,0.27310264319692357,MG,belo horizonte,standard_value,standard_risk,standard_value__standard_risk
28405831a29823802aa22c084cfd0649,7,333.18,245.0,88.18,47.597142857142856,7.194031635802468,0.0,4.285714285714286,0.0,0.42857142857142855,461.8760585184201,0.2573529818623936,SP,sao paulo,low_volume,low_volume,low_volume__low_volume
28872dc528e978a639754bc8c2ce5a4c,1,1038.9,1009.9,29.0,1038.9,4.039108796296296,0.0,5.0,0.0,1.0,1254.538858719976,0.027914139955722395,RS,caxias do sul,low_volume,low_volume,low_volume__low_volume
289cdb325fb7e7f891c38608bf9e0962,110,15639.289999999999,13544.95,2094.34,142.17536363636364,6.728997196738023,0.01818181818181818,4.572727272727272,0.05454545454545454,0.5818181818181818,525.0557476230678,0.13578379674117141,SP,belo horizonte,standard_value,standard_risk,standard_value__standard_risk
28a26ebce31d5918b181ede016fd693b,1,47.04,29.9,17.14,47.04,11.071064814814816,0.0,5.0,0.0,1.0,672.1713742532273,0.36437074829931976,MG,belo horizonte,low_volume,low_volume,low_volume__low_volume
28c7d8743fbc8679f484868cc0fcaefb,3,270.36,201.5,68.86,90.12,13.52462962962963,0.0,5.0,0.0,0.6666666666666666,1114.3082545991965,0.2461625397283067,SP,itaporanga,low_volume,low_volume,low_volume__low_volume
28d162ab86bb49d719c32f0ee6186eaa,1,127.2,109.99,17.21,127.2,16.388842592592592,0.0,4.0,0.0,1.0,1064.294058457119,0.1352987421383648,SP,ribeirao preto,low_volume,low_volume,low_volume__low_volume
28ea411b354f14b1a494be4e79f0ce02,6,896.93,820.0,76.93,149.48833333333332,8.916840277777778,0.16666666666666666,4.666666666666667,0.0,0.6666666666666666,221.7583531235025,0.08665184364137042,SP,sao paulo,low_volume,low_volume,low_volume__low_volume
28f10b1c5e5abb9d4857745bede6147c,28,1185.42,835.0,350.42,42.33642857142858,7.637304894179894,0.21428571428571427,4.0,0.17857142857142858,0.42857142857142855,458.35769733207604,0.34814212346543744,SP,sao paulo,low_volume,low_volume,low_volume__low_volume
28fb0829fd777877cdc350d25cb5bd5b,4,569.26,499.6,69.66,142.315,14.081875,0.0,3.75,0.25,0.5,568.7596452476769,0.12197307130771895,SP,sao jose do rio pret,low_volume,low_volume,low_volume__low_volume
293dee954235e4e4e43f129313625ebe,8,2019.22,1778.92,240.3,252.4025,14.440222800925925,0.0,5.0,0.0,1.0,1197.651928177997,0.19426542551494447,DF,brasilia,low_volume,low_volume,low_volume__low_volume
2953ce3a88f5e3c3b696d77fc9e4c8eb,14,631.32,470.0,161.32,45.09428571428572,8.224686673280424,0.21428571428571427,4.642857142857143,0.07142857142857142,0.2857142857142857,263.71829395393,0.25527276583498754,SP,sao paulo,low_volume,low_volume,low_volume__low_volume
296729ffb9b684050dd24836dac4494a,2,149.61,114.0,35.61,74.805,7.2698784722222225,0.0,5.0,0.0,0.5,554.7645857253021,0.2379892460746419,SP,curitiba,low_volume,low_volume,low_volume__low_volume
297d5eccd19fa9a83b2630071ff105e4,8,976.73,834.97,141.76,122.09125,6.882055844907407,0.0,5.0,0.0,0.75,542.8499961621035,0.1438945155447647,PR,curitiba,low_volume,low_volume,low_volume__low_volume
299c89a525fee36c567f4fe72f038100,2,757.75,658.0,99.75,378.875,9.31943287037037,0.0,2.0,0.5,1.0,1250.532123443325,0.1553131878074638,CE,varzea alegre,low_volume,low_volume,low_volume__low_volume
29c322e3f09f886f8bacbe91dfbd979e,1,105.57,48.98,56.59,105.57,6.673425925925926,0.0,5.0,0.0,0.0,134.09230336056757,0.5360424362981908,RS,santa maria,low_volume,low_volume,low_volume__low_volume
29e6e05b65f93bc224c644319dc52ecf,4,558.9200000000001,475.6,83.32,139.73000000000002,6.91634837962963,0.0,4.75,0.0,1.0,658.9269382427797,0.1501678851171871,MG,juiz de fora,low_volume,low_volume,low_volume__low_volume
29fe9f200d3fa0c668d2aa1ec7e08dfb,5,514.16,400.0,114.16,102.832,10.749125000000001,0.0,4.0,0.2,0.8,1015.5948001152974,0.2174793096776982,SC,balneario camboriu,low_volume,low_volume,low_volume__low_volume
2a1348e9addc1af5aaa619b1a3679d6b,51,3385.72,2613.1,772.62,66.38666666666666,23.434043291962176,0.23529411764705882,3.1176470588235294,0.37254901960784315,0.7647058823529411,585.3966782493784,0.2785781640576218,MG,belo horizonte,standard_value,high_risk,standard_value__high_risk
2a167ca73899c85001a837d8fb4962f6,2,4197.62,4097.0,100.62,2098.81,6.509230324074074,0.0,4.5,0.0,0.5,448.49444417848986,0.02339595975101154,SP,sao paulo,low_volume,low_volume,low_volume__low_volume
2a261b5b644fa05f4f2700eb93544f2c,51,7396.73,5355.0,2041.73,145.03392156862745,14.071188725490197,0.19607843137254902,3.8627450980392157,0.21568627450980393,0.6470588235294118,558.1979382493246,0.2710845562214046,SP,porto ferreira,standard_value,high_risk,standard_value__high_risk
2a50b7ee5aebecc6fd0ff9784a4747d6,1,264.24,199.8,64.44,264.24,39.73696759259259,1.0,1.0,1.0,1.0,,0.2438692098092643,DF,brasilia,low_volume,low_volume,low_volume__low_volume
2a5b78b41cd05baeac8df54c6606b92c,49,20132.83,19025.36,1107.47,410.8740816326531,9.040109450483092,0.02040816326530612,4.326530612244898,0.10204081632653061,0.7755102040816326,378.0867697635797,0.09646447357524265,MG,formiga,high_value,standard_risk,high_value__standard_risk
2a61c271b1ac763450d846849783e922,18,2013.13,1516.76,496.37,111.84055555555557,19.237509002057614,0.2222222222222222,4.055555555555555,0.16666666666666666,0.7777777777777778,1245.5379842455734,0.2681133942005054,SP,santo andre,low_volume,low_volume,low_volume__low_volume
2a6fbeaa7ab9e5d59a35841a8da71ce4,29,2174.68,1562.79,611.89,74.98896551724137,14.50070162835249,0.06896551724137931,3.9310344827586206,0.1724137931034483,0.9655172413793104,676.0855145107479,0.3105544332845241,SC,jaragua do sul,low_volume,low_volume,low_volume__low_volume
2a73cba571d90c694b7caca072ccf6ce,1,381.48,342.78,38.7,381.48,21.333020833333332,1.0,5.0,0.0,1.0,1459.2731309793462,0.10144699591066374,SP,sao caetano do sul,low_volume,low_volume,low_volume__low_volume
2a7c6c0b0d5efde2bf75ec1e1cec2d41,3,192.04,147.6,44.44,64.01333333333334,10.607287808641976,0.0,3.3333333333333335,0.3333333333333333,1.0,638.019003631552,0.23338400265124026,PR,maringa,low_volume,low_volume,low_volume__low_volume
2a7dc43cecabf23403078e2188437d1d,52,5629.62,4795.91,833.71,108.26192307692307,13.144261485042735,0.07692307692307693,4.096153846153846,0.11538461538461539,0.6346153846153846,593.9233319732605,0.23869108964809627,SP,sao paulo,standard_value,standard_risk,standard_value__standard_risk
2a84855fd20af891be03bc5924d2b453,162,19068.3,15641.3,3427.0,117.70555555555555,8.62222086940837,0.030864197530864196,4.25,0.1111111111111111,0.7222222222222222,531.0794296539456,0.22021643897166743,MG,belo horizonte,high_value,standard_risk,high_value__standard_risk
2aa3443d7bf9d9bb11133f420d75e083,10,781.12,647.0,134.12,78.112,10.573586805555555,0.2,3.0,0.4,0.6,494.9514618202649,0.17899353980888477,RJ,rio de janeiro,low_volume,low_volume,low_volume__low_volume
2aafae69bf4c41fbd94053d9413e87ee,2,123.87,94.0,29.869999999999997,61.935,8.844872685185186,0.0,4.5,0.0,1.0,,0.24246592495111055,RS,porto alegre,low_volume,low_volume,low_volume__low_volume
2addf05f476d0637864454e93ba673d5,12,4877.64,4552.0,325.64,406.47,10.398473186728395,0.0,5.0,0.0,1.0,923.8102630080572,0.07945176706030849,DF,brasilia,low_volume,low_volume,low_volume__low_volume
2b03ac196f5ed62ac483960fe0fa3b65,7,935.19,843.1,92.09,133.59857142857143,12.89291832010582,0.14285714285714285,4.142857142857143,0.14285714285714285,0.5714285714285714,303.21098895709804,0.1049752905237118,SP,sao paulo,low_volume,low_volume,low_volume__low_volume
2b1a40c1daabc6ca280c4b815c101841,23,14634.880000000001,12732.6,1902.28,636.2991304347827,13.425314078282828,0.043478260869565216,3.6956521739130435,0.21739130434782608,0.6086956521739131,619.8926433811806,0.11539448443869675,MG,divinopolis,low_volume,low_volume,low_volume__low_volume
2b2fed75b8e5ea3a052fc4c0825da485,3,570.83,510.9,59.93,190.27666666666667,5.570671296296297,0.0,5.0,0.0,0.6666666666666666,210.87305699417234,0.14420466706287102,MG,juiz de fora,low_volume,low_volume,low_volume__low_volume
2b3b9ce054da76a7428df143a567b156,5,363.28,301.0,62.28,72.65599999999999,8.186101851851852,0.0,3.6,0.2,0.6,425.9977591148903,0.18669445555644465,SP,sao paulo,low_volume,low_volume,low_volume__low_volume
2b3e4a2a3ea8e01938cabda2a3e5cc79,52,24535.1,23629.15,905.95,471.82884615384614,8.775291800213676,0.0,4.365384615384615,0.07692307692307693,0.46153846153846156,545.5348191687931,0.08238349775220272,SP,sao paulo,high_value,standard_risk,high_value__standard_risk
2b402d5dc42554061f8ea98d1916f148,1,363.79,299.89,63.9,363.79,6.000300925925926,0.0,5.0,0.0,1.0,1470.6436416578676,0.17565078754226338,BA,irece,low_volume,low_volume,low_volume__low_volume
2b5ed0c9139dae8883a200dfcb272ece,4,144.75,85.41,59.34,36.1875,16.871241319444444,0.25,4.25,0.0,0.25,383.07141094164064,0.40226605881627314,SP,sao paulo,low_volume,low_volume,low_volume__low_volume
2ba91c7ad80ff88b23b7db823b43c233,6,840.33,740.4,99.93,140.055,18.654373070987656,0.3333333333333333,3.8333333333333335,0.16666666666666666,0.6666666666666666,610.6903981223917,0.13089009131687374,SP,itu,low_volume,low_volume,low_volume__low_volume
2bd05d410a8fd26dc4184a15f4f2f588,6,1515.27,1316.73,198.54,252.545,10.176797839506174,0.0,5.0,0.0,0.6666666666666666,557.744610988464,0.22695716915644468,MG,belo horizonte,low_volume,low_volume,low_volume__low_volume
2bdb95a56a36ebbc6640337ac5eac174,1,107.9,89.9,18.0,107.9,5.851944444444444,0.0,5.0,0.0,0.0,65.7771189822341,0.16682113067655235,SP,sao paulo,low_volume,low_volume,low_volume__low_volume
2be17df1c49978426251562096c3cc09,16,2477.55,2165.0,312.55,154.846875,12.265654658564815,0.0625,4.1875,0.0625,1.0,862.7818046180734,0.13232796300607427,SC,tubarao,low_volume,low_volume,low_volume__low_volume
2bf28e311bba65237358230cabac3f15,7,477.88,294.0,183.88,68.26857142857143,11.378096891534392,0.2857142857142857,3.7142857142857144,0.2857142857142857,0.8571428571428571,502.6700992654294,0.384787152790993,PR,londrina,low_volume,low_volume,low_volume__low_volume
2bf6a2c1e71bbd29a4ad64e6d3c3629f,30,51629.49,50628.9,1000.59,1720.983,13.650243055555556,0.1,4.166666666666667,0.13333333333333333,0.7666666666666667,794.4612626102304,0.02157270275063345,RJ,nova friburgo,high_value,standard_risk,high_value__standard_risk
2c00c85d30361cd2ced2969cffbbffa3,1,57.51,49.8,7.71,57.51,1.8740625,0.0,5.0,0.0,0.0,11.89272349731422,0.13406364110589464,MG,belo horizonte,low_volume,low_volume,low_volume__low_volume
2c2c9832d1bb38c5b0034a3b47d313ee,1,68.35,49.9,18.45,68.35,12.09361111111111,0.0,3.0,0.0,1.0,1000.286278565069,0.2699341623994148,RS,santa maria,low_volume,low_volume,low_volume__low_volume
2c3d56f92f360fb89d849b84e8f50eae,8,590.44,465.6,124.84,73.805,13.617607473544973,0.25,3.125,0.5,0.375,295.278430590651,0.2415598435171459,SP,barueri,low_volume,low_volume,low_volume__low_volume
2c43fb513632d29b3b58df74816f1b06,3,930.17,858.0,72.17,310.0566666666667,4.594564043209877,0.0,3.6666666666666665,0.3333333333333333,0.6666666666666666,388.49065580992504,0.11714055680457021,MG,belo horizonte,low_volume,low_volume,low_volume__low_volume
2c4c47cb51acd5ea5db5e0ae0e26542a,12,2917.37,2575.8999999999996,341.47,243.11416666666665,10.739328703703704,0.0,4.666666666666667,0.0,0.5,443.1692501026716,0.12153358977276713,SP,buritama,low_volume,low_volume,low_volume__low_volume
2c538755f1ca9540af144f266e70df6c,1,359.91,334.99,24.92,359.91,6.557847222222223,0.0,5.0,0.0,1.0,716.8413899025528,0.06923953210524854,MG,castro pires,low_volume,low_volume,low_volume__low_volume
2c54051840f19eca309a5423cf22df36,2,52.269999999999996,23.7,28.57,26.134999999999998,8.931585648148149,0.0,4.5,0.0,0.5,488.78446334477667,0.5462885411434989,PR,curitiba,low_volume,low_volume,low_volume__low_volume
2c9005d8043aff18b8557ffb7b13cda4,1,129.64,109.9,19.74,129.64,7.852303240740741,0.0,5.0,0.0,1.0,618.2791217203046,0.15226781857451405,ES,cachoeiro de itapemirim,low_volume,low_volume,low_volume__low_volume
2c9e548be18521d1c43cde1c582c6de8,124,8492.47,6033.74,2458.73,68.48766129032258,13.526190137370978,0.1532258064516129,4.112903225806452,0.13709677419354838,0.49193548387096775,372.2284137658015,0.3238597340783919,SP,mogi das cruzes,standard_value,standard_risk,standard_value__standard_risk
2cb4700db635baa1c0d4f90ed27b6669,2,228.72,199.8,28.92,114.36,16.483385416666668,0.0,2.0,0.5,1.0,439.06226225489047,0.12644281217208814,PR,curitiba,low_volume,low_volume,low_volume__low_volume
2cb6eb1b7185064167657fa09f541105,6,1382.68,1217.9,164.78,230.4466666666667,8.200736882716049,0.0,4.5,0.16666666666666666,0.6666666666666666,371.83061428400424,0.14491818928870714,MG,sabara,low_volume,low_volume,low_volume__low_volume
2cb98e27ce1c18abdb42209b34c382a7,1,119.7,62.49,57.21,119.7,19.06452546296296,0.0,4.0,0.0,1.0,2095.8783545491524,0.47794486215538845,SP,ribeirao preto,low_volume,low_volume,low_volume__low_volume
2d20f1cd18725c91147da0791d498022,1,119.69,99.8,19.89,119.69,9.953344907407407,0.0,5.0,0.0,1.0,705.2043843687078,0.16617929651599966,PR,londrina,low_volume,low_volume,low_volume__low_volume
2d22fc3089eb907b29ebff50581fb472,3,377.39,317.70000000000005,59.69,125.79666666666667,9.620108024691358,0.0,3.6666666666666665,0.0,1.0,662.8758580068073,0.158383411768558,RJ,macae,low_volume,low_volume,low_volume__low_volume
2d2322d842118867781fc737e96d59a1,8,281.37,176.4,104.97,35.17125,8.09072193287037,0.125,4.875,0.0,0.25,291.51906390295966,0.4359219823756731,SP,sao paulo,low_volume,low_volume,low_volume__low_volume
2d2c62bef4c8ba0dd74e0e228e808539,16,4230.4800000000005,3749.0,481.48,264.40500000000003,10.307319878472223,0.125,4.125,0.1875,0.3125,484.9208332677213,0.11451201718131081,SP,ribeirao preto,low_volume,low_volume,low_volume__low_volume
2d34636518ba88f5349b732fcf8ba2e4,1,168.63,150.0,18.63,168.63,10.83261574074074,0.0,5.0,0.0,1.0,353.8840830731976,0.11047856253335706,SP,sao paulo,low_volume,low_volume,low_volume__low_volume
2d378dbb39815785238c0139c7647fb7,2,1454.44,1154.0,300.44,727.22,19.639346064814816,0.0,5.0,0.0,1.0,636.7873329734617,0.20357058692470748,SC,sao francisco do sul,low_volume,low_volume,low_volume__low_volume
2d42ebcda99fd55f6f4bc2f1ca035d50,10,1203.97,921.5,282.47,120.397,9.604912037037037,0.0,4.3,0.1,1.0,668.1018815202618,0.2421458200265821,GO,uruacu,low_volume,low_volume,low_volume__low_volume
2d50d6282f8aa2257819a77bfaa0efe0,44,4151.5199999999995,3353.48,798.04,94.35272727272726,13.652660659171076,0.13636363636363635,3.7045454545454546,0.22727272727272727,0.5454545454545454,554.6608992177127,0.20862197921831466,SP,ibitinga,standard_value,high_risk,standard_value__high_risk
2d518637f53161b973e01f56ea4bb88e,13,1539.7,1219.8899999999999,319.81,118.43846153846154,13.663798967236467,0.0,4.923076923076923,0.0,0.8461538461538461,1381.37591863807,0.20366215001824817,SP,sao paulo,low_volume,low_volume,low_volume__low_volume
2d8cfba3fcd3170555941605edaa196a,1,55.96,45.0,10.96,55.96,4.953564814814815,0.0,5.0,0.0,0.0,27.532850752439625,0.1958541815582559,SP,osasco,low_volume,low_volume,low_volume__low_volume
2d9e8987a2ea5cf88dce330249043ff1,2,344.17,239.8,104.37,172.085,8.896828703703703,0.0,4.5,0.0,0.0,387.64816589174893,0.3018407482288765,SP,jaci,low_volume,low_volume,low_volume__low_volume
2dcf93836ae3ce0d7c93e2f10876467a,9,1622.44,1443.8,178.64,180.2711111111111,6.496018518518518,0.2222222222222222,4.111111111111111,0.1111111111111111,0.3333333333333333,255.38394381050972,0.14516177182792186,SP,sao jose dos campos,low_volume,low_volume,low_volume__low_volume
2dd1fb6f0e42a2243b8a01e40cd41216,4,942.73,845.89,96.84,235.6825,13.608958333333334,0.0,3.0,0.5,1.0,941.6036552132109,0.10942314365497337,PR,curitiba,low_volume,low_volume,low_volume__low_volume
2dee2ce60de9709b1a24083217181a1f,54,9844.56,7784.5,2060.06,182.30666666666664,14.143901963305897,0.018518518518518517,4.425925925925926,0.05555555555555555,1.0,1576.6248248613038,0.21189729456994322,MT,sinop,standard_value,standard_risk,standard_value__standard_risk
2e0dba2da448400b1c11d7b4b22f32a4,7,407.70000000000005,235.87,171.83,58.24285714285715,8.869021164021165,0.0,3.142857142857143,0.42857142857142855,0.5714285714285714,540.1129803010125,0.39523094518021606,SP,santo andre,low_volume,low_volume,low_volume__low_volume
2e13c71026e1a39ba5cc1b86dcb679aa,24,4310.21,3793.0,517.21,179.59208333333333,10.574384162808643,0.08333333333333333,4.375,0.125,0.625,576.3148463837084,0.14204815613743538,SP,sao paulo,low_volume,low_volume,low_volume__low_volume
2e1a7d075abe038c1b2743005fe42ff1,19,1750.55,1396.7,353.85,92.13421052631578,12.493050411522635,0.15789473684210525,4.052631578947368,0.21052631578947367,0.3684210526315789,362.02760969063655,0.20259677530852835,SP,sao paulo,low_volume,low_volume,low_volume__low_volume
2e1c9f22be269ef4643f826c9e650a52,164,14777.62,12392.21,2385.41,90.10743902439025,9.84465625,0.06707317073170732,4.164634146341464,0.13414634146341464,0.5121951219512195,478.0061728548973,0.19117708403434783,SP,sao paulo,standard_value,standard_risk,standard_value__standard_risk
2e2f44824ab87a0cb961f68bf4073e7f,1,65.93,48.0,17.93,65.93,10.955590277777778,0.0,2.0,1.0,1.0,336.8532909870854,0.2719551038980737,PR,curitiba,low_volume,low_volume,low_volume__low_volume
2e3be8a987a30d7544dbbda6861cc14e,18,4777.55,4430.84,346.71000000000004,265.4194444444445,14.496781580687829,0.05555555555555555,3.1666666666666665,0.3333333333333333,0.7777777777777778,684.1227405873641,0.11300151255288841,MG,belo horizonte,low_volume,low_volume,low_volume__low_volume
2e7ea2aafec5835e781b21d6d1faf1f1,6,482.77,378.9,103.87,80.46166666666666,7.305750385802469,0.0,4.5,0.0,0.3333333333333333,279.3319971443558,0.20993406039697396,SP,sao paulo,low_volume,low_volume,low_volume__low_volume
2e90cb1677d35cfe24eef47d441b7c87,127,16782.16,13894.710000000001,2887.4500000000003,132.14299212598425,12.454366980169146,0.13385826771653545,4.118110236220472,0.14173228346456693,0.7086614173228346,,0.17902219390804822,SP,sao paulo,standard_value,standard_risk,standard_value__standard_risk
2ea0861cc19e94cad86438c984c52da4,6,228.05,165.6,62.449999999999996,38.00833333333333,5.2506057098765435,0.0,3.3333333333333335,0.16666666666666666,0.16666666666666666,192.00757581618856,0.3032862706920639,SP,sao paulo,low_volume,low_volume,low_volume__low_volume
2eb70248d66e0e3ef83659f71b244378,198,44349.38,41182.94,3166.44,223.98676767676767,17.931711327495975,0.12626262626262627,2.6944444444444446,0.5050505050505051,0.5202020202020202,462.27655662332637,0.09517411432185066,SP,campinas,high_value,high_risk,high_value__high_risk
2ec6e37d992a95eaddb3369dcbcc76d9,2,183.94,159.8,24.14,91.97,9.651765046296296,0.0,1.5,1.0,1.0,1066.0121930795972,0.12860074461180646,RS,porto alegre,low_volume,low_volume,low_volume__low_volume
2ee0a0689f2f6a72f35a7cb6033f6e7e,4,324.84000000000003,272.0,52.84,81.21000000000001,9.681559606481482,0.0,4.0,0.0,0.25,575.1343087732389,0.162076209691561,SP,presidente prudente,low_volume,low_volume,low_volume__low_volume
2eeb6531ee027a48d401e72bebdd87d3,3,78.7,38.7,40.0,26.233333333333334,12.211415895061728,0.0,4.333333333333333,0.0,0.6666666666666666,442.08373585039226,0.5181574833473186,SP,sao jose dos campos,low_volume,low_volume,low_volume__low_volume
2ef086a599b597572aca4433b7ed6b3d,1,64.1,49.0,15.1,64.1,11.24431712962963,0.0,5.0,0.0,1.0,416.9582033915375,0.2355694227769111,SC,jaragua do sul,low_volume,low_volume,low_volume__low_volume
2f09f7d37a97956d11cc1a7cadd5262b,11,2468.41,2005.0,463.41,224.40090909090907,12.842810846560846,0.09090909090909091,2.909090909090909,0.45454545454545453,0.45454545454545453,318.2685728816242,0.1928461191799551,SP,ribeirao preto,low_volume,low_volume,low_volume__low_volume
2f1e7b90e01d9f086cbcb301c0c3d406,1,71.66,59.0,12.66,71.66,7.110335648148149,0.0,5.0,0.0,1.0,166.85852070731568,0.17666759698576612,SC,blumenau,low_volume,low_volume,low_volume__low_volume
2f3d8b4c9e2ee165075331fea3f3095a,1,147.35,130.0,17.35,147.35,12.331180555555555,0.0,5.0,0.0,1.0,1025.9563682859177,0.11774686121479472,SC,sao jose,low_volume,low_volume,low_volume__low_volume
2f4b0d3b9634b647d4edee577d7ebb7e,10,422.31,337.9,84.41,42.231,6.147945601851852,0.0,4.9,0.0,0.0,30.746743044471515,0.2016140137667141,SP,sao paulo,low_volume,low_volume,low_volume__low_volume
2f4b9d112bfa44a214bc6cef085d17c8,5,413.26000000000005,293.99,119.27000000000001,82.65200000000002,14.775958333333332,0.0,4.4,0.0,1.0,1032.5124854309865,0.3362051602536835,ES,afonso claudio,low_volume,low_volume,low_volume__low_volume
2f73e04d12cdf0c945ded66bb3fcf6c7,3,1460.85,1359.0,101.85,486.95,13.595486111111109,0.0,3.3333333333333335,0.3333333333333333,1.0,652.7162387447198,0.07651923399855982,ES,cachoeiro de itapemirim,low_volume,low_volume,low_volume__low_volume
2f74af7a0ee5636f12c2336f9fffed47,13,724.47,560.6999999999999,163.76999999999998,55.72846153846154,9.696574964387464,0.0,4.3076923076923075,0.07692307692307693,0.38461538461538464,490.61077474586057,0.22898892143985494,SP,sao paulo,low_volume,low_volume,low_volume__low_volume
2f9b7ce230a057a98a9f5df5893ee36c,2,171.85000000000002,141.82,30.03,85.92500000000001,10.458252314814814,0.0,4.5,0.0,0.5,172.6005782767193,0.2929666322904095,SP,barueri,low_volume,low_volume,low_volume__low_volume
2fa13c8bd5705d279f7ed5cc9ec61c68,2,148.7,87.4,61.3,74.35,4.554305555555556,0.0,5.0,0.0,0.5,451.33628687653396,0.3687828617769987,SP,sao paulo,low_volume,low_volume,low_volume__low_volume
2fb25ab44bdbeae6a4d816e0d0c9d500,5,761.29,683.08,78.21000000000001,152.25799999999998,8.52090509259259,0.0,4.8,0.0,0.6,493.6401133324549,0.131750876780959,RJ,volta redonda,low_volume,low_volume,low_volume__low_volume
2fdde51ad3e12f297da656d4fbd5d0b5,10,6874.14,6252.0,622.14,687.414,15.266977880658438,0.0,4.7,0.0,1.0,887.8141800829969,0.09852896923626427,SC,joinville,low_volume,low_volume,low_volume__low_volume
2ff6b7bff164ef05590a52734e1296da,7,1955.12,1803.59,151.53,279.30285714285714,11.747468584656085,0.0,4.714285714285714,0.0,0.8571428571428571,378.61343277976584,0.10036260868700979,PR,londrina,low_volume,low_volume,low_volume__low_volume
2ff97219cb8622eaf3cd89b7d9c09824,89,5866.03,4476.9,1389.13,65.91044943820225,8.974518545125585,0.056179775280898875,4.52808988764045,0.033707865168539325,0.47191011235955055,409.3503137788711,0.2735309085409421,SP,salto,standard_value,standard_risk,standard_value__standard_risk
3076499bbc033a927bf4a8a41bcf7fd4,7,483.63,359.33,124.3,69.09,7.401684854497355,0.0,4.285714285714286,0.14285714285714285,0.2857142857142857,493.509472790753,0.2822419191291808,SP,auriflama,low_volume,low_volume,low_volume__low_volume
3078096983cf766a32a06257648502d1,59,9700.9,8285.42,1415.48,164.42203389830507,12.067960276124339,0.05084745762711865,4.203389830508475,0.13559322033898305,0.5254237288135594,448.83548239967416,0.17010711048570473,SP,scao jose do rio pardo,standard_value,standard_risk,standard_value__standard_risk
30829ded4523ab9224b93bc49a62c95f,18,7549.71,6911.71,638.0,419.42833333333334,12.086655092592594,0.05555555555555555,3.7777777777777777,0.2222222222222222,0.7777777777777778,849.9607656252093,0.10788865387055734,RS,parai,low_volume,low_volume,low_volume__low_volume
3092c0b297aacfb4bb6e056ebe13b9b8,19,1983.99,1623.9,360.09,104.42052631578947,13.21931857638889,0.0,3.6315789473684212,0.2631578947368421,0.5789473684210527,622.3261025879186,0.2571813043991753,SP,aruja,low_volume,low_volume,low_volume__low_volume
30a2f535bb48308f991d0b9ad4a8c4bb,71,5815.36,4731.3,1084.06,81.90647887323944,8.210501597548252,0.028169014084507043,4.28169014084507,0.1267605633802817,0.4225352112676056,460.11108171257325,0.18422098634924447,SP,santa barbara d'oeste,standard_value,standard_risk,standard_value__standard_risk
30a81d8cf85fb2ada1b1b094c9583a95,17,1413.52,1245.42,168.1,83.14823529411764,4.290115740740741,0.0,4.823529411764706,0.0,0.058823529411764705,119.50379890704049,0.13956926416798943,SP,sao paulo,low_volume,low_volume,low_volume__low_volume
30c7f28fd3a5897b2c82d152bb760c17,6,2381.05,2068.38,312.67,396.8416666666667,21.570287037037037,0.3333333333333333,1.6666666666666667,0.6666666666666666,0.8333333333333334,373.3703342356043,0.11414514891054613,RJ,niteroi,low_volume,low_volume,low_volume__low_volume
312ba1d77e9c332ef21f9598b7f64cd7,9,888.05,756.0,132.05,98.67222222222222,25.699447751322754,0.4444444444444444,2.7777777777777777,0.5555555555555556,0.4444444444444444,286.16238562773464,0.15842868322299505,SP,guarulhos,low_volume,low_volume,low_volume__low_volume
31344c16881c08a8a72c6d2eb29918c1,43,11912.619999999999,9615.7,2296.92,277.03767441860464,15.696046075837742,0.046511627906976744,4.348837209302325,0.11627906976744186,0.6976744186046512,596.339509288074,0.18643495691420386,MG,uba,standard_value,standard_risk,standard_value__standard_risk
31561f325664a8a7aba4c8d0c3a9b3db,36,3329.36,2702.19,627.17,92.48222222222222,7.388848701131688,0.027777777777777776,4.638888888888889,0.027777777777777776,0.5,572.1629587167022,0.21432507161879127,SP,sao paulo,standard_value,standard_risk,standard_value__standard_risk
318f287a62ab7ac10b703ac37435a231,52,3634.6,2517.48,1117.12,69.89615384615385,11.519044798474946,0.09615384615384616,3.8653846153846154,0.21153846153846154,0.5,432.7929178653836,0.35140521957325216,SP,sao paulo,standard_value,high_risk,standard_value__high_risk
31ae0774c17fabd06ff707cc5bde005f,11,7570.67,6719.85,850.82,688.2427272727273,11.775554503367005,0.09090909090909091,4.0,0.18181818181818182,0.7272727272727273,828.5124502950948,0.11453886067818525,SP,americana,low_volume,low_volume,low_volume__low_volume
31be790e64fc99f8ff48ec2bd18a3104,6,313.68,241.39999999999998,72.28,52.28,6.493200231481481,0.3333333333333333,4.333333333333333,0.0,0.0,109.68680884180804,0.2384453538154071,SP,sao bernardo do campo,low_volume,low_volume,low_volume__low_volume
31da954dc0855f2495c6310f70a2f931,29,5032.71,4583.0,449.71,173.54172413793103,8.172798930395913,0.10344827586206896,4.206896551724138,0.10344827586206896,0.2413793103448276,398.9363401563649,0.1272605428922383,SP,araras,low_volume,low_volume,low_volume__low_volume
31e60bf8d103ce47932a85f5562deb16,1,239.04,181.0,58.04,239.04,14.461574074074074,0.0,5.0,0.0,1.0,1582.7803453352535,0.2428045515394913,GO,goiania,low_volume,low_volume,low_volume__low_volume
31eec405c9bb71dec8e2629a92e764fa,5,427.13,256.89,170.24,85.426,8.572550925925928,0.0,4.6,0.0,1.0,1140.4393150429996,0.3761460671230278,ES,cachoeiro de itapemirim,low_volume,low_volume,low_volume__low_volume
323ce52b5b81df2cd804b017b7f09aa7,29,2856.52,2474.3,382.22,98.50068965517241,16.413439566798942,0.13793103448275862,4.310344827586207,0.10344827586206896,0.5862068965517241,521.1361143109087,0.16017847891723075,SP,sao paulo,low_volume,low_volume,low_volume__low_volume
324583d68897f5ddbaf38f6248322176,2,127.99000000000001,84.0,43.989999999999995,63.995000000000005,21.315943287037037,0.5,1.0,1.0,1.0,617.7065609178015,0.34016563871173344,SP,sao jose do rio preto,low_volume,low_volume,low_volume__low_volume
325f3178fb58e2a9778334621eecdbf9,36,1433.37,981.6999999999999,451.67,39.81583333333333,6.405302211934156,0.0,4.444444444444445,0.08333333333333333,0.2777777777777778,214.64022834352906,0.3175437546390769,SP,taboao da serra,standard_value,standard_risk,standard_value__standard_risk
327b89b872c14d1c0be7235ef4871685,3,1258.8,1177.0,81.8,419.59999999999997,47.8408024691358,0.6666666666666666,2.3333333333333335,0.6666666666666666,1.0,2327.592771192923,0.12483465429647961,AM,manaus,low_volume,low_volume,low_volume__low_volume
3289d8c3eef4873f91ce0b1343c0dd58,1,219.27,199.99,19.28,219.27,13.827824074074076,0.0,5.0,0.0,1.0,399.74090789249595,0.08792812514251835,SP,praia grande,low_volume,low_volume,low_volume__low_volume
328acb143b4a73aad6bee8e734f5d20d,2,734.75,699.98,34.769999999999996,367.375,12.058634259259259,0.0,4.0,0.0,1.0,996.4808557721065,0.04835558968600709,PR,foz do iguacu,low_volume,low_volume,low_volume__low_volume
3296662b1331dea51e744505065ae889,1,545.51,517.8,27.71,545.51,3.404826388888889,0.0,5.0,0.0,0.0,197.79226994905534,0.05079650235559385,SP,catanduva,low_volume,low_volume,low_volume__low_volume
32b8764b4ef628b53608fc34011fcc13,36,11854.42,8884.0,2970.42,329.2894444444444,11.231865033436215,0.08333333333333333,4.194444444444445,0.05555555555555555,0.9166666666666666,853.2334121245833,0.2553858162334835,SC,lages,standard_value,standard_risk,standard_value__standard_risk
32e5635e63cb374eb63afdd242fb6134,1,927.82,910.0,17.82,927.82,7.309675925925926,0.0,5.0,0.0,0.0,23.907149671146076,0.019206311569054342,RJ,rio de janeiro,low_volume,low_volume,low_volume__low_volume
32f1bb9dfa65bc7df5c0d9d95a616be4,4,294.8,246.49,48.31,73.7,6.589253472222222,0.25,4.0,0.25,0.25,182.6893702855224,0.17157700376317891,SP,sao paulo,low_volume,low_volume,low_volume__low_volume
32f83ffe11cd40f7adcf4eef171f52d9,1,45.09,29.99,15.1,45.09,10.574085648148149,0.0,5.0,0.0,1.0,1250.6421352317702,0.33488578398758034,RS,uruguaiana,low_volume,low_volume,low_volume__low_volume
32fdd5d44ecb43dfd6a24b9369eca144,8,617.88,479.2,138.68,77.235,16.070402199074074,0.0,4.375,0.0,0.875,926.9476742118698,0.2234206478806744,MG,carmo do cajuru,low_volume,low_volume,low_volume__low_volume
3338e7a0710a195872be80e0d2423867,1,65.43,45.0,20.43,65.43,,0.0,1.0,1.0,1.0,509.13684290310175,0.31224209078404397,SP,piracicaba,low_volume,low_volume,low_volume__low_volume
333c4210e76a1aa2ab817b99437e3ff1,2,402.42999999999995,335.0,67.43,201.21499999999997,7.161348379629629,0.0,5.0,0.0,1.0,1311.3987006497641,0.3059551602861737,SP,vargem grande do sul,low_volume,low_volume,low_volume__low_volume
3340ef1913fb70d28420f6ceb685c339,32,7481.55,6731.150000000001,750.4,233.7984375,16.713813657407407,0.09375,4.375,0.0625,0.96875,818.1655742992929,0.12119938000737873,PR,maringa,standard_value,standard_risk,standard_value__standard_risk
334cab711dee080b079fa5779b584783,11,1421.37,1069.7,351.66999999999996,129.21545454545455,8.1149515993266,0.0,4.909090909090909,0.0,0.36363636363636365,542.2869167409882,0.25671352466593084,SP,santo andre,low_volume,low_volume,low_volume__low_volume
33576ec5412fb5905d876f12f33bfde6,31,3287.98,2718.0,569.98,106.06387096774193,14.81529607228196,0.03225806451612903,4.096774193548387,0.0967741935483871,0.967741935483871,843.8903506351696,0.17103731131687497,PR,curitiba,standard_value,standard_risk,standard_value__standard_risk
3361277dc30b7cccdb0c286b24219756,29,4540.9,3905.05,635.85,156.58275862068965,13.247004709450831,0.06896551724137931,4.344827586206897,0.06896551724137931,0.9310344827586207,595.3735798238308,0.22782770608621195,PR,maringa,low_volume,low_volume,low_volume__low_volume
3364a91ec4d56c98e44174de954b94f6,6,3853.8500000000004,3579.94,273.91,642.3083333333334,14.826041666666669,0.0,3.8333333333333335,0.3333333333333333,1.0,2565.123398048387,0.11346041804581182,RO,porto velho,low_volume,low_volume,low_volume__low_volume
33a17d60c64393351ebf1ef860f4e0f2,43,9431.86,8152.4800000000005,1279.38,219.34558139534886,10.61319982773471,0.023255813953488372,4.627906976744186,0.023255813953488372,0.627906976744186,655.6709053251519,0.1399025168920621,RS,porto alegre,standard_value,standard_risk,standard_value__standard_risk
33a6f4b1e7cdc205511e76ba1b6e0186,105,12183.91,10295.01,1888.9,116.0372380952381,8.50247299382716,0.01904761904761905,4.40952380952381,0.08571428571428572,0.5428571428571428,406.700236910924,0.15571539834198048,SP,guarulhos,standard_value,standard_risk,standard_value__standard_risk
33ab10be054370c254ddfcf0a6253422,4,265.53,213.2,52.33,66.3825,5.813640046296296,0.0,5.0,0.0,0.75,438.4206463889976,0.19736119475330854,RJ,rio de janeiro,low_volume,low_volume,low_volume__low_volume
33ac3e28642ab8bda860a2f693000e78,34,4151.12,3661.03,490.09000000000003,122.09176470588235,8.721855936819173,0.0,4.205882352941177,0.11764705882352941,0.5294117647058824,457.65501802534,0.1206814140915939,SP,cotia,standard_value,standard_risk,standard_value__standard_risk
33c51922b6e3c16b24a8f28e5833c99d,17,6886.08,6562.59,323.49,405.0635294117647,14.686678921568628,0.058823529411764705,4.235294117647059,0.11764705882352941,0.8823529411764706,530.6815200929822,0.06485822246921226,PR,londrina,low_volume,low_volume,low_volume__low_volume
33cbbec1e7e1044aaf11d152172c776f,15,1129.5,730.67,398.83,75.3,8.429000771604938,0.0,4.733333333333333,0.0,0.8666666666666667,998.7900235105013,0.34983385723286115,RS,bento goncalves,low_volume,low_volume,low_volume__low_volume
33cbda8716511e27e556dff9d8418bf2,5,615.57,507.40000000000003,108.17,123.114,12.712717592592593,0.0,4.8,0.0,0.8,500.5512732602236,0.20165552234507783,SC,blumenau,low_volume,low_volume,low_volume__low_volume
33d677f27a69b84051204ee4ae76eaca,9,338.49,165.0,173.49,37.61,8.826325874485597,0.0,4.555555555555555,0.1111111111111111,0.7777777777777778,389.07467508007295,0.5065070126914235,SC,joinville,low_volume,low_volume,low_volume__low_volume
33dd941c27854f7625b968cc6195a552,5,7168.41,6787.5,380.91,1433.682,11.700719907407407,0.0,4.4,0.2,1.0,816.6956767408368,0.0532083639592385,ES,vila velha,low_volume,low_volume,low_volume__low_volume
33fd411ed63a7c2f9005e3f065d9f85d,1,43.129999999999995,24.9,18.23,43.129999999999995,8.134837962962964,0.0,4.0,0.0,1.0,846.6542517579861,0.4226756318108046,RS,condor,low_volume,low_volume,low_volume__low_volume
34056b8b55c1775a22af2331670a799c,78,8229.89,6455.4,1774.49,105.51141025641024,12.927642496392497,0.11538461538461539,4.0,0.15384615384615385,0.6923076923076923,752.668065923252,0.228209634955847,SP,penapolis,standard_value,standard_risk,standard_value__standard_risk
340636a908b13bbe0f4fb63fbe1d0c03,5,993.1500000000001,823.2,169.95000000000002,198.63000000000002,7.826103395061729,0.0,3.4,0.4,0.4,224.74919787450455,0.16128260251528687,SP,sao jose dos campos,low_volume,low_volume,low_volume__low_volume
343e716476e3748b069f980efbaa294e,16,1187.7,889.6999999999999,298.0,74.23125,13.574699845679012,0.0625,4.3125,0.125,0.375,527.8153551324517,0.2472325330205238,SP,campinas,low_volume,low_volume,low_volume__low_volume
3442033154be05bac582e173ef54fd12,1,169.39,161.0,8.39,169.39,3.9064699074074074,0.0,5.0,0.0,0.0,2.1040371914785854,0.04953066887065353,SP,sao paulo,low_volume,low_volume,low_volume__low_volume
344223b2a90784f64136a8a5da012e7f,1,27.69,10.9,16.79,27.69,32.62399305555556,1.0,2.0,1.0,1.0,856.5878504377404,0.6063560852293246,SC,gaspar,low_volume,low_volume,low_volume__low_volume
3442f8959a84dea7ee197c632cb2df15,3,246.60000000000002,218.70000000000002,27.9,82.2,13.018587962962963,0.3333333333333333,3.0,0.3333333333333333,0.3333333333333333,217.6084272632968,0.1336639214890831,SP,campinas,low_volume,low_volume,low_volume__low_volume
34675b28b826facfde119785bf287dc1,1,37.09,21.99,15.1,37.09,5.948611111111111,0.0,4.0,0.0,1.0,717.5768209704703,0.4071178215152332,PR,cascavael,low_volume,low_volume,low_volume__low_volume
3481aa57cd91f9f9d3fa1fa12d9a3bf7,25,2547.17,1773.03,774.14,101.88680000000001,10.194835185185186,0.0,3.88,0.2,0.16,196.2010839820969,0.29598938418819165,SP,capivari,low_volume,low_volume,low_volume__low_volume
3492e68f37fd1df87f4f2f2ea247f445,8,957.26,787.86,169.4,119.6575,9.321517650462962,0.125,3.875,0.25,0.625,427.7646867106464,0.21215649716810991,SP,salto,low_volume,low_volume,low_volume__low_volume
34a557286ead8fe75c989e0afcf7d98c,4,473.46000000000004,414.9,58.56,118.36500000000001,8.269539930555556,0.0,4.75,0.0,0.25,291.94864751026455,0.13912789635113054,SP,franca,low_volume,low_volume,low_volume__low_volume
34aefe746cd81b7f3b23253ea28bef39,1,22.52,8.0,14.52,22.52,,0.0,1.0,1.0,1.0,379.9644027309101,0.6447602131438721,PR,curitiba,low_volume,low_volume,low_volume__low_volume
34d1ca11b242c0fee2c834ae8d788566,39,13802.380000000001,12841.97,960.41,353.9071794871795,12.775321699905033,0.0,4.333333333333333,0.05128205128205128,0.9487179487179487,824.278957061304,0.08873470583308314,MG,congonhas,standard_value,standard_risk,standard_value__standard_risk
34f563c82a85b99ae9e6d60db5fc2e28,8,2578.5,2332.3,246.2,322.3125,10.739244791666666,0.0,4.625,0.0,1.0,1261.9875058307096,0.11072519344697694,RS,campo bom,low_volume,low_volume,low_volume__low_volume
3504c0cb71d7fa48d967e0e4c94d59d9,53,3037.31,2349.94,687.37,57.307735849056606,7.327788478336827,0.0,4.415094339622642,0.03773584905660377,0.3584905660377358,322.7659464768063,0.22741927906080756,SP,maua,standard_value,standard_risk,standard_value__standard_risk
35281d148dcf7134bae913c57db4e6da,1,137.01999999999998,119.99,17.03,137.01999999999998,5.274907407407407,0.0,5.0,0.0,1.0,365.8670007564887,0.12428842504743835,SP,sao paulo,low_volume,low_volume,low_volume__low_volume
353e21e8bf8de2722b4fae1636664b76,4,299.89,208.0,91.89,74.9725,9.107554976851851,0.0,2.5,0.5,1.0,842.0001588788344,0.31822866384161924,RS,canoas,low_volume,low_volume,low_volume__low_volume
35857757f553273b1056c1cabdace7fb,6,573.34,454.6,118.74000000000001,95.55666666666667,18.20813271604938,0.3333333333333333,4.0,0.16666666666666666,0.6666666666666666,567.8291076764659,0.21627731918488258,SP,ribeirao preto,low_volume,low_volume,low_volume__low_volume
3586b8580d9c917874e053a1bb37b5ff,36,2352.35,1524.6999999999998,827.65,65.34305555555555,13.619744727366255,0.027777777777777776,4.416666666666667,0.05555555555555555,0.6944444444444444,711.2964571522351,0.341911287873102,SP,araraquara,standard_value,standard_risk,standard_value__standard_risk
35b96509602ec4b7da831b5cd73ff2c2,2,606.45,558.9,47.55,303.225,9.125092592592592,0.0,4.5,0.0,1.0,1296.4512280711238,0.07872990628667588,RS,sao leopoldo,low_volume,low_volume,low_volume__low_volume
35ef5aa32949680f627efec3c23e705c,4,518.41,361.59999999999997,156.81,129.6025,11.067511574074075,0.0,3.75,0.25,1.0,1475.767252885666,0.3494591428295385,SC,sombrio,low_volume,low_volume,low_volume__low_volume
35fb511489d9ee3ee27a76debce9df06,7,586.79,414.5,172.29000000000002,83.82714285714285,16.808877314814815,0.14285714285714285,3.5714285714285716,0.14285714285714285,1.0,775.7983034520859,0.33196942759267484,PR,londrina,low_volume,low_volume,low_volume__low_volume
3606774ec64634822d78dc2db6d37045,2,345.20000000000005,299.8,45.400000000000006,172.60000000000002,15.816574074074074,0.0,3.0,0.5,0.5,194.68934268958967,0.13916465125691987,SP,sao caetano do sul,low_volume,low_volume,low_volume__low_volume
365e445f796710c3431557e85caa25db,4,1194.3,1115.0,79.3,298.575,8.38683449074074,0.0,4.5,0.0,0.75,540.576113051723,0.0655205516558578,SP,sao paulo,low_volume,low_volume,low_volume__low_volume
365e4bce19bda0082c3d15d83fdb8bcd,6,895.02,796.4,98.61999999999999,149.17,10.377220293209875,0.0,4.666666666666667,0.0,0.5,509.1254418098362,0.15760539209785263,SP,sao caetano do sul,low_volume,low_volume,low_volume__low_volume
36890be00bbfc1cdb9a4a38a6af05a69,13,1600.88,1361.3,239.57999999999998,123.14461538461539,9.416596331908831,0.23076923076923078,4.230769230769231,0.15384615384615385,0.5384615384615384,727.9620050593777,0.15701734685447802,SP,osasco,low_volume,low_volume,low_volume__low_volume
36a968b544695394e4e9d7572688598f,154,11628.87,9482.87,2146.0,75.51214285714286,10.72730394456957,0.045454545454545456,3.6525974025974026,0.24025974025974026,0.45454545454545453,407.38172076030844,0.3570190259905786,SP,santos,standard_value,high_risk,standard_value__high_risk
36f98ad67cc981f50ce8aed093d5783c,2,158.62,119.4,39.22,79.31,6.10787037037037,0.0,4.0,0.0,1.0,723.6462447206912,0.2509571849341861,PR,toledo,low_volume,low_volume,low_volume__low_volume
37303482a42fb700d8d127e70a9cd6c8,2,171.38,148.89,22.490000000000002,85.69,2.051712962962963,0.0,3.0,0.5,0.5,225.15929394314693,0.12940288385753296,SP,campinas,low_volume,low_volume,low_volume__low_volume
373ee4a3a775a733770ca3f790b8b9ac,13,2431.81,2141.49,290.32,187.06230769230768,10.008915598290598,0.07692307692307693,3.923076923076923,0.23076923076923078,0.23076923076923078,199.5833993928072,0.21373344182295417,RJ,rio de janeiro,low_volume,low_volume,low_volume__low_volume
37515688008a7a40ac93e3b2e4ab203f,226,9336.06,5929.6,3406.46,41.309999999999995,15.27089742798354,0.10176991150442478,4.092920353982301,0.10619469026548672,0.4690265486725664,749.7085582275411,0.3679082273922907,SP,dracena,standard_value,standard_risk,standard_value__standard_risk
376a891762bbdecbc02b4b6adec3fdda,57,7693.63,6406.23,1287.4,134.97596491228072,12.221382594217024,0.03508771929824561,4.666666666666667,0.017543859649122806,0.9298245614035088,919.7475193054307,0.1987523617720284,GO,goiania,standard_value,standard_risk,standard_value__standard_risk
376d67b61dce0c990155286e7ae486a4,1,111.91,94.0,17.91,111.91,14.346273148148148,0.0,4.0,0.0,1.0,906.8766759463299,0.16003931730855153,SP,sao paulo,low_volume,low_volume,low_volume__low_volume
3771c85bac139d2344864ede5d9341e3,26,1842.26,1433.3,408.96,70.85615384615384,13.25759659900285,0.15384615384615385,3.8461538461538463,0.23076923076923078,0.46153846153846156,442.17341259548186,0.28396964305780203,SP,sorocaba,low_volume,low_volume,low_volume__low_volume
377bc18334c78dd2f1535ef22a3ad225,1,224.44,135.98,88.46,224.44,9.886643518518518,0.0,5.0,0.0,1.0,1226.9108356542629,0.39413651755480306,PR,sao jose dos pinhais,low_volume,low_volume,low_volume__low_volume
3785b653b1b82de85ab47dd139938091,21,2033.27,1552.0,481.27,96.82238095238095,11.928460648148148,0.0,4.714285714285714,0.0,0.9523809523809523,783.6308105991789,0.23026266044695134,PR,ampere,low_volume,low_volume,low_volume__low_volume
37be5a7c751166fbc5f8ccba4119e043,268,60518.26,54530.55,5987.71,225.81440298507462,10.656831096839321,0.026119402985074626,4.317164179104478,0.09328358208955224,0.6194029850746269,582.1808165105685,0.09822463235306265,SP,sao paulo,high_value,standard_risk,high_value__standard_risk
37ceb404da208418c9032f0674e57804,1,274.11,204.93,69.17999999999999,274.11,,0.0,1.0,1.0,1.0,507.2343066685287,0.25238043121374626,SP,sao paulo,low_volume,low_volume,low_volume__low_volume
37dd29b36c458d82f74a953c40c43645,7,5016.43,4536.99,479.44,716.6328571428572,18.456660052910053,0.14285714285714285,3.857142857142857,0.2857142857142857,0.8571428571428571,1116.4701981183787,0.10515688291712212,SP,limeira,low_volume,low_volume,low_volume__low_volume
38102b031c2a15e54623d711bfc753d3,9,809.41,457.0,352.41,89.93444444444444,21.181413483796298,0.0,3.6666666666666665,0.1111111111111111,1.0,2263.6162045129804,0.43493249633927905,CE,mucambo,low_volume,low_volume,low_volume__low_volume
381c83fdca332ea6afd896da20bf6e4a,46,8355.01,7355.8,999.21,181.63065217391303,12.691300322061192,0.043478260869565216,4.391304347826087,0.08695652173913043,0.9565217391304348,821.3126443718676,0.14394504872499694,PR,curitiba,standard_value,standard_risk,standard_value__standard_risk
382229d1e840115ffe3dbf5ff460e417,46,4966.62,4096.96,869.66,107.97,9.299387345679012,0.10869565217391304,4.217391304347826,0.13043478260869565,0.782608695652174,572.9209705959304,0.2342870464866703,RJ,rio de janeiro,standard_value,standard_risk,standard_value__standard_risk
385799a1cddbd26dfeb9157356a42282,5,716.54,633.93,82.61,143.308,8.503075810185186,0.0,4.0,0.2,0.4,212.4189376628933,0.11674113971694515,SP,sao paulo,low_volume,low_volume,low_volume__low_volume
38874e327ce94d11390b96eb42d61928,6,4158.43,3779.94,378.49,693.0716666666667,19.95860725308642,0.16666666666666666,4.0,0.0,0.6666666666666666,359.1297410562723,0.09303158626768955,SP,itaquaquecetuba,low_volume,low_volume,low_volume__low_volume
389e45560e33d2d0747f949dcddbc08e,1,47.43,39.0,8.43,47.43,3.949548611111111,0.0,5.0,0.0,0.0,10.91379482270306,0.17773561037318153,SP,sao jose dos campos,low_volume,low_volume,low_volume__low_volume
38af8acfd46ac4a7bf754e8ca6736664,5,397.94,345.0,52.94,79.588,6.385703703703704,0.0,4.8,0.0,0.4,210.2114287169176,0.13255972246436115,SP,sao paulo,low_volume,low_volume,low_volume__low_volume
38e679b9e0064cd94c6f035707344dae,27,4292.33,3611.35,680.98,158.97518518518518,11.28005787037037,0.037037037037037035,4.0,0.18518518518518517,1.0,649.7018565406581,0.1818087276043935,PR,londrina,low_volume,low_volume,low_volume__low_volume
38e6dada03429a47197d5d584d793b41,7,803.05,596.14,206.91,114.72142857142856,10.115011574074074,0.14285714285714285,4.428571428571429,0.14285714285714285,0.5714285714285714,475.9592897359334,0.3676343667972768,SP,sao paulo,low_volume,low_volume,low_volume__low_volume
38f276ca6e7cc95a6d1bb55ac9e5550f,1,36.84,24.99,11.85,36.84,5.200891203703704,0.0,5.0,0.0,0.0,215.6269525648453,0.32166123778501626,SP,marilia,low_volume,low_volume,low_volume__low_volume
3903c788ded8dc03b5ebab37a2f3e9a1,5,171.25,119.97999999999999,51.269999999999996,34.25,10.304136574074075,0.2,4.0,0.0,0.2,277.84907712627285,0.3163672648297121,SP,carapicuiba,low_volume,low_volume,low_volume__low_volume
391bbd13b6452244774beff1824006ed,2,163.2,127.8,35.4,81.6,44.565300925925925,0.5,1.0,1.0,1.0,537.4051253814303,0.21691176470588236,SP,campinas,low_volume,low_volume,low_volume__low_volume
391fc6631aebcf3004804e51b40bcf1e,523,49904.13,39787.76,10116.37,95.41898661567878,14.362756774631775,0.10133843212237094,4.0353728489483744,0.15487571701720843,0.5200764818355641,518.5197051654264,0.23177604557546985,SP,ibitinga,high_value,standard_risk,high_value__standard_risk
392353362d22cc2c236e1ee81ff19890,5,480.66999999999996,288.7,191.97,96.13399999999999,7.727078703703704,0.0,4.6,0.0,1.0,429.4140585544692,0.4448486971409585,SC,blumenau,low_volume,low_volume,low_volume__low_volume
392e0502231ae2f8b29994ef6398cd77,19,2159.73,1816.8,342.93,113.67,17.708312227668845,0.10526315789473684,4.157894736842105,0.10526315789473684,0.6842105263157895,603.0587170803113,0.18541461486693034,SP,cerqueira cesar,low_volume,low_volume,low_volume__low_volume
392f7f2c797e4dc077e4311bde2ab8ce,2,88.56,52.0,36.56,44.28,5.309016203703703,0.0,5.0,0.0,1.0,708.0976116494853,0.4128274616079494,RN,rio de janeiro,low_volume,low_volume,low_volume__low_volume
3935fe5fe0f82787a9dcb8deb62be09d,16,2101.35,1681.69,419.65999999999997,131.334375,11.26288917824074,0.125,4.0,0.0625,0.625,526.5429344887452,0.2059051369255251,SP,sao paulo,low_volume,low_volume,low_volume__low_volume
3968920b9aa752ab98f7d5888c9252f2,8,681.01,523.3,157.71,85.12625,9.638804976851851,0.125,3.875,0.25,0.5,468.46501779150765,0.2508818871320968,SP,bauru,low_volume,low_volume,low_volume__low_volume
3969863bb8af7f72580b3b1ffd3a17b3,12,850.02,623.15,226.87,70.835,10.236331018518518,0.0,4.083333333333333,0.08333333333333333,0.5,480.93801018629944,0.258568735286473,SP,sao paulo,low_volume,low_volume,low_volume__low_volume
397c4d0c005b6f41f90098ac724e28cb,5,8622.369999999999,8177.0,445.37,1724.4739999999997,16.082599537037037,0.4,4.4,0.0,0.8,829.6047763769669,0.05569743394722835,SP,santo andre,low_volume,low_volume,low_volume__low_volume
3985a3c45be355a4c57fde108bfabd1c,7,516.2,344.2,172.0,73.74285714285715,11.443118386243386,0.0,4.0,0.14285714285714285,0.8571428571428571,1308.9637869190867,0.35935501551624066,RS,rolante,low_volume,low_volume,low_volume__low_volume
3986c0b54f6b748b75e7bd4e092aa3e5,1,40.27,24.99,15.28,40.27,6.12349537037037,0.0,5.0,0.0,1.0,343.17647159832137,0.3794387881797864,PR,curitiba,low_volume,low_volume,low_volume__low_volume
398cb257329ef7af7f1943a8974a3cbc,1,161.37,145.9,15.47,161.37,7.091377314814815,0.0,5.0,0.0,0.0,712.4707252649367,0.09586664187891182,BA,salvador,low_volume,low_volume,low_volume__low_volume
39a5005f2605cbdb4f9ac14485cabfd1,3,733.66,501.07,232.58999999999997,244.5533333333333,9.623873456790124,0.0,5.0,0.0,1.0,1177.2598447375676,0.29714459252501846,SP,barretos,low_volume,low_volume,low_volume__low_volume
39c763cca83e654764b7a4a650fb9b7c,11,984.21,761.0,223.21,89.47363636363637,13.490741792929294,0.18181818181818182,3.8181818181818183,0.2727272727272727,0.7272727272727273,660.2950554762693,0.22889510417160874,GO,goiania,low_volume,low_volume,low_volume__low_volume
39d54ff918774174706fb065d7f9dc07,23,1956.99,1593.59,363.4,85.08652173913043,13.90331492003367,0.13043478260869565,3.9130434782608696,0.2608695652173913,0.6956521739130435,631.4011725041928,0.24858191648059905,SP,sao paulo,low_volume,low_volume,low_volume__low_volume
39d61be7a92eb77b7da367bd4845bc0e,7,909.62,700.59,209.03,129.94571428571427,10.782415674603174,0.0,4.0,0.14285714285714285,0.5714285714285714,569.7699674527529,0.23450313142525467,SP,sao paulo,low_volume,low_volume,low_volume__low_volume
39f776d2974049026ff531fc42ef2a3e,3,1174.4099999999999,1084.04,90.37,391.46999999999997,16.382831790123458,0.0,3.6666666666666665,0.3333333333333333,1.0,863.1507873687566,0.13774492386727635,GO,goiania,low_volume,low_volume,low_volume__low_volume
3a1a1fec38dd360f15fc912e821e169d,15,2378.63,2007.38,371.25,158.57533333333333,14.4335262345679,0.26666666666666666,3.8666666666666667,0.2,0.4,434.7480818342138,0.17540109901367582,SP,sao paulo,low_volume,low_volume,low_volume__low_volume
3a3c180dd702a725bd0ba4117689239e,1,77.38,41.9,35.48,77.38,13.821863425925926,0.0,4.0,0.0,1.0,626.2724886385073,0.45851641250969244,PR,uniao da vitoria,low_volume,low_volume,low_volume__low_volume
3a3e46d10f74d8a6ca76e2b538f106a0,3,409.98,334.9,75.08,136.66,19.48721064814815,0.3333333333333333,3.3333333333333335,0.3333333333333333,0.3333333333333333,428.0601098154771,0.21130042910929017,SP,sao paulo,low_volume,low_volume,low_volume__low_volume
3a4127e1ba7208ea37044c5092aae170,6,2310.95,2219.6,91.35000000000001,385.1583333333333,11.77629861111111,0.0,3.5,0.3333333333333333,0.5,701.1042672007737,0.039850168458341474,SP,sao paulo,low_volume,low_volume,low_volume__low_volume
3a490ba60afa30ece0e7d50cfe74a4f0,8,1695.07,1529.2,165.87,211.88375,11.933512731481482,0.0,4.625,0.0,0.875,715.6911449374777,0.0969379287905555,MG,belo horizonte,low_volume,low_volume,low_volume__low_volume
3a52d63a8f9daf5a28f3626d7eb9bd28,1,52.78,35.0,17.78,52.78,6.339652777777777,0.0,1.0,1.0,1.0,1408.4132318141626,0.33687002652519893,SP,aguas claras df,low_volume,low_volume,low_volume__low_volume
3a734b715d333a2588a3d54a0c9b8746,18,2859.16,2463.52,395.64,158.8422222222222,12.267248456790124,0.05555555555555555,3.9444444444444446,0.16666666666666666,0.6666666666666666,810.4284164104007,0.14522006356256675,SP,osasco,low_volume,low_volume,low_volume__low_volume
3a79f35a2344ede41af21267f61d5ec6,1,217.71,186.0,31.71,217.71,14.27412037037037,0.0,1.0,1.0,1.0,538.3445836366407,0.14565247347388727,SP,campinas,low_volume,low_volume,low_volume__low_volume
3aa3c89ae3cd482385568be76120f63c,1,48.94,29.9,19.04,48.94,10.831493055555557,0.0,4.0,0.0,1.0,806.9275090013364,0.3890478136493666,GO,goiania,low_volume,low_volume,low_volume__low_volume
3ab971ce71839580d2ae5b4e40fe8044,34,5607.99,4747.1,860.89,164.94088235294117,6.771728622004357,0.08823529411764706,3.911764705882353,0.20588235294117646,0.29411764705882354,382.00951667435754,0.15358958055597738,SP,sao paulo,standard_value,high_risk,standard_value__high_risk
3ac588cd562971392504a9e17130c40b,1,19.29,11.9,7.39,19.29,7.089305555555556,0.0,5.0,0.0,0.0,140.51269727525545,0.3831000518403318,SP,limeira,low_volume,low_volume,low_volume__low_volume
3ade81dab5a172b88e1871c28ae05260,29,7087.23,5572.6,1514.63,244.38724137931032,14.345733453360767,0.13793103448275862,4.0,0.20689655172413793,0.4827586206896552,639.0963097466491,0.21022178655898238,SP,sao jose do rio preto,low_volume,low_volume,low_volume__low_volume
3afc536624bc2e65bddfb5db33cc01f3,6,419.07,312.0,107.07000000000001,69.845,9.890516975308643,0.16666666666666666,3.5,0.3333333333333333,0.6666666666666666,521.4587972116115,0.25358640114368025,MG,belo horizonte,low_volume,low_volume,low_volume__low_volume
3b15288545f8928d3e65a8f949a28291,103,16372.37,13941.8,2430.57,158.95504854368932,14.197423958333333,0.05825242718446602,4.009708737864078,0.13592233009708737,0.5436893203883495,546.829742426786,0.15341809629908398,SP,ibitinga,standard_value,standard_risk,standard_value__standard_risk
3b18f9856c6eb2413eafedb58e9eecd9,1,335.09,315.0,20.09,335.09,9.18412037037037,0.0,5.0,0.0,1.0,362.5563035748211,0.05995404219761855,SP,santo andre,low_volume,low_volume,low_volume__low_volume
3b872fd4747f01cc56206f2934198618,25,3843.11,2726.7400000000002,1116.37,153.7244,14.487653240740743,0.16,3.88,0.16,0.44,375.85242094925775,0.2750489621253254,SP,ibitinga,low_volume,low_volume,low_volume__low_volume
3bb32fedaa74e4ad20f4ce067733bd31,2,162.56,103.69999999999999,58.86,81.28,7.152453703703704,0.0,4.5,0.0,1.0,834.8884753359482,0.35929769964105907,SC,porto belo,low_volume,low_volume,low_volume__low_volume
3bb548e3cb7f70f28e3f11ee9dce0e59,46,8586.81,7690.02,896.79,186.66978260869564,10.905072463768116,0.0,4.195652173913044,0.13043478260869565,0.9347826086956522,695.0954617591613,0.12657006238165722,PR,maringa,standard_value,standard_risk,standard_value__standard_risk
3bdff180c7e1f6551a643b99c265a120,58,4095.98,3065.0,1030.98,70.62034482758621,10.129876683501683,0.05172413793103448,4.086206896551724,0.13793103448275862,0.5517241379310345,459.79851713726435,0.27872525770647166,SP,sao paulo,standard_value,standard_risk,standard_value__standard_risk
3be5841cdcc46de4ed3f9116f104b2c5,4,687.95,599.6,88.35,171.9875,8.005859375,0.0,4.75,0.0,0.75,412.541690204698,0.12771008593260955,SP,barueri,low_volume,low_volume,low_volume__low_volume
3be634553519fb6536a03e1358e9fdc7,83,7226.65,5370.95,1855.7,87.06807228915662,10.08215480324074,0.08433734939759036,3.963855421686747,0.18072289156626506,0.5180722891566265,449.7395447443574,0.27315941830519647,SP,sao paulo,standard_value,high_risk,standard_value__high_risk
3bfad056cf05c00dabe2f895925d83b1,1,253.35000000000002,206.64999999999998,46.7,253.35000000000002,,0.0,1.0,1.0,0.0,96.12318067364659,0.18432997829090192,SP,osasco,low_volume,low_volume,low_volume__low_volume
3bfba5a77604f6dfae7e6dd7aaf65821,4,2218.19,2095.5,122.69,554.5475,9.362138310185186,0.0,5.0,0.0,0.75,839.0072213568176,0.19840810601951092,PR,londrina,low_volume,low_volume,low_volume__low_volume
3c010235b7345c92f125d14ee232a76b,15,4005.3199999999997,3578.0,427.32,267.0213333333333,11.039577932098764,0.0,4.666666666666667,0.0,0.9333333333333333,826.5226167265477,0.1058826959709691,PR,mandirituba,low_volume,low_volume,low_volume__low_volume
3c03b12bab54d8b37d79d914bfdb1aa0,36,4731.73,4068.66,663.07,131.43694444444444,13.89065168467078,0.16666666666666666,3.8333333333333335,0.19444444444444445,0.8611111111111112,555.5924753465769,0.20885899417237458,RJ,sao joao de meriti,standard_value,high_risk,standard_value__high_risk
3c3017960b2dbd72711a61f0400aab8f,10,1222.89,968.8000000000001,254.09,122.28900000000002,12.523006687242798,0.0,4.0,0.2,1.0,1313.9371828202734,0.2126164583275878,SC,jaragua do sul,low_volume,low_volume,low_volume__low_volume
3c487ae8f8d7542beff5788e2e0aea83,30,10105.35,9385.699999999999,719.65,336.845,13.742282793209876,0.03333333333333333,4.2,0.1,0.9,828.8600824490006,0.07566405092034309,DF,gama,standard_value,standard_risk,standard_value__standard_risk
3c4e0452bff7a2a788179488d3d77032,31,4311.52,3719.5,592.02,139.08129032258066,13.435815038829151,0.03225806451612903,3.838709677419355,0.1935483870967742,0.9032258064516129,513.5514805336667,0.14687624414338954,PR,colombo,standard_value,high_risk,standard_value__high_risk
3c7c4a49ec3c6550809089c6a2ca9370,141,5858.3,4033.6400000000003,1824.6599999999999,41.54822695035461,9.574326622035704,0.07801418439716312,3.6595744680851063,0.28368794326241137,0.3546099290780142,325.33200980705413,0.37609426438194865,SP,sao paulo,standard_value,high_risk,standard_value__high_risk
3c88ed2e76a2247933a15daa7161eb1c,1,306.2,155.0,151.2,306.2,19.908125,0.0,5.0,0.0,1.0,765.5675213193256,0.49379490529065967,SP,cosmopolis,low_volume,low_volume,low_volume__low_volume
3ca08eeb8d5595949fed424bd3677742,14,2235.1,1768.8700000000001,466.23,159.65,10.300126424501425,0.0,4.428571428571429,0.07142857142857142,0.8571428571428571,406.94774732097176,0.19163943307221834,PR,curitiba,low_volume,low_volume,low_volume__low_volume
3cfa1358a6caa965278721344c8d76f2,5,3221.5299999999997,3140.2799999999997,81.25,644.3059999999999,6.302104166666666,0.0,4.8,0.0,0.2,235.8625019721588,0.09058454672059568,SP,sao bernardo do campo,low_volume,low_volume,low_volume__low_volume
3d01d1c414c44b5943a09619ff3853cb,5,484.94000000000005,402.6,82.33999999999999,96.98800000000001,13.825367476851852,0.0,3.8,0.2,1.0,1157.5824254497265,0.17165308242744343,SP,campinas,low_volume,low_volume,low_volume__low_volume
3d0cd21d41671c46f82cd11176bf7277,9,622.38,447.8,174.57999999999998,69.15333333333334,12.853112139917695,0.0,4.666666666666667,0.0,1.0,445.83520441088064,0.301229907990669,SC,joinville,low_volume,low_volume,low_volume__low_volume
3d2400ac620cffa23ac81bd192f7f555,1,113.9,105.0,8.9,113.9,7.352754629629629,0.0,5.0,0.0,0.0,90.96928881448258,0.0781387181738367,SP,sao bernardo do campo,low_volume,low_volume,low_volume__low_volume
3d2531eccfbde1d7c8db7a3a12fb267a,9,2059.7799999999997,1899.55,160.23000000000002,228.86444444444442,8.84434799382716,0.0,4.222222222222222,0.1111111111111111,0.8888888888888888,647.2832749674818,0.10401492918329491,MG,contagem,low_volume,low_volume,low_volume__low_volume
3d290fe363c60a77498c1126fd3fb8d3,3,234.04,198.98,35.06,78.01333333333334,7.46141975308642,0.0,4.333333333333333,0.0,0.3333333333333333,148.66671890469993,0.24245497292814186,SP,itapevi,low_volume,low_volume,low_volume__low_volume
3d39fbf22a665714baf62fae36029e23,8,2634.83,2504.2,130.63,329.35375,8.57480179398148,0.0,4.75,0.0,0.5,375.2729275763359,0.07156941311191174,SP,campinas,low_volume,low_volume,low_volume__low_volume
3d3ccf2b2f8134b10dce9dd446f0e075,3,750.53,608.6,141.93,250.17666666666665,16.772862654320985,0.3333333333333333,3.3333333333333335,0.3333333333333333,0.6666666666666666,985.0774121512612,0.22386491978513567,SP,ibitinga,low_volume,low_volume,low_volume__low_volume
3d4824f20035949c710eaf111f869d39,9,1214.58,1041.04,173.54,134.95333333333332,8.629752604166667,0.1111111111111111,4.111111111111111,0.2222222222222222,0.6666666666666666,429.6710300096225,0.2639857172893342,SP,sorocaba,low_volume,low_volume,low_volume__low_volume
3d49bfdd1b43a7fe169b3740067acc61,3,276.82,215.0,61.82,92.27333333333333,8.759347993827161,0.0,4.666666666666667,0.0,1.0,833.8248603814073,0.22822014512051814,MG,montes claros,low_volume,low_volume,low_volume__low_volume
3d4b1ae7539303b5704493798893e82c,6,1221.69,1076.0,145.69,203.615,12.075733024691358,0.0,4.833333333333333,0.0,0.8333333333333334,437.5650074450654,0.1493668465087671,SP,sao paulo,low_volume,low_volume,low_volume__low_volume
3d5d0dc7073a299e31fa718ce1bc00b6,23,1178.1299999999999,790.7,387.43,51.22304347826086,8.493292548500882,0.08695652173913043,4.304347826086956,0.17391304347826086,0.6956521739130435,617.1068629225664,0.3720012156515267,RJ,rio de janeiro,low_volume,low_volume,low_volume__low_volume
3d621842b2ed28e2b474132480edac3c,10,1080.7,928.9100000000001,151.79,108.07000000000001,9.898842592592594,0.0,3.9,0.2,0.5,437.49829078975927,0.342471886669386,SP,sao paulo,low_volume,low_volume,low_volume__low_volume
3d62f86afa7c73be2628a3be1423f5a0,2,54.42,12.0,42.42,27.21,16.73105902777778,0.0,4.0,0.0,1.0,2008.8681827066316,0.7735166526854425,SP,jacarei,low_volume,low_volume,low_volume__low_volume
3d68c634a99a1ba46dbca3967a69c623,2,857.7,594.0,263.7,428.85,9.19443287037037,0.0,5.0,0.0,1.0,867.6988062111411,0.3072968448522072,SC,nova trento,low_volume,low_volume,low_volume__low_volume
3d700782d7818f2c1e0d7a9e9d75fc00,3,235.11,149.7,85.41,78.37,25.728460648148147,0.3333333333333333,3.6666666666666665,0.3333333333333333,1.0,1378.8575632351756,0.34714646903134505,SP,sertanopolis,low_volume,low_volume,low_volume__low_volume
3d871de0142ce09b7081e2b9d1733cb1,1069,116087.3,93911.8,22175.5,108.59429373246024,13.485478318121064,0.057998129092609915,4.152478952291862,0.11506080449017773,0.5696913002806361,506.2017854842189,0.20696930123333263,SP,campo limpo paulista,high_value,standard_risk,high_value__standard_risk
3d8fa2f5b647373c8620330c4e077a9f,42,4120.349999999999,3367.73,752.62,98.10357142857141,9.075926772809394,0.023809523809523808,4.154761904761905,0.14285714285714285,0.47619047619047616,532.7293587208005,0.18714716077480256,SP,sao paulo,standard_value,standard_risk,standard_value__standard_risk
3da38366e7bd9baf6369071f782ecdf0,1,86.43,59.47,26.96,86.43,53.34842592592592,1.0,1.0,1.0,1.0,1352.8658110329889,0.3119287284507694,CE,fortaleza,low_volume,low_volume,low_volume__low_volume
3db66a856d18a9cba7c9241fc5221c50,94,11522.66,9478.300000000001,2044.36,122.58148936170213,16.00484670508274,0.11702127659574468,4.191489361702128,0.10638297872340426,0.776595744680851,681.8187972518444,0.19631141747092082,MG,ponte nova,standard_value,standard_risk,standard_value__standard_risk
3dbbce181edfaa4a597ec858c382d2ec,17,1288.57,848.3,440.27,75.79823529411765,14.002171160130718,0.11764705882352941,4.235294117647059,0.11764705882352941,0.9411764705882353,717.6259979287893,0.35573095441229513,PR,curitiba,low_volume,low_volume,low_volume__low_volume
3dc69bf2c42f0568a5c4791ec3fd3745,2,334.43,300.0,34.43,167.215,26.271979166666668,0.0,4.0,0.0,1.0,892.8359888469905,0.10294602792415847,SP,sao paulo,low_volume,low_volume,low_volume__low_volume
3ded4e2d5f135cb103e5949d7263d2dd,1,62.379999999999995,49.9,12.48,62.379999999999995,5.149016203703703,0.0,5.0,0.0,0.0,458.2755527438319,0.20006412311638347,MG,pouso alegre,low_volume,low_volume,low_volume__low_volume
3df020b72d3d44b3af9d110fa3940b65,55,6749.469999999999,5039.9,1709.57,122.71763636363634,13.432020412457913,0.12727272727272726,4.054545454545455,0.14545454545454545,0.5818181818181818,772.1978544569961,0.24730446784012214,SP,jales,standard_value,standard_risk,standard_value__standard_risk
3dfd3dc96f7f8598eca74e9ac8a2fa31,6,258.7,183.0,75.7,43.11666666666667,12.230414737654321,0.16666666666666666,4.0,0.16666666666666666,0.5,556.3790622540411,0.33403073807840117,SP,sao paulo,low_volume,low_volume,low_volume__low_volume
3e35a8bb43569389d3cebef0ce820f69,1,84.68,55.8,28.88,84.68,7.917349537037037,0.0,5.0,0.0,0.0,105.05354959159887,0.34104865375531407,SP,sao paulo,low_volume,low_volume,low_volume__low_volume
3e46a38ee171c503c3b4a3f23fe3bf0c,1,69.00999999999999,59.9,9.11,69.00999999999999,4.184652777777778,0.0,5.0,0.0,0.0,79.41279119543515,0.13200985364439938,SP,sorocaba,low_volume,low_volume,low_volume__low_volume
3e51f9cbe317bc3a88f2c76583811ee4,1,84.78,76.09,8.69,84.78,8.87136574074074,0.0,5.0,0.0,0.0,28.215286217358074,0.10250058976173625,SP,sao paulo,low_volume,low_volume,low_volume__low_volume
3e8bd881d92466e63ba9e3e809cd3c50,8,2175.6,1987.29,188.31,271.95,12.999176587301589,0.25,4.125,0.125,0.75,995.5418928984939,0.10393075084466276,RJ,rio de janeiro,low_volume,low_volume,low_volume__low_volume
3ea00e1dea2b0659dbaf654735929220,7,649.97,505.0,144.97,92.85285714285715,11.446294642857143,0.0,4.857142857142857,0.0,0.7142857142857143,981.5120995316294,0.2176926403280284,PR,curitiba,low_volume,low_volume,low_volume__low_volume
3ea08c48e851106d2f584349daba335f,1,192.94,170.0,22.94,192.94,6.003807870370371,0.0,4.0,0.0,0.0,144.47951305882225,0.11889706644552711,MG,barbacena,low_volume,low_volume,low_volume__low_volume
3ef37b7ca6dd2b80bd8af81a62504996,2,740.97,700.0,40.97,370.485,14.346006944444444,0.0,4.5,0.0,1.0,757.7800365644983,0.055270456801839604,SP,sao paulo,low_volume,low_volume,low_volume__low_volume
3f0e48d209018b466fcd3bb4ccfeb520,9,5654.799999999999,5399.0,255.79999999999998,628.311111111111,9.594345421810699,0.0,3.888888888888889,0.2222222222222222,1.0,836.2600254533559,0.04432480408104585,PR,curitiba,low_volume,low_volume,low_volume__low_volume
3f2af2670e104d1bcb54022274daeac5,6,1334.18,973.6,360.58,222.36333333333334,19.514961419753085,0.16666666666666666,3.3333333333333335,0.3333333333333333,0.8333333333333334,779.15618610941,0.2604204474191015,PR,terra boa,low_volume,low_volume,low_volume__low_volume
3f3486b61f45078d4f31ee5e43d8c5bb,40,4726.57,3829.73,896.84,118.16425,13.880131469610637,0.15,4.325,0.075,0.625,540.7520537748752,0.19881877346015858,SP,sao paulo,standard_value,standard_risk,standard_value__standard_risk
3f8034bfc6b8b4135534975d49f04c63,12,1594.51,1313.9,280.61,132.87583333333333,10.890319865319865,0.0,3.75,0.25,1.0,891.0158672384828,0.21880560451279343,PR,curitiba,low_volume,low_volume,low_volume__low_volume
3f8247d0f772ffa58560e5c682521ad5,1,158.45000000000002,139.9,18.55,158.45000000000002,,0.0,3.0,0.0,1.0,679.4109312131453,0.11707163142947301,SC,joinville,low_volume,low_volume,low_volume__low_volume
3f84fefc07dc159b268d4a77d3e8c425,3,251.92000000000002,200.6,51.32,83.97333333333334,8.068271604938271,0.0,5.0,0.0,1.0,504.208900054552,0.22421292991195088,PR,fazenda rio grande,low_volume,low_volume,low_volume__low_volume
3f995f07c49d0d55a99d5c54957f7d81,43,4627.2,3955.7,671.5,107.6093023255814,9.59438630490956,0.023255813953488372,4.209302325581396,0.09302325581395349,0.6976744186046512,657.5631244887682,0.15155169966777915,SP,itapecerica da serra,standard_value,standard_risk,standard_value__standard_risk
3f9be91358837bff69df67edfa3e42e8,7,702.06,569.7,132.36,100.2942857142857,9.842959656084657,0.0,4.428571428571429,0.14285714285714285,1.0,561.760976947145,0.2251146452652816,PR,londrina,low_volume,low_volume,low_volume__low_volume
3f9c56764fabca627406093dcb3ef0b4,7,1014.95,909.3000000000001,105.64999999999999,144.99285714285716,8.48726355820106,0.0,4.714285714285714,0.0,0.42857142857142855,174.542349240155,0.10374529319477235,RJ,rio de janeiro,low_volume,low_volume,low_volume__low_volume
3fac58ce0ad699020c7944d53c41329c,10,1427.97,1244.95,183.02,142.797,4.886935185185185,0.2,4.4,0.1,0.1,164.92169156722142,0.1702632461825664,SP,sao paulo,low_volume,low_volume,low_volume__low_volume
3fadb4cba4c35bce6a7eaf9872d5623a,3,277.52,209.5,68.02000000000001,92.50666666666666,9.260574845679013,0.0,3.3333333333333335,0.3333333333333333,0.3333333333333333,508.7449207932029,0.23793306037101755,RS,caxias do sul,low_volume,low_volume,low_volume__low_volume
3faf68a3b0af94b10bac70d86077be49,7,1442.0900000000001,1322.93,119.16,206.01285714285717,16.159052579365078,0.0,4.571428571428571,0.0,0.42857142857142855,222.2678219249385,0.08252272490206385,SP,holambra,low_volume,low_volume,low_volume__low_volume
3fd1e727ba94cfe122d165e176ce7967,37,3394.42,2805.2000000000003,589.22,91.74108108108108,15.705679563492062,0.1891891891891892,3.7837837837837838,0.21621621621621623,0.5405405405405406,584.3414332658328,0.2150221460358856,SP,araraquara,standard_value,high_risk,standard_value__high_risk
3fe7120d6257285ac6a3ce7cb071ccec,2,228.26,199.98,28.28,114.13,9.570578703703703,0.0,3.5,0.0,0.5,631.9469306152721,0.12377836514736,MG,governador valadares,low_volume,low_volume,low_volume__low_volume
3febca52652e7209509ccfe61cbde40e,2,100.9,84.0,16.9,50.45,,0.0,2.0,0.5,0.0,74.88359364507335,0.16749256689791872,SP,itaquaquecetuba,low_volume,low_volume,low_volume__low_volume
3fefda3299e6dfaea3466ef346a3571a,1,225.21,209.0,16.21,225.21,6.3142708333333335,0.0,4.0,0.0,1.0,366.33095087584815,0.07197726566315883,PR,curitiba,low_volume,low_volume,low_volume__low_volume
4003520d80d0bad1d5623f7aa3c63cda,1,86.74,70.0,16.74,86.74,17.079074074074075,0.0,1.0,1.0,1.0,364.5399659591347,0.1929905464606871,RJ,rio de janeiro,low_volume,low_volume,low_volume__low_volume
402916f742e5c740cc751493d9cf5053,9,1478.43,1252.0,226.43,164.27,6.386786265432098,0.0,4.666666666666667,0.0,0.8888888888888888,614.3655473850516,0.16530434998194932,MG,guanhaes,low_volume,low_volume,low_volume__low_volume
403aa86912527d730337ffcb0fb096ab,10,8251.72,8069.9,181.82,825.1719999999999,10.907346064814814,0.0,4.0,0.1,0.7,633.4342744466126,0.04638997313936888,MG,belo horizonte,low_volume,low_volume,low_volume__low_volume
4049512728d969bec69f84088b012416,7,550.27,389.84,160.43,78.61,10.469077380952383,0.0,5.0,0.0,0.5714285714285714,499.99786309369364,0.3243592551955383,MG,belo horizonte,low_volume,low_volume,low_volume__low_volume
404e1ba01358af4cd63f679b2c4d1fa1,8,551.73,373.9,177.82999999999998,68.96625,8.209917534722223,0.0,5.0,0.0,0.75,539.1480663837608,0.33887168906308174,MG,juiz de fora,low_volume,low_volume,low_volume__low_volume
40536e7ca18e1bce252828e5876466cc,2,963.0,463.96,499.04,481.5,,0.0,1.0,1.0,1.0,594.3845491186635,0.5182139148494289,SP,caieiras,low_volume,low_volume,low_volume__low_volume
406740ee611378a662d274c7d8c43c4a,8,1972.08,1790.0,182.08,246.51,15.207686631944444,0.125,4.375,0.125,1.0,742.5122185912084,0.11829609290742028,ES,vitoria,low_volume,low_volume,low_volume__low_volume
406822777a0b9eb5c50e442dd4cd3ec5,44,4523.0,3588.1800000000003,934.8199999999999,102.79545454545455,12.938936800172264,0.11363636363636363,4.295454545454546,0.09090909090909091,0.5454545454545454,525.1119288749733,0.2347426077859547,SP,tatui,standard_value,standard_risk,standard_value__standard_risk
4091f77d8c768fc3e81c20761471761d,8,1309.8700000000001,1079.0,230.87,163.73375000000001,18.032364004629628,0.25,2.75,0.375,0.75,495.08851879241496,0.16325439051300208,SP,sao paulo,low_volume,low_volume,low_volume__low_volume
40d54b51e962dbe09cabbcfd33298dee,30,7323.25,6785.5599999999995,537.69,244.10833333333332,7.3339942129629625,0.0,4.0,0.2,0.3,324.8407829570193,0.1087330402822838,SP,santo andre,standard_value,high_risk,standard_value__high_risk
40db9e9aa57f7bb151bcda6b0f9bdbb7,11,21925.38,21380.0,545.38,1993.2163636363637,14.99361005892256,0.09090909090909091,2.3636363636363638,0.6363636363636364,1.0,1532.3317723344262,0.02475321494270755,PE,recife,low_volume,low_volume,low_volume__low_volume
40ec8ab6cdafbcc4f544da38c67da39a,2,157.0,117.8,39.2,78.5,6.5789583333333335,0.0,5.0,0.0,1.0,416.82520331858404,0.2496815286624204,PR,francisco beltrao,low_volume,low_volume,low_volume__low_volume
411f3b52d857390502ee4e4d5ceabc2d,19,2089.41,1743.71,345.7,109.96894736842104,10.379507797270955,0.15789473684210525,4.105263157894737,0.15789473684210525,0.47368421052631576,341.43630345384673,0.24785938861955156,SP,ribeirao pires,low_volume,low_volume,low_volume__low_volume
4125d9385a25e82d2f72d3a0fd55bc3f,1,61.3,42.9,18.4,61.3,8.990208333333333,0.0,5.0,0.0,1.0,531.171731382181,0.300163132137031,SP,santos,low_volume,low_volume,low_volume__low_volume
412a4720f3e9431b4afa1476a1acddbe,21,2569.16,2058.1,511.06,122.34095238095237,10.530947971781305,0.047619047619047616,4.238095238095238,0.09523809523809523,0.38095238095238093,492.01122156668384,0.2187585931008023,SP,campinas,low_volume,low_volume,low_volume__low_volume
4170f6a9367e6b5d6401d03ce6d54569,4,661.81,568.78,93.03,165.4525,24.803373842592592,0.25,4.0,0.25,1.0,927.9578127273628,0.17051177795155786,DF,brasilia df,low_volume,low_volume,low_volume__low_volume
417a1e6c7321084d2a0ae0d023cfad93,1,61.379999999999995,48.9,12.48,61.379999999999995,6.072372685185186,0.0,5.0,0.0,0.0,109.01576964996573,0.20332355816226785,RS,imigrante,low_volume,low_volume,low_volume__low_volume
41958cbd3335433c8740300e8cd600d5,1,40.38,32.99,7.39,40.38,4.842789351851851,0.0,5.0,0.0,0.0,25.408777843554105,0.18301139177810796,SP,sao paulo,low_volume,low_volume,low_volume__low_volume
41ab63a91b8b264e8c8780368bf1dd5b,12,2874.2200000000003,2571.95,302.27,239.51833333333335,16.308802083333333,0.0,4.25,0.16666666666666666,0.8333333333333334,684.9375511403496,0.12084686956737616,MG,belo horizonte,low_volume,low_volume,low_volume__low_volume
41b14765bd56c8ad10971074380f9c0c,8,514.63,395.5,119.13000000000001,64.32875,7.047965856481481,0.0,4.625,0.125,0.25,356.47002181959164,0.2281074438539087,SP,santo andre,low_volume,low_volume,low_volume__low_volume
41b39e28db005d9731d9d485a83b4c38,195,21042.91,17112.55,3930.36,107.91235897435898,12.370251534957418,0.06153846153846154,4.058974358974359,0.16923076923076924,0.5025641025641026,406.90541889373594,0.21922388203268678,SP,santo andre,high_value,standard_risk,high_value__standard_risk
41b86b552e54e3a7009596125aa8b167,10,1829.91,1595.3000000000002,234.61,182.991,13.90882175925926,0.0,4.3,0.1,0.7,763.6807478824031,0.13863547651713368,SP,sao paulo,low_volume,low_volume,low_volume__low_volume
41c2bad7229b0c25e6becf179ebf63ff,20,971.9200000000001,782.0,189.92,48.596000000000004,4.69347974537037,0.0,4.95,0.0,0.0,8.405623686575066,0.1953692054064295,RN,natal,low_volume,low_volume,low_volume__low_volume
41c9d3997dd3c072c31139dc5bb5761f,3,1110.54,998.8,111.74000000000001,370.18,22.206986882716052,0.0,4.333333333333333,0.0,1.0,1371.1554619521874,0.09944219661130216,MG,araxa,low_volume,low_volume,low_volume__low_volume
41da412d33e8da4f22baf55cb1bde82c,15,1237.06,862.9,374.16,82.47066666666666,10.254511574074074,0.0,4.666666666666667,0.0,0.9333333333333333,569.9338440318239,0.3404393958481788,ES,domingos martins,low_volume,low_volume,low_volume__low_volume
41e0fa5761c886a630994a55c12087e7,5,491.90999999999997,423.6,68.31,98.38199999999999,10.239402777777778,0.0,5.0,0.0,0.4,174.14872448112675,0.1357557869230552,SP,guaruja,low_volume,low_volume,low_volume__low_volume
4200ddf1967c5e41e48db62bc6d4b5ac,19,1060.85,627.3,433.55,55.834210526315786,9.383485623781677,0.0,4.2631578947368425,0.10526315789473684,0.3684210526315789,361.0602883456472,0.40557460744344614,SP,sao bernardo do campo,low_volume,low_volume,low_volume__low_volume
4221a7df464f1fe2955934e30ff3a5a1,5,1089.04,849.5,239.54,217.808,16.569189814814813,0.0,4.8,0.0,1.0,1762.3305397230438,0.21916180948577568,BA,bahia,low_volume,low_volume,low_volume__low_volume
422be4cc81a457fdb46f47edeb968ae5,1,317.37,239.9,77.47,317.37,18.136979166666663,0.0,5.0,0.0,1.0,320.84509706455987,0.24409994643476068,SP,ibitinga,low_volume,low_volume,low_volume__low_volume
427165bf50f8ca07efc7bdc2bfcf1688,5,1692.9,1603.5,89.4,338.58000000000004,38.565872685185184,0.6,3.2,0.4,0.6,455.6707330944167,0.10957313028743428,SP,americana,low_volume,low_volume,low_volume__low_volume
42b6488f5b8246d9141712abd4b1b693,2,289.8,247.99,41.81,144.9,7.897939814814816,0.0,4.0,0.0,1.0,750.5799967620892,0.15935785304993358,PR,maringa,low_volume,low_volume,low_volume__low_volume
42b729f859728f5079499127a9c2ef37,103,5369.49,4069.06,1300.43,52.1309708737864,7.839900031771968,0.07766990291262135,4.466019417475728,0.06796116504854369,0.27184466019417475,245.2141155959949,0.2503445059849429,SP,sao paulo,standard_value,standard_risk,standard_value__standard_risk
42bde9fef835393bb8a8849cb6b7f245,35,8487.84,7703.0,784.84,242.5097142857143,10.372565359477123,0.02857142857142857,4.257142857142857,0.08571428571428572,0.9714285714285714,,0.13346793752000713,DF,brasilia,standard_value,standard_risk,standard_value__standard_risk
42d4b7e70819438f5ada61c965e92d7e,1,100.77999999999999,49.6,51.18,100.77999999999999,21.939131944444444,0.0,1.0,1.0,1.0,652.745301597573,0.5078388569160548,GO,goiania,low_volume,low_volume,low_volume__low_volume
42ef3192a9ff87a22d1867b74b3ee205,23,1655.97,1354.0900000000001,301.88,71.99869565217391,9.308129528985507,0.0,4.6521739130434785,0.043478260869565216,0.30434782608695654,248.32641878026678,0.2529153224007868,SP,santo andre,low_volume,low_volume,low_volume__low_volume
42fa4ee7240e9b8eb4576358ec142ba7,21,4152.74,3646.7,506.04,197.7495238095238,6.932900132275132,0.0,4.809523809523809,0.0,0.7142857142857143,765.3832521681893,0.12266008037181107,RS,caxias do sul,low_volume,low_volume,low_volume__low_volume
42fb44130ac3134cde8e35cf8ec7df25,3,99.14,62.699999999999996,36.44,33.04666666666667,5.903657407407408,0.0,3.6666666666666665,0.3333333333333333,0.3333333333333333,182.70609028696788,0.3674777916765641,SP,pinhalzinho,low_volume,low_volume,low_volume__low_volume
430315b7bb4b6e4b3c978f9dfa9b0558,19,3414.56,2864.4,550.16,179.7136842105263,13.557284356725146,0.05263157894736842,3.9473684210526314,0.21052631578947367,0.631578947368421,562.6146074143282,0.2253544120537633,SP,sao paulo,low_volume,low_volume,low_volume__low_volume
4305fe92735c8a43d154ff6dd2b8d927,19,3314.25,2885.9,428.35,174.43421052631578,11.483929057734205,0.0,3.9473684210526314,0.15789473684210525,0.9473684210526315,885.2056406572983,0.13887929153570058,MG,coronel fabriciano,low_volume,low_volume,low_volume__low_volume
431050a06a317f2b38168dec3dcd2b46,12,1720.95,1487.8,233.15,143.4125,8.922488425925925,0.0,4.25,0.08333333333333333,0.5833333333333334,661.0328508893123,0.14248144044665392,SP,sao paulo,low_volume,low_volume,low_volume__low_volume
431af27f296bc6519d890aa5a05fdb11,116,15112.86,12989.6,2123.2599999999998,130.28327586206896,17.229433876811594,0.15517241379310345,3.7758620689655173,0.2413793103448276,0.5517241379310345,653.5936806254251,0.14601509986066213,SP,ribeirao preto,standard_value,high_risk,standard_value__high_risk
4324dd16853115efb0fd9d0d131ba6f4,12,1379.47,1052.25,327.21999999999997,114.95583333333333,13.36244888117284,0.08333333333333333,4.083333333333333,0.16666666666666666,0.6666666666666666,573.3420767873332,0.24693406316168046,SP,sao jose do rio pardo,low_volume,low_volume,low_volume__low_volume
432c37c9dfba871172ec162e20118b8c,46,3938.54,2968.87,969.67,85.6204347826087,14.598831281565657,0.08695652173913043,4.108695652173913,0.15217391304347827,0.9130434782608695,851.7333554408387,0.2882978550257873,DF,brasilia,standard_value,standard_risk,standard_value__standard_risk
432c67955c0acd1fd6b0b5d678766a71,3,1288.4099999999999,1151.0,137.41,429.46999999999997,6.682824074074074,0.0,2.3333333333333335,0.6666666666666666,1.0,417.50315980413706,0.10588580556032945,SP,sao paulo,low_volume,low_volume,low_volume__low_volume
43402bdf22aa2310e8f99e2f94f78628,4,837.1,649.95,187.15,209.275,16.566171875000002,0.0,2.5,0.5,0.5,156.68414533991645,0.20910494951848171,SP,ribeirao pires,low_volume,low_volume,low_volume__low_volume
4342d4b2ba6b161468c63a7e7cfce593,19,3024.13,2737.2000000000003,286.93,159.16473684210527,15.676087962962963,0.05263157894736842,1.263157894736842,0.9473684210526315,0.7368421052631579,574.5184955728897,0.10094509588752952,RJ,rio de janeiro,low_volume,low_volume,low_volume__low_volume
436bf27f2f18474fc6047702e9f8a866,1,44.42,29.9,14.52,44.42,19.17042824074074,0.0,5.0,0.0,1.0,383.4573741389992,0.3268797838811346,SP,campinas,low_volume,low_volume,low_volume__low_volume
4371b634e0efc0e22b09b52907d9d469,101,9623.0,8154.0,1469.0,95.27722772277228,10.886210532407409,0.06930693069306931,4.445544554455446,0.07920792079207921,0.5643564356435643,447.1541286572898,0.191474229521737,SP,sao paulo,standard_value,standard_risk,standard_value__standard_risk
43753b27d77860f1654aa72e251a7878,1,66.28,23.9,42.38,66.28,27.33425925925926,0.0,5.0,0.0,1.0,2255.4540375851457,0.6394085697042848,BA,barro alto,low_volume,low_volume,low_volume__low_volume
4391ea5c5990502176a1dcda44a2373d,3,2484.3,2349.0,135.3,828.1,12.014274691358025,0.0,4.666666666666667,0.0,1.0,985.2647284566187,0.08738181151417561,RS,porto alegre,low_volume,low_volume,low_volume__low_volume
439a47cc365d6e3bd526812ea9de3c29,8,1410.93,1186.5,224.43,176.36625,7.241585648148148,0.125,4.25,0.125,0.5,412.8503255362489,0.16912124953692748,SP,mogi das cruzes,low_volume,low_volume,low_volume__low_volume
43a1d4bab73b816e44ef4e4facd9f9b5,1,205.4,189.9,15.5,205.4,9.82519675925926,0.0,4.0,0.0,1.0,549.9140940515682,0.07546251217137293,PR,maringa,low_volume,low_volume,low_volume__low_volume
43a5d4a57af536fddc96d08be3afdfcb,1,99.83,75.0,24.83,99.83,11.811469907407409,0.0,1.0,1.0,1.0,241.500908184689,0.24872282880897525,MG,varginha,low_volume,low_volume,low_volume__low_volume
43b2c864251aa0ce4030c746984e088a,2,129.32,94.8,34.52,64.66,5.6157812499999995,0.0,3.0,0.5,1.0,879.5267038646025,0.27717194242502785,DF,brasilia,low_volume,low_volume,low_volume__low_volume
43f8c9950d11ecd03a0304a49e010da6,41,4807.22,4249.59,557.63,117.24926829268293,11.497686314363143,0.07317073170731707,4.560975609756097,0.024390243902439025,0.6829268292682927,691.9726733799507,0.1273767180842527,SP,carapicuiba,standard_value,standard_risk,standard_value__standard_risk
44073f8b7e41514de3b7815dd0237f4f,143,21814.87,18659.64,3155.23,152.55153846153846,13.169202209745206,0.03496503496503497,3.7552447552447554,0.20279720279720279,0.972027972027972,930.7724147728641,0.18320819338325217,DF,brasilia,high_value,high_risk,high_value__high_risk
440dd6ab244315c632130ecfb63827b1,93,15604.77,13526.9,2077.87,167.79322580645163,16.616442434879936,0.12903225806451613,3.849462365591398,0.16129032258064516,0.6559139784946236,919.6360857136972,0.157108171821873,SP,votuporanga,standard_value,standard_risk,standard_value__standard_risk
443d880f15cbd3572885e1d44bf2c478,1,125.0,94.8,30.2,125.0,12.403761574074077,0.0,2.0,1.0,1.0,838.0564009786895,0.24159999999999998,SP,marilia,low_volume,low_volume,low_volume__low_volume
4450bd8327d471c4a11a83d1445b1b62,1,214.56,199.0,15.56,214.56,7.305891203703704,0.0,5.0,0.0,1.0,381.1674096012688,0.07252050708426548,SP,cotia,low_volume,low_volume,low_volume__low_volume
446cc09cdbb130904da114e807dbec40,3,306.97,252.8,54.17,102.32333333333334,4.268302469135803,0.0,4.666666666666667,0.0,0.0,67.82385549909753,0.2897927802220687,SP,sao paulo,low_volume,low_volume,low_volume__low_volume
44717f64ec2a457979cf83c429077666,2,170.91,107.0,63.91,85.455,5.8075115740740735,0.0,5.0,0.0,1.0,994.4440810754011,0.39099795098943924,RS,santa rosa,low_volume,low_volume,low_volume__low_volume
447d377bdb757058acb569025ee18a93,1,83.00999999999999,64.99,18.02,83.00999999999999,18.0040625,0.0,5.0,0.0,1.0,1352.4526540807565,0.21708227924346465,RS,carazinho,low_volume,low_volume,low_volume__low_volume
44ed138eca6214d572ce1d813fb0049b,2,185.8,129.79,56.01,92.9,8.518258101851853,0.0,4.5,0.0,1.0,1071.4170709300108,0.3039722758798931,RS,canoas,low_volume,low_volume,low_volume__low_volume
44f091b5abab8018f682fce8124b85e5,6,1787.71,1680.1,107.60999999999999,297.95166666666665,15.188487654320987,0.3333333333333333,2.5,0.6666666666666666,0.16666666666666666,467.63443562493404,0.09281573117521376,SP,sao paulo,low_volume,low_volume,low_volume__low_volume
45213867cefbf2cd4c6177e10216a951,14,5389.16,4955.42,433.74,384.94,14.91580357142857,0.14285714285714285,3.857142857142857,0.21428571428571427,0.6428571428571429,989.7348777188483,0.0840445176025498,SP,araras,low_volume,low_volume,low_volume__low_volume
4559697a8f7e637227c2eeaed843baff,42,4474.27,3696.0,778.27,106.5302380952381,12.937863544634379,0.07142857142857142,4.0476190476190474,0.16666666666666666,0.6190476190476191,883.4345143411821,0.18839003492386586,SP,presidente prudente,standard_value,standard_risk,standard_value__standard_risk
455befea1bb853c75ccbca94cff26e5c,1,42.05,19.99,22.06,42.05,12.441516203703705,0.0,3.0,0.0,1.0,834.4656402551911,0.5246135552913198,RJ,resende,low_volume,low_volume,low_volume__low_volume
455c5640e8c5bd1b2ee85c0158f85727,8,7186.89,6729.5,457.39,898.36125,14.96896701388889,0.0,4.5,0.0,0.875,1103.4124254547492,0.07936063946759601,SC,luiz alves,low_volume,low_volume,low_volume__low_volume
455f46ef09a9e45667e2981df84b5cc2,2,90.97999999999999,59.8,31.18,45.489999999999995,13.019328703703705,0.0,2.5,0.5,0.5,368.26670628521356,0.34035428838749415,SP,sorocaba,low_volume,low_volume,low_volume__low_volume
457fe919b032a3f7dadba6fb92cf7855,9,1246.1100000000001,1104.89,141.22,138.45666666666668,5.505036008230452,0.1111111111111111,4.777777777777778,0.0,0.4444444444444444,360.53976998052747,0.15156652982855162,SP,paulinia,low_volume,low_volume,low_volume__low_volume
458c6fa920810ce2492da71bc26d9eec,2,862.37,756.76,105.61,431.185,25.40222800925926,0.0,2.5,0.5,1.0,1564.4749350531988,0.12229060805367903,SP,catanduva,low_volume,low_volume,low_volume__low_volume
458d868c9642f55f18f04e951a3fdde6,2,2822.75,2718.0,104.75,1411.375,17.610983796296296,0.0,5.0,0.0,1.0,1125.8810703938789,0.03710917300418699,RS,porto alegre,low_volume,low_volume,low_volume__low_volume
45a3d05fb00435e52a28859dd03703b3,1,1323.79,1299.0,24.79,1323.79,25.719780092592593,0.0,5.0,0.0,1.0,1225.7131076725207,0.018726535175518776,SP,guarulhos,low_volume,low_volume,low_volume__low_volume
45ba18c210d42734ec52c0c1c574e9ee,38,6562.09,5589.13,972.96,172.68657894736842,7.457757275132276,0.05263157894736842,3.8684210526315788,0.21052631578947367,0.42105263157894735,394.22645491855235,0.2116604308275608,SP,sao roque,standard_value,high_risk,standard_value__high_risk
45c20d94d9171b0bcfab3c955e47d67b,4,210.57,129.45999999999998,81.11,52.6425,14.431024305555555,0.0,4.5,0.0,0.75,724.3786847631467,0.4931468307334775,SP,cordeiropolis,low_volume,low_volume,low_volume__low_volume
45d33f715e24d15a6ccf5c17b3a23e3c,59,5742.16,4838.2300000000005,903.93,97.32474576271186,11.551485615079367,0.06779661016949153,4.016949152542373,0.13559322033898305,0.4576271186440678,376.18632574343223,0.19170954833949314,SP,sorocaba,standard_value,standard_risk,standard_value__standard_risk
461ff5303b6c9c1a4a07f40c5aece516,3,161.43,102.69999999999999,58.73,53.81,6.6001157407407405,0.0,3.6666666666666665,0.3333333333333333,1.0,439.5863286187253,0.36063108465283394,PR,pinhais,low_volume,low_volume,low_volume__low_volume
466222e777149751370e7e98fb623b0c,1,105.45,87.9,17.55,105.45,6.829317129629629,0.0,5.0,0.0,1.0,934.2387797215986,0.16642958748221906,RJ,rio de janeiro,low_volume,low_volume,low_volume__low_volume
4677a5437afda5fa7140b927b07be1cc,11,3835.7,3415.7,420.0,348.7,12.510571338383839,0.09090909090909091,4.363636363636363,0.0,0.8181818181818182,699.2793751246147,0.13009814570848674,PR,japira,low_volume,low_volume,low_volume__low_volume
46dc3b2cc0980fb8ec44634e21d2718e,515,137848.9,126166.26000000001,11682.64,267.6677669902912,11.888645414993308,0.062135922330097085,4.194174757281553,0.13203883495145632,0.7592233009708738,564.506103668333,0.09939905507132386,RJ,rio de janeiro,high_value,standard_risk,high_value__standard_risk
46ef1a25845fc051c2998d878354810c,5,348.45000000000005,250.41,98.04,69.69000000000001,16.845016203703704,0.2,4.4,0.0,0.6,320.5237684586243,0.3295199819755193,MG,claudio,low_volume,low_volume,low_volume__low_volume
4736e9d642ef4257cd7622516931eb51,16,1449.77,1078.8700000000001,370.90000000000003,90.610625,4.796315104166666,0.0,4.125,0.125,0.125,190.35251208035925,0.274946296563356,SP,piracicaba,low_volume,low_volume,low_volume__low_volume
47648caee88ccfe951fbb27fbf7b4cbe,3,1632.9900000000002,1564.99,68.0,544.33,13.720875771604938,0.3333333333333333,3.6666666666666665,0.3333333333333333,0.6666666666666666,483.24714616309853,0.041983761028968315,SP,diadema,low_volume,low_volume,low_volume__low_volume
478bfe564db21eeb44386606aa30b650,3,230.8,182.70000000000002,48.1,76.93333333333334,13.974162808641973,0.0,4.666666666666667,0.0,1.0,905.0443399005202,0.24521240890093363,MG,pedro leopoldo,low_volume,low_volume,low_volume__low_volume
47efca563408aae19bb7206c2d969ea9,12,2965.32,2522.0,443.32,247.11,13.789200336700338,0.0,4.083333333333333,0.16666666666666666,0.9166666666666666,1423.4383268087643,0.19772113281770312,PI,teresina,low_volume,low_volume,low_volume__low_volume
47f55702f598c7c6cc8458b0fbc1c49a,1,94.77,75.0,19.77,94.77,17.29196759259259,0.0,5.0,0.0,1.0,1105.381467242379,0.20861031972143085,MG,dores de campos,low_volume,low_volume,low_volume__low_volume
48162d548f5b1b11b9d29d1e01f75a61,68,22592.170000000002,20510.14,2082.03,332.23779411764707,11.606531285072952,0.029411764705882353,3.8970588235294117,0.19117647058823528,0.6764705882352942,741.2821260139394,0.14342146830551272,SP,piracicaba,high_value,high_risk,high_value__high_risk
4830e40640734fc1c52cd21127c341d4,209,12902.97,9793.48,3109.49,61.7366985645933,9.976384633714597,0.06698564593301436,4.148325358851674,0.12440191387559808,0.5550239234449761,524.230046065487,0.2581353932129492,SP,sao paulo,standard_value,standard_risk,standard_value__standard_risk
48328ec9a579151d9cc6a86d4a59336c,1,1196.78,1099.0,97.78,1196.78,21.226134259259258,0.0,2.0,1.0,1.0,1482.7279844118345,0.08170256855896656,RS,canoas,low_volume,low_volume,low_volume__low_volume
483ca627d131e18f988349b1655c0acd,1,283.73,264.0,19.73,283.73,15.342986111111111,0.0,5.0,0.0,1.0,363.99515066381065,0.06953794100024671,SP,mogi mirim,low_volume,low_volume,low_volume__low_volume
48436dade18ac8b2bce089ec2a041202,138,15183.64,12271.710000000001,2911.93,110.0263768115942,14.353559373272526,0.07246376811594203,4.0144927536231885,0.15217391304347827,0.6956521739130435,617.4630224305445,0.2086775347328639,SP,volta redonda,standard_value,standard_risk,standard_value__standard_risk
485452467ff670447e84a8370c3fc898,3,315.44,175.7,139.74,105.14666666666666,14.225609567901236,0.0,4.666666666666667,0.0,1.0,429.8993194597944,0.42420430291798245,SC,taio,low_volume,low_volume,low_volume__low_volume
4867209cb29b56b92893d7bde3ce8012,1,169.15,150.0,19.15,169.15,10.228275462962962,0.0,4.0,0.0,1.0,697.541932862296,0.11321312444575819,SP,jau,low_volume,low_volume,low_volume__low_volume
4869f7a5dfa277a7dca6462dcf3b52b2,1124,248102.61,228071.04,20031.57,220.73185943060497,14.990530063553695,0.11387900355871886,4.133451957295374,0.13523131672597866,0.6014234875444839,608.5583695622212,0.0911204259884493,SP,guariba,high_value,standard_risk,high_value__standard_risk
48985c61529077fa4f1e38bcff0f2ed3,7,1027.37,879.3000000000001,148.07,146.76714285714283,10.342812499999999,0.0,4.428571428571429,0.0,1.0,1478.0631729727706,0.14440684601292014,RS,porto alegre,low_volume,low_volume,low_volume__low_volume
48b6c3f4c6a93171da04b75313f2130f,2,328.05999999999995,290.26,37.8,164.02999999999997,24.125260416666666,0.0,5.0,0.0,1.0,763.3738547396507,0.11563243113938304,SP,osvaldo cruz,low_volume,low_volume,low_volume__low_volume
48bad451945f5227341793478d6353ea,3,384.49,307.0,77.49000000000001,128.16333333333333,22.083051697530863,0.3333333333333333,4.0,0.0,0.6666666666666666,627.8971976552581,0.18556082139712834,SP,sao paulo,low_volume,low_volume,low_volume__low_volume
48e5ee06fb2dc74df1c711a9b6dfac2a,1,102.30000000000001,57.0,45.3,102.30000000000001,11.242453703703704,0.0,5.0,0.0,1.0,279.4521264679611,0.4428152492668621,MG,oliveira,low_volume,low_volume,low_volume__low_volume
48e954b2da4f6a750c844173b347ed40,2,556.81,397.8,159.01,278.405,8.116221064814816,0.0,4.5,0.0,1.0,822.4117859861162,0.24580230038940803,RS,porto alegre,low_volume,low_volume,low_volume__low_volume
48efc9d94a9834137efd9ea76b065a38,33,666.0,345.6,320.40000000000003,20.181818181818183,10.793470468574634,0.0,5.0,0.0,0.06060606060606061,62.549615213496786,0.48050094304847174,PR,curitiba,standard_value,standard_risk,standard_value__standard_risk
48fb026ed7455a42f5d3e9390ed5088e,11,779.14,555.71,223.43,70.83090909090909,11.88611239711934,0.0,2.6363636363636362,0.5454545454545454,0.9090909090909091,937.7982805363284,0.32578848497233603,RJ,barra mansa,low_volume,low_volume,low_volume__low_volume
49067458c68f7701fd334ce326accbe0,17,1621.5,1047.6499999999999,573.85,95.38235294117646,12.204551334422657,0.058823529411764705,3.3529411764705883,0.35294117647058826,0.8823529411764706,392.64246184123914,0.3410354619828165,MG,juiz de fora,low_volume,low_volume,low_volume__low_volume
4917cee8d902e13428c3ec4b1ca6f315,32,6407.16,5262.9,1144.26,200.22375,18.077756123058542,0.03125,4.15625,0.125,0.9375,645.8558608893181,0.1775811943621551,SC,blumenau,standard_value,standard_risk,standard_value__standard_risk
491a5ada3aa1678414e990262c4bbdc1,2,2873.81,2840.0,33.81,1436.905,6.891527777777778,0.0,3.0,0.5,0.0,29.558137876512063,0.011764029329244842,SP,sao paulo,low_volume,low_volume,low_volume__low_volume
49383af7ab774e4e8f3000f49c83dc4b,8,902.23,660.0,242.23,112.77875,8.085562789351851,0.0,4.375,0.0,0.625,517.4129973981696,0.26296122850720066,SP,taubate,low_volume,low_volume,low_volume__low_volume
4965a7002cca77301c82d3f91b82e1a9,1,16.36,8.49,7.87,16.36,6.269537037037037,0.0,5.0,0.0,0.0,87.02952364425785,0.4810513447432763,SP,sorocaba,low_volume,low_volume,low_volume__low_volume
497709c2976a8fa308730a2dec5b0726,1,94.04,76.0,18.04,94.04,5.948032407407408,0.0,5.0,0.0,0.0,23.656879921361888,0.19183326244151422,SP,diadema,low_volume,low_volume,low_volume__low_volume
4978a02ea9c8be7a9b5480680f40334e,18,2696.8399999999997,2356.61,340.23,149.82444444444442,5.2844508744855965,0.0,3.5555555555555554,0.2777777777777778,0.16666666666666666,188.5546943779531,0.18900292720827525,SP,sao paulo,low_volume,low_volume,low_volume__low_volume
499185655c29ecfdbfe776ef7cf875b5,1,106.33,89.0,17.33,106.33,11.124560185185183,0.0,4.0,0.0,1.0,1343.0214618014154,0.162983165616477,RS,porto alegre,low_volume,low_volume,low_volume__low_volume
4992e76a42cb3aad7a7047e0d3d7e729,57,3218.5699999999997,2211.1,1007.47,56.46614035087719,7.713207258597883,0.07017543859649122,3.912280701754386,0.17543859649122806,0.40350877192982454,362.7020475772911,0.30993802748682714,SP,sao paulo,standard_value,standard_risk,standard_value__standard_risk
499ec63c58e51296c9cf57edcfe1c8a8,5,412.93,365.0,47.93,82.586,5.2333750000000006,0.0,4.8,0.0,0.2,93.86808422598737,0.11449048071520027,SP,sao paulo,low_volume,low_volume,low_volume__low_volume
49cdc90518a4f82676b38b3c1aa43ff6,5,1622.11,1539.5,82.61,324.42199999999997,5.732277777777777,0.0,3.8,0.2,0.4,622.9272628216452,0.06080083407923419,SP,sao paulo,low_volume,low_volume,low_volume__low_volume
49e7217cfe4e427191c378ec626d8737,13,3378.31,3002.7,375.61,259.87,16.036587577160493,0.0,3.8461538461538463,0.15384615384615385,0.8461538461538461,565.399591407707,0.18094685355850937,MG,formiga,low_volume,low_volume,low_volume__low_volume
49f8d2ea7b718d0ce587d34207caf2b4,1,165.26,149.9,15.36,165.26,6.839895833333333,0.0,5.0,0.0,0.0,114.81103335027242,0.09294445116785671,SP,sao bernardo do campo,low_volume,low_volume,low_volume__low_volume
4a1917ef994878940e1fb03eeb787ad7,2,846.6199999999999,768.0,78.62,423.30999999999995,10.306412037037036,0.0,3.0,0.5,1.0,797.3343522615735,0.097792644373865,DF,brasilia,low_volume,low_volume,low_volume__low_volume
4a1f694197d05fe70026b016a7316b41,14,1278.75,907.77,370.97999999999996,91.33928571428571,9.06029761904762,0.07142857142857142,4.571428571428571,0.07142857142857142,0.5714285714285714,637.7678280677129,0.2855958524957454,SP,pedreira,low_volume,low_volume,low_volume__low_volume
4a23adac87cf538689fa600d976f78b2,3,440.41,405.0,35.41,146.80333333333334,8.555979938271603,0.0,4.333333333333333,0.0,0.0,75.23244151835561,0.07932549793127282,SP,sao paulo,low_volume,low_volume,low_volume__low_volume
4a3ca9315b744ce9f8e9374361493884,1785,232681.33,198035.22,34646.11,130.35368627450978,14.488004538515984,0.10812324929971989,3.827731092436975,0.1927170868347339,0.5495798319327732,551.8254782997222,0.16366952734772475,SP,ibitinga,high_value,high_risk,high_value__high_risk
4a3ccda38b2129705f3fb522db62ca31,66,18494.93,17062.59,1432.34,280.22621212121214,13.319973054108797,0.09090909090909091,3.871212121212121,0.21212121212121213,0.5606060606060606,669.4718222408874,0.15258225739534384,SP,marilia,high_value,high_risk,high_value__high_risk
4a5b36211b1f51bf7eaa5c10a57fa483,1,155.26,139.19,16.07,155.26,4.035162037037037,0.0,5.0,0.0,1.0,363.52052194151395,0.10350380007728971,RJ,sao goncalo,low_volume,low_volume,low_volume__low_volume
4a82168aaef173cbb6e46ae88728f919,4,612.39,512.0,100.39,153.0975,6.717989004629629,0.0,4.0,0.25,0.75,504.1416496790157,0.16539893661648822,PR,irati,low_volume,low_volume,low_volume__low_volume
4a82c4af97ffc0fb2dc26bfdc03b1842,3,210.89999999999998,143.7,67.2,70.3,12.739297839506174,0.0,5.0,0.0,1.0,900.6302997888296,0.334104732185134,MG,lagoa da prata,low_volume,low_volume,low_volume__low_volume
4aba391bc3b88717ce08eb11e44937b2,29,8435.21,7595.87,839.34,290.86931034482757,16.923858882030178,0.13793103448275862,3.896551724137931,0.20689655172413793,0.8620689655172413,996.555309903252,0.1282443795312941,BA,arraial d'ajuda (porto seguro),low_volume,low_volume,low_volume__low_volume
4aba6a02a788d3ec81c03137144d9a80,1,105.28,89.9,15.38,105.28,13.221458333333333,0.0,5.0,0.0,1.0,142.32087626073493,0.14608662613981763,SC,canoinhas,low_volume,low_volume,low_volume__low_volume
4b0fdb526525f9890eb145bf1534640e,18,2954.21,2419.0,535.21,164.12277777777777,9.188895961934158,0.0,4.055555555555555,0.16666666666666666,0.3888888888888889,507.33287227462864,0.1903090042158011,SP,ibitinga,low_volume,low_volume,low_volume__low_volume
4b1eaadf791bdbbad8c4a35b65236d52,8,1962.8199999999997,1849.79,113.03,245.35249999999996,22.54623148148148,0.125,2.0,0.75,0.375,403.8317126283301,0.08977887604708396,SP,ribeirao preto,low_volume,low_volume,low_volume__low_volume
4b39558c138930b9e5489c93b6df5fe3,4,1229.1,1096.7,132.4,307.275,12.827239583333334,0.0,4.5,0.0,1.0,1747.0778740546243,0.11312545343514252,SE,aracaju,low_volume,low_volume,low_volume__low_volume
4b5f66b7adcf57f1ecc0d3c07dd6b177,22,6831.06,6111.79,719.27,310.50272727272727,14.553334385521886,0.045454545454545456,4.090909090909091,0.13636363636363635,0.9090909090909091,700.4946738917557,0.10789891920244599,PR,vendas@creditparts.com.br,low_volume,low_volume,low_volume__low_volume
4b90495391ac0bd181a80a459df1e718,1,266.11,248.0,18.11,266.11,11.879664351851853,0.0,4.0,0.0,0.0,369.7414512879317,0.06805456390214572,RS,bage,low_volume,low_volume,low_volume__low_volume
4b9750c8ad28220fe6702d4ecb7c898f,218,19305.1,15915.3,3389.8,88.55550458715595,9.455059790493259,0.0779816513761468,4.362385321100917,0.06880733944954129,0.44954128440366975,435.6909984937167,0.19038145970486875,SP,limeira,high_value,standard_risk,high_value__standard_risk
4b98b0428fc1932cc2514ef9ce2505e6,2,363.43,327.63,35.8,181.715,22.573813657407406,0.5,2.0,1.0,1.0,576.2851528339797,0.10075620562749354,SP,taboao da serra,low_volume,low_volume,low_volume__low_volume
4ba52dfeba874da5b9ee7b17c7494f04,11,1667.9099999999999,1463.0,204.91,151.62818181818182,10.621666666666668,0.09090909090909091,4.363636363636363,0.09090909090909091,0.7272727272727273,797.19805641564,0.1436645017077029,SP,mogi das cruzes,low_volume,low_volume,low_volume__low_volume
4bc3d93e4a5f88a598d3d8ce4ae510b3,1,188.28,169.0,19.28,188.28,,0.0,1.0,1.0,1.0,536.5554337680666,0.10240067983853836,SP,sao paulo,low_volume,low_volume,low_volume__low_volume
4bcec44888b30ba9001234c534716d3f,5,209.23000000000002,146.0,63.23,41.846000000000004,9.158854166666666,0.0,4.6,0.0,0.6,354.6533403701482,0.3083715128183007,SP,santo andre,low_volume,low_volume,low_volume__low_volume
4bde6149c15cf7e177b36fa060dd6de8,2,192.46,159.8,32.66,96.23,10.623096064814817,0.0,5.0,0.0,1.0,810.5345400156508,0.16969759950119503,RS,carazinho,low_volume,low_volume,low_volume__low_volume
4be2e7f96b4fd749d52dff41f80e39dd,1,299.84000000000003,267.0,32.84,299.84000000000003,,0.0,1.0,1.0,1.0,2716.9605142065398,0.10952508004268943,AC,rio branco,low_volume,low_volume,low_volume__low_volume
4be6b962d83299498bae2190f95d6566,10,643.4,473.9,169.5,64.34,7.700078703703705,0.1,4.1,0.1,0.5,449.36464865174605,0.29628852133801586,SP,sao carlos,low_volume,low_volume,low_volume__low_volume
4be9ae93c4fc0f41713d71a4194ee1b3,1,136.97,109.9,27.07,136.97,11.089050925925926,0.0,5.0,0.0,1.0,367.93516485532996,0.19763451850770242,MG,divinopolis,low_volume,low_volume,low_volume__low_volume
4bf2f4ee540798a61f9636d12cd9cc80,29,5501.01,4995.56,505.45,189.69,13.562493215197957,0.034482758620689655,4.137931034482759,0.10344827586206896,0.7241379310344828,846.9971261768235,0.09484352119169935,SP,assis,low_volume,low_volume,low_volume__low_volume
4bf658053d453036c70976bccb2c31b2,2,1824.56,1742.99,81.57,912.28,24.678402777777777,0.0,4.5,0.0,0.5,1278.7760580392048,0.04372700195494497,SP,sao jose do rio preto,low_volume,low_volume,low_volume__low_volume
4bfc7a4a1cf8d4d2121c27422d9e50b5,26,9191.59,8124.4,1067.19,353.5226923076923,8.018603543447293,0.038461538461538464,4.538461538461538,0.07692307692307693,0.4230769230769231,498.9418819056804,0.13905064476377954,SP,sao paulo,low_volume,low_volume,low_volume__low_volume
4c03b9dd4c11ee2cb35c96c49efc9420,47,7254.98,6423.1,831.88,154.36127659574467,10.529977590622538,0.02127659574468085,4.1063829787234045,0.14893617021276595,0.5531914893617021,617.9994001369828,0.11836536495429022,SP,campo limpo paulista,standard_value,standard_risk,standard_value__standard_risk
4c18691b6037662be2df78a765d98ab5,63,4316.51,3195.52,1120.99,68.51603174603174,9.23715057319224,0.07936507936507936,3.873015873015873,0.1746031746031746,0.5714285714285714,510.4663509552495,0.2887777582277901,SP,sao paulo,standard_value,standard_risk,standard_value__standard_risk
4c1c7281388a33dd06daac44f9fadbd1,5,269.90999999999997,188.32,81.59,53.98199999999999,8.786493055555557,0.0,4.8,0.0,0.6,491.7812542375585,0.3157708005483587,SP,marilia,low_volume,low_volume,low_volume__low_volume
4c2b230173bb36f9b240f2b8ac11786e,257,18770.11,14408.67,4361.44,73.03544747081712,12.971661882108487,0.10116731517509728,3.972762645914397,0.1828793774319066,0.5603112840466926,488.43730642872004,0.23364998154825561,SP,sao paulo,high_value,high_risk,high_value__high_risk
4c498c7345e89aebad651544829beca0,48,5389.76,4819.76,570.0,112.28666666666668,10.82899847320725,0.125,4.291666666666667,0.08333333333333333,0.5208333333333334,435.6684421899697,0.14287983835975823,SP,carapicuiba,standard_value,standard_risk,standard_value__standard_risk
4c4d546adf3c3868fe19c9ec6e9ffda9,2,157.08999999999997,111.69999999999999,45.39,78.54499999999999,6.870364583333333,0.0,4.0,0.0,0.5,431.117646910765,0.2867588323829393,PR,maringa,low_volume,low_volume,low_volume__low_volume
4c60877808f4318ef1107fbeb8f89afa,2,150.63,118.0,32.63,75.315,15.193721064814815,0.0,4.0,0.0,0.5,224.30146752625782,0.22252691302639244,SP,atibaia,low_volume,low_volume,low_volume__low_volume
4c61e37f664c3c88aff092aa5ac779d7,6,769.87,680.53,89.34,128.31166666666667,14.44291473765432,0.16666666666666666,4.0,0.16666666666666666,0.8333333333333334,365.8451641846069,0.15337815814700176,RJ,niteroi,low_volume,low_volume,low_volume__low_volume
4c8545742faaf58fafd5fd14d25d75cf,4,3216.31,3020.0,196.31,804.0775,9.968619791666667,0.0,4.5,0.0,0.5,584.8690775140606,0.08367327339958129,SP,fernandopolis,low_volume,low_volume,low_volume__low_volume
4c8b8048e33af2bf94f2eb547746a916,23,2458.81,2020.73,438.08,106.90478260869565,18.612037037037037,0.08695652173913043,2.9565217391304346,0.43478260869565216,0.4782608695652174,505.4395736984912,0.24697466117906675,SP,ibitinga,low_volume,low_volume,low_volume__low_volume
4cc43a222a0f94910728b62b97a8c5f8,1,120.76,108.5,12.26,120.76,14.14508101851852,0.0,3.0,0.0,0.0,301.3233720549881,0.10152368333885392,SP,ribeirao preto,low_volume,low_volume,low_volume__low_volume
4cc4fd4fdd406a85bbdc1f824b731bd7,1,571.22,539.98,31.24,571.22,8.304594907407408,0.0,5.0,0.0,0.0,300.52919969521736,0.05468996183607016,PR,toledo,low_volume,low_volume,low_volume__low_volume
4ce6e5f6c52515177e18c1c9361d8677,1,252.27,226.6,25.67,252.27,,0.0,3.0,0.0,0.0,231.06514315215588,0.10175605502041464,SP,sao bernardo do campo,low_volume,low_volume,low_volume__low_volume
4ce8b55b4bfa4659184e7becc1fba3f2,2,258.87,199.0,59.870000000000005,129.435,12.415815972222223,0.0,3.0,0.5,1.0,759.0822153793097,0.23786586049840994,PR,fazenda rio grande,low_volume,low_volume,low_volume__low_volume
4cf490a58259286ada5ba8525ba9e84a,8,1409.39,1254.2,155.19,176.17375,24.765550595238096,0.0,3.125,0.375,0.875,734.2773992268955,0.11040421877277547,SP,tabatinga,low_volume,low_volume,low_volume__low_volume
4d0041cdbe51b4617d95c70b19decc74,8,5465.49,5235.200000000001,230.29,683.18625,7.155746527777778,0.0,4.5,0.0,0.875,637.5680736859541,0.07587695481597094,MG,juiz de fora,low_volume,low_volume,low_volume__low_volume
4d232b78ab7ef10393dc3807d827bc0d,5,1689.99,1475.0,214.99,337.998,6.1659699074074075,0.0,4.4,0.0,0.8,977.1101746417893,0.12877144541345395,MG,belo horizonte,low_volume,low_volume,low_volume__low_volume
4d600e08ecbe08258c79e536c5a42fee,8,4633.46,4465.34,168.12,579.1825,12.936089616402116,0.0,4.0,0.25,1.0,1131.308793141837,0.040116532821128204,PR,entre rios do oeste,low_volume,low_volume,low_volume__low_volume
4d6d651bd7684af3fffabd5f08d12e5a,368,51404.42,43517.5,7886.92,139.68592391304347,13.03705244782075,0.04619565217391304,4.192934782608695,0.125,0.5489130434782609,506.0430849023542,0.16773466632768036,SP,jau,high_value,standard_risk,high_value__standard_risk
4d6fb82c629c7a5028bfd973c07b05e0,2,327.43,278.0,49.43,163.715,,0.0,2.0,0.5,0.5,365.63785324160165,0.1503372203590394,MG,belo horizonte,low_volume,low_volume,low_volume__low_volume
4d8809767a5bafe22909c77951fb6b41,1,58.72,50.0,8.72,58.72,,0.0,5.0,0.0,0.0,21.48957563132556,0.14850136239782016,SP,embu das artes,low_volume,low_volume,low_volume__low_volume
4d9fea3499bdc22aa4da4e339365f215,2,222.74,192.54000000000002,30.2,111.37,12.668061342592592,0.0,5.0,0.0,1.0,344.287973360161,0.13554186849898678,SP,sao paulo,low_volume,low_volume,low_volume__low_volume
4da0e408c99d2fdc2126dc9fce518060,44,3964.73,3026.0,938.73,90.1075,9.280887257996632,0.0,4.409090909090909,0.06818181818181818,0.7954545454545454,507.7636785389995,0.25972722128732023,PR,cornelio procopio,standard_value,standard_risk,standard_value__standard_risk
4dab98ca6cd6d3df586203cefd28a042,1,173.23000000000002,154.9,18.33,173.23000000000002,28.008784722222224,0.0,5.0,0.0,1.0,678.0372120705866,0.10581308087513708,RS,porto alegre,low_volume,low_volume,low_volume__low_volume
4dbd95a08b31ede5c82d3f861cb1ce1a,6,1494.03,1304.67,189.36,249.005,12.341614583333333,0.0,3.5,0.3333333333333333,1.0,1257.3219256354732,0.22987785013422068,PR,curitiba,low_volume,low_volume,low_volume__low_volume
4dc2e811a1760953cb7c6a590b498943,1,199.84,175.0,24.84,199.84,6.671539351851852,0.0,5.0,0.0,0.0,238.29528607145687,0.12429943955164131,SP,itapui,low_volume,low_volume,low_volume__low_volume
4dc646b9b9e8e411ef48ba000ea3ac6f,4,353.26,289.70000000000005,63.56,88.315,11.460755208333333,0.25,2.75,0.5,0.25,250.86327275689322,0.17846995297205182,SP,valinhos,low_volume,low_volume,low_volume__low_volume
4ddeb3e828550cddc8d45c8bc36ab2d1,1,164.45,152.0,12.45,164.45,7.869930555555555,0.0,5.0,0.0,0.0,228.158343283915,0.07570690179385832,SP,sao paulo,low_volume,low_volume,low_volume__low_volume
4de6e4ba574aa9dfdc824bc44dc47fdd,14,704.42,451.1,253.32,50.315714285714286,9.368518518518517,0.07142857142857142,4.071428571428571,0.21428571428571427,0.9285714285714286,628.2514323564994,0.4305622834138839,PR,colombo,low_volume,low_volume,low_volume__low_volume
4deebb3199eeafb282ae33229144f94b,4,921.49,779.7,141.79,230.3725,10.159623842592591,0.25,4.0,0.25,0.0,15.889068631811613,0.1652501558218123,SP,sao paulo,low_volume,low_volume,low_volume__low_volume
4e06067cc08b3f41d837768d392c3ee3,31,1514.25,941.72,572.53,48.846774193548384,10.263179883512544,0.03225806451612903,4.129032258064516,0.1935483870967742,0.8064516129032258,536.4423060268849,0.434842615350245,MG,betim,standard_value,high_risk,standard_value__high_risk
4e0d109ccfba9a1151c103049880c857,2,347.73,279.89,67.84,173.865,19.22804398148148,0.0,3.0,0.5,1.0,1211.7910070035941,0.17760391009672954,RJ,sao joao de meriti,low_volume,low_volume,low_volume__low_volume
4e17c65a516f69d023a2ae78b84f28d6,61,8794.8,7639.26,1155.54,144.17704918032786,13.33190023527626,0.06557377049180328,4.229508196721311,0.18032786885245902,0.5737704918032787,526.1643450943654,0.18611992201794136,SP,suzano,standard_value,high_risk,standard_value__high_risk
4e2627090e6e5b9fabba883a37897683,1,216.0,159.6,56.4,216.0,,0.0,1.0,1.0,1.0,479.6710428911167,0.2611111111111111,MG,belo horizonte,low_volume,low_volume,low_volume__low_volume
4e326052e5dbba8adcd512f3450a307e,3,655.96,570.0,85.96,218.65333333333334,17.967380401234568,0.0,2.3333333333333335,0.6666666666666666,0.6666666666666666,606.1566996327906,0.12153479099850868,SP,sao paulo,low_volume,low_volume,low_volume__low_volume
4e42581f08e8cfc7c090f930bac4552a,3,453.8,336.0,117.8,151.26666666666668,47.10233796296296,0.3333333333333333,1.0,1.0,0.0,202.41706167121265,0.25156763812914723,SP,portoferreira,low_volume,low_volume,low_volume__low_volume
4e480be820e37de1444325ff358c9296,1,573.74,430.3,143.44,573.74,12.108287037037035,0.0,5.0,0.0,1.0,1965.3750198235177,0.25000871474884095,MG,tres coracoes,low_volume,low_volume,low_volume__low_volume
4e5725ba188db8252977a4f0227bd462,22,2313.2,1930.59,382.61,105.14545454545454,20.972906746031747,0.2727272727272727,3.409090909090909,0.36363636363636365,0.5909090909090909,525.5454069968805,0.20260713279183384,SP,ribeirao preto,low_volume,low_volume,low_volume__low_volume
4e6015589b781adaa5ce7f1892d06bb1,3,740.5,684.0,56.5,246.83333333333334,5.894976851851851,0.0,3.6666666666666665,0.0,0.3333333333333333,124.235203603246,0.07620733144973388,SP,guaruja,low_volume,low_volume,low_volume__low_volume
4e7c18b98d84e05cbae3ff0ff03846c2,81,11967.88,9109.9,2857.98,147.75160493827158,12.105201967592594,0.04938271604938271,4.172839506172839,0.18518518518518517,0.5925925925925926,564.4258139293174,0.2588350751541831,SP,jaboticabal,standard_value,high_risk,standard_value__high_risk
4e85b538b0dad58852641540686d0e14,4,436.34000000000003,361.97999999999996,74.36,109.08500000000001,17.22519675925926,0.5,3.75,0.25,0.5,798.6172181669251,0.4129689720623759,SP,sao jose dos campos,low_volume,low_volume,low_volume__low_volume
4e8dacf3d38f281ae26c3e0321d92d88,10,2861.11,2644.95,216.16,286.111,12.03462962962963,0.1,2.8,0.5,0.5,529.3149309780126,0.15234805359338013,SP,sao paulo,low_volume,low_volume,low_volume__low_volume
4e922959ae960d389249c378d1c939f5,415,52668.27,45466.37,7201.9,126.91149397590361,14.475545683551198,0.10361445783132531,3.9542168674698797,0.18313253012048192,0.6144578313253012,599.9914959499896,0.17149529733842345,SP,jacarei,high_value,high_risk,high_value__high_risk
4e92348462c75b6c842b994ce84a0ed4,1,85.49000000000001,69.9,15.59,85.49000000000001,9.837280092592591,0.0,5.0,0.0,1.0,831.5181269795726,0.1823605100011697,RS,cachoeirinha,low_volume,low_volume,low_volume__low_volume
4ea2f12dbe91deeacd2c1e74f069a6e6,4,280.27,210.2,70.07,70.0675,9.45769386574074,0.0,4.75,0.0,0.5,552.8616295817914,0.25948608276270346,SP,sao paulo,low_volume,low_volume,low_volume__low_volume
4eb61f060e7dcc1d5a80d806c35cc541,8,1466.1200000000001,1313.0,153.12,183.26500000000001,6.202073206018518,0.0,3.875,0.125,0.5,279.59616936344077,0.10306829746035466,SP,sao paulo,low_volume,low_volume,low_volume__low_volume
4ebdc7e6cd6102a022dadc49156d4ea8,29,1297.9,928.6999999999999,369.2,44.755172413793105,9.965408684546615,0.034482758620689655,3.793103448275862,0.20689655172413793,0.41379310344827586,339.1125229208838,0.2940930005622941,SP,sao paulo,low_volume,low_volume,low_volume__low_volume
4eeb99008a0f59d2c7759c59f9a346eb,2,1320.95,1282.0,38.95,660.475,7.6647337962962965,0.0,4.5,0.0,1.0,398.82299874098896,0.0348287469382807,SP,embu das artes,low_volume,low_volume,low_volume__low_volume
4ef4c39cf3c24f326434cf0b2e48046a,8,1017.17,891.0,126.17,127.14625,13.282799272486772,0.125,3.375,0.375,0.625,408.52404787765283,0.12161247483604581,SP,sao paulo,low_volume,low_volume,low_volume__low_volume
4f0d637c1197fd65405ebd755ac9f86b,2,232.47,199.8,32.67,116.235,7.353680555555556,0.0,5.0,0.0,0.5,393.0596301280708,0.14264075991359962,SP,taboao da serra,low_volume,low_volume,low_volume__low_volume
4f1f1c8666cdb6442f775c4e8caed465,2,1070.39,944.98,125.41,535.195,19.96107060185185,0.0,5.0,0.0,1.0,1860.9191527139503,0.12422902879293549,MG,belo horizonte,low_volume,low_volume,low_volume__low_volume
4f40d2ed38d1cc945364a7cd202a82c7,1,336.89,319.9,16.99,336.89,,0.0,1.0,1.0,1.0,975.6707338535256,0.050431891715396714,SP,sao paulo,low_volume,low_volume,low_volume__low_volume
4fae87d32467e18eb46e4a76a0a0b9ce,1,120.8,100.9,19.9,120.8,6.806759259259259,0.0,5.0,0.0,1.0,312.8806291633793,0.16473509933774833,RS,ronda alta,low_volume,low_volume,low_volume__low_volume
4fb41dff7c50136976d1a5cf004a42e2,3,1296.77,1230.0,66.77,432.25666666666666,66.75465663580248,0.3333333333333333,4.0,0.0,1.0,781.0099213326293,0.06622081364642067,BA,feira de santana,low_volume,low_volume,low_volume__low_volume
4fe2f67634d00c021aa01f96b6f2d68e,2,118.84,86.8,32.04,59.42,10.984953703703702,0.0,5.0,0.0,1.0,697.6213221208002,0.27506197212180816,PR,maringa,low_volume,low_volume,low_volume__low_volume
5011f0d93373a4c5753adf58ca77af8d,12,1390.8500000000001,1009.4200000000001,381.43,115.90416666666668,10.800631313131312,0.08333333333333333,3.8333333333333335,0.16666666666666666,0.5,320.7006429722283,0.29252522532025305,SP,santos,low_volume,low_volume,low_volume__low_volume
503c1de08ae81a2d86f17951b204db55,22,5321.9,4906.99,414.90999999999997,241.90454545454543,13.488269675925926,0.09090909090909091,4.409090909090909,0.045454545454545456,0.6818181818181818,806.2269759124304,0.07793121675613045,SP,sao paulo,low_volume,low_volume,low_volume__low_volume
5058e8c1e82653974541e83690655b4a,62,12403.710000000001,9562.84,2840.87,200.05983870967742,26.59615418184578,0.12903225806451613,3.2419354838709675,0.3064516129032258,0.5483870967741935,511.36193817530216,0.2325084587349949,SP,itaquaquecetuba,standard_value,high_risk,standard_value__high_risk
5075aaa8404020ae6aa8bf4792099b41,12,2066.28,1732.8600000000001,333.42,172.19000000000003,11.988199074074073,0.0,3.5833333333333335,0.25,0.6666666666666666,200.6962485503759,0.26753604188810226,MG,pocos de caldas,low_volume,low_volume,low_volume__low_volume
50770d25768b0486d89be26afca3108f,6,247.86,171.76999999999998,76.08999999999999,41.31,13.481597222222222,0.16666666666666666,4.0,0.16666666666666666,0.5,373.16193010590047,0.3124626796996955,SP,santo andre,low_volume,low_volume,low_volume__low_volume
508808d438fe2ff972ed13bb8f4a82e2,10,417.47,294.83,122.64,41.747,4.809108796296296,0.0,4.3,0.1,0.3,256.9682038079535,0.35505051796314635,SP,sao paulo,low_volume,low_volume,low_volume__low_volume
50a7e551a7b3f8d37cd6e32d8bfbe5ea,1,167.96,140.0,27.96,167.96,12.586157407407407,0.0,5.0,0.0,1.0,361.38233727071463,0.16646820671588472,SP,sao caetano do sul,low_volume,low_volume,low_volume__low_volume
50bf89f1349bc0409a268c3a49678009,1,282.47,179.9,102.57,282.47,9.616319444444445,0.0,5.0,0.0,1.0,703.3986224479062,0.363118207243247,SP,jaci,low_volume,low_volume,low_volume__low_volume
50c361bcf670d16f6df4d52de3dff924,1,51.6,35.0,16.6,51.6,,0.0,1.0,1.0,1.0,800.8649994492268,0.32170542635658916,SP,sao paulo,low_volume,low_volume,low_volume__low_volume
50c9975695009e5e6473912e83a6d1da,49,6839.37,3946.9,2892.4700000000003,139.57897959183674,16.115827191987908,0.12244897959183673,3.938775510204082,0.1836734693877551,0.6530612244897959,437.12236913453,0.4402813065213797,MG,claudio,standard_value,high_risk,standard_value__high_risk
51209b446b2073894bdc0face6c73ffc,1,219.44,179.8,39.64,219.44,12.653333333333334,0.0,4.0,0.0,1.0,1374.1866256787848,0.18064163324826832,ES,vila velha,low_volume,low_volume,low_volume__low_volume
512d298ac2a96d1931b6bd30aa21f61d,11,7723.87,7401.94,321.93,702.17,10.706315235690235,0.0,4.2727272727272725,0.18181818181818182,0.7272727272727273,488.00376507798904,0.15194119875302936,RJ,rio de janeiro,low_volume,low_volume,low_volume__low_volume
513a54369b6a8a6602fcb0e129c6d78d,2,62.66,47.8,14.86,31.33,3.5719097222222222,0.0,4.5,0.0,0.0,18.417379307516384,0.24101756087050208,SP,sao bernardo do campo,low_volume,low_volume,low_volume__low_volume
5145090ab595c0d0b8557199f5701fbf,4,1657.45,1459.6,197.85,414.3625,15.680384837962961,0.0,4.25,0.0,1.0,994.1624869939609,0.11685355809574777,PR,curitiba,low_volume,low_volume,low_volume__low_volume
5151aea44289d6c6b090ee31c2132508,6,1270.96,1127.4,143.56,211.82666666666668,18.031487268518518,0.0,1.8333333333333333,0.6666666666666666,0.8333333333333334,950.5644194829371,0.11245442374902219,SP,marilia,low_volume,low_volume,low_volume__low_volume
515d781150feed28a6ac091bb0e3cb8c,6,1154.72,1002.35,152.37,192.45333333333335,9.780329861111111,0.0,4.166666666666667,0.0,1.0,974.6324895575443,0.13319678519262068,MS,campo grande,low_volume,low_volume,low_volume__low_volume
5160d23075764e18e07c1f4a87fad743,34,2915.42,2429.0,486.42,85.74764705882353,9.304199635241302,0.029411764705882353,4.382352941176471,0.08823529411764706,0.5,474.3167831010698,0.16920689449113954,SP,sao bernardo do campo,standard_value,standard_risk,standard_value__standard_risk
516e7738bd8f735ac19a010ee5450d8d,76,8109.32,6643.09,1466.23,106.70157894736842,8.833180837087088,0.05263157894736842,4.565789473684211,0.039473684210526314,0.8421052631578947,518.6697074012891,0.21368581754007773,RJ,rio de janeiro,standard_value,standard_risk,standard_value__standard_risk
51702dc2a3e106c76dbff722b5bf0726,13,3287.04,2705.1,581.94,252.84923076923076,14.786125356125355,0.0,4.3076923076923075,0.07692307692307693,0.6153846153846154,714.6490566955302,0.16551540888936309,SP,conchal,low_volume,low_volume,low_volume__low_volume
5194c22ed1f616ec0c0f33c571542879,4,326.45000000000005,245.6,80.85,81.61250000000001,12.323978587962962,0.0,4.25,0.0,0.75,663.2454487820104,0.3294927631293109,MG,santa rita do sapucai,low_volume,low_volume,low_volume__low_volume
519a7aa428f18d125a283cf8c014fdd6,3,152.8,79.69999999999999,73.1,50.93333333333334,7.4835262345679014,0.0,4.0,0.0,1.0,701.375320805184,0.47868953950520016,SC,rio do oeste,low_volume,low_volume,low_volume__low_volume
51a04a8a6bdcb23deccc82b0b80742cf,1,199.92,167.99,31.93,199.92,35.314861111111114,1.0,1.0,1.0,1.0,67.81792156681648,0.1597138855542217,SP,braganca paulista,low_volume,low_volume,low_volume__low_volume
51e0557bc7b86de13e946c60ee91ce39,1,63.4,45.8,17.6,63.4,10.434085648148148,0.0,5.0,0.0,1.0,571.2327646979289,0.27760252365930604,MG,belo horizonte,low_volume,low_volume,low_volume__low_volume
51e4e89242cbb846c2deff3dc015650e,16,1175.75,822.58,353.17,73.484375,9.21369357638889,0.0,4.625,0.0,0.8125,1099.5999521257063,0.3141258194244001,RS,rio grande,low_volume,low_volume,low_volume__low_volume
51ed72984a04e5dd35c2b27e77179038,7,1493.23,1294.3,198.93,213.31857142857143,16.578348214285715,0.14285714285714285,3.5714285714285716,0.2857142857142857,0.5714285714285714,620.03378542241,0.1296130806299531,SP,sao jose do rio preto,low_volume,low_volume,low_volume__low_volume
51f108f62cb87d61918159902c8f8583,3,378.76,303.73,75.03,126.25333333333333,5.971261574074074,0.0,4.333333333333333,0.0,1.0,885.8289640735305,0.23558543962973647,PR,cascavel,low_volume,low_volume,low_volume__low_volume
5206cc4bc2297c833e6061c49bf9c43f,1,45.96,35.0,10.96,45.96,,0.0,1.0,1.0,0.0,51.19046466035111,0.23846823324630115,SP,osasco,low_volume,low_volume,low_volume__low_volume
52092ddbd3a58c450a4459bf051b2287,6,427.05,351.7,75.35,71.175,12.89526234567901,0.0,4.333333333333333,0.16666666666666666,0.3333333333333333,476.94714366121815,0.22327539686150621,SP,dois corregos,low_volume,low_volume,low_volume__low_volume
520b493b57809f446cb0a233bb3e25c7,63,4762.87,3698.9,1063.97,75.60111111111111,7.681669422398589,0.031746031746031744,4.2936507936507935,0.09523809523809523,0.4603174603174603,338.71011634572113,0.2557927727435773,SP,santos,standard_value,standard_risk,standard_value__standard_risk
522620dcb18a6b31cd7bdf73665113a9,170,60642.229999999996,56096.7,4545.53,356.719,15.35389395682665,0.1,3.888235294117647,0.19411764705882353,0.9235294117647059,1162.9157861471535,0.1255586737345617,PR,cascavel,high_value,high_risk,high_value__high_risk
5236605f4d4b0b3e4df85b850393fca0,5,347.48,265.3,82.18,69.49600000000001,10.492495370370369,0.2,4.8,0.0,0.2,572.3974452742972,0.2552414184492305,SP,sao paulo,low_volume,low_volume,low_volume__low_volume
52454f90d4c30c016768db02f88c1a74,3,147.67,80.5,67.17,49.22333333333333,12.69337577160494,0.0,3.6666666666666665,0.3333333333333333,0.6666666666666666,687.6714877790531,0.4462038411621217,SP,campinas,low_volume,low_volume,low_volume__low_volume
52562a9f449c3dc3d53f5f5b9ed74903,14,3710.64,3266.6,444.03999999999996,265.04571428571427,13.357767857142857,0.0,4.785714285714286,0.0,0.9285714285714286,1682.552164176758,0.19714800374229752,RN,parnamirim,low_volume,low_volume,low_volume__low_volume
525e75a6fb1454a2325ab1734bcec221,10,777.0699999999999,657.0699999999999,120.0,77.707,6.366539351851852,0.0,3.6,0.2,0.3,252.79723621527745,0.16134205236341143,SP,barueri,low_volume,low_volume,low_volume__low_volume
5275ca25d0358ca73864e0ae41be1320,4,478.82,409.6,69.22,119.705,7.039756944444444,0.5,4.75,0.0,0.25,164.32935047891516,0.14364411493505658,SP,guarulhos,low_volume,low_volume,low_volume__low_volume
527801b552d0077ffd170872eb49683b,89,19872.829999999998,17833.899999999998,2038.93,223.2902247191011,12.865871306699958,0.0898876404494382,4.47191011235955,0.07865168539325842,0.5730337078651685,641.2777619736851,0.17107929571769806,SP,garca,high_value,standard_risk,high_value__standard_risk
52831e5990d0771cb4951d6f12928167,1,78.12,65.0,13.12,78.12,5.106226851851852,0.0,3.0,0.0,0.0,475.9954508946546,0.16794674859190986,SP,tupa,low_volume,low_volume,low_volume__low_volume
528bcf6680c36dddf07620bd35b33a6f,2,1013.84,969.98,43.86,506.92,21.278836805555557,0.5,4.5,0.0,1.0,1115.6465208050674,0.04411818651561007,SP,sao paulo,low_volume,low_volume,low_volume__low_volume
528ce32f560edd11add4169f6a5b65be,2,75.1,59.8,15.3,37.55,10.162274305555556,0.0,5.0,0.0,0.0,57.308757845881104,0.2022435193499174,SP,sao roque,low_volume,low_volume,low_volume__low_volume
52956b80ae65fda598f06f6b9943e7a9,3,858.85,792.0,66.85,286.28333333333336,25.60918209876543,0.3333333333333333,4.0,0.0,1.0,840.8583777925484,0.07779979866698074,PR,maringa,low_volume,low_volume,low_volume__low_volume
52a50b42accf164f9f019941e5759d9b,4,197.02,139.96,57.059999999999995,49.255,5.381053240740741,0.25,4.75,0.0,0.25,231.36992599444642,0.2899803952137366,SP,monte alegre do sul,low_volume,low_volume,low_volume__low_volume
52a52b9f656520e99716f5bc40f661c8,7,931.22,783.0999999999999,148.12,133.03142857142856,10.714502314814814,0.0,4.0,0.2857142857142857,0.42857142857142855,302.8697000465304,0.16331221674444496,SP,sao carlos,low_volume,low_volume,low_volume__low_volume
52ac6f920b7280e4c6d30dd94de6259b,6,6383.89,5657.3,726.59,1063.9816666666668,12.983881172839505,0.0,3.6666666666666665,0.16666666666666666,0.8333333333333334,716.9716022779309,0.12640366616388143,PR,pinhais,low_volume,low_volume,low_volume__low_volume
52b53f7061969fe471d119b6195da864,1,98.37,90.0,8.37,98.37,3.333136574074074,0.0,5.0,0.0,1.0,34.125356376584605,0.08508691674290941,SP,itajai,low_volume,low_volume,low_volume__low_volume
52bb00821bcdd358a5a5a27e1f6be5a1,2,388.43,349.8,38.629999999999995,194.215,15.994728009259259,0.0,4.5,0.0,1.0,1024.996691162617,0.18487581311316206,SP,osasco,low_volume,low_volume,low_volume__low_volume
52d76513f0c4d97f3b99570e2c94ee31,18,8584.529999999999,7763.129999999999,821.4,476.9183333333333,9.940721450617284,0.05555555555555555,4.055555555555555,0.16666666666666666,0.8888888888888888,1189.2120294961067,0.10930265360504804,RS,novo hamburgo,low_volume,low_volume,low_volume__low_volume
52f0fe436a347ddad7ed5f9aa4e27eaa,21,1960.9,1484.3700000000001,476.53,93.37619047619049,14.941714790448342,0.14285714285714285,3.5238095238095237,0.2857142857142857,0.5238095238095238,906.8848529564051,0.38110496821992,SP,sao paulo,low_volume,low_volume,low_volume__low_volume
52f6f9f13ba19504c02781132a049e75,1,222.13,199.0,23.13,222.13,16.289837962962963,0.0,2.0,1.0,1.0,657.2117389815169,0.10412821320848152,PR,curitiba,low_volume,low_volume,low_volume__low_volume
52f976b17ea7f2f087f56dcc419328f6,6,8492.65,7630.0,862.65,1415.4416666666666,10.383350694444443,0.0,3.6666666666666665,0.3333333333333333,0.6666666666666666,731.9535495577502,0.10045840714090049,PR,california,low_volume,low_volume,low_volume__low_volume
52f9db5cfb423382a2fa5c9e39303202,22,1628.54,1269.77,358.77,74.02454545454545,10.174080687830687,0.0,4.136363636363637,0.13636363636363635,0.5454545454545454,565.2565867852098,0.22648230411319323,SP,echapora,low_volume,low_volume,low_volume__low_volume
5305693ffae2d3463377b1f6fe67b15a,1,106.55,93.56,12.99,106.55,13.373368055555556,0.0,5.0,0.0,0.0,430.01208662826684,0.12191459408728297,SP,penapolis,low_volume,low_volume,low_volume__low_volume
53088c75f948b48a7ece173ac17f0c12,3,316.23,261.70000000000005,54.53,105.41000000000001,10.963942901234569,0.0,5.0,0.0,1.0,1120.7330612386666,0.17460462868027074,RS,triunfo,low_volume,low_volume,low_volume__low_volume
530ec6109d11eaaf87999465c6afee01,97,15640.210000000001,12983.810000000001,2656.4,161.23927835051546,10.852067203506698,0.010309278350515464,4.237113402061856,0.1134020618556701,0.9072164948453608,886.3865389099238,0.17480639233703343,PR,cascavel,standard_value,standard_risk,standard_value__standard_risk
53243585a1d6dc2643021fd1853d8905,356,233703.75,220740.05,12963.7,656.4712078651686,13.346073779704561,0.03932584269662921,4.132022471910112,0.12078651685393259,0.8679775280898876,1139.2036747228287,0.07647227231855093,BA,lauro de freitas,high_value,standard_risk,high_value__standard_risk
53336f97ddbe53e2a617d07b17447b95,1,674.83,599.5,75.33,674.83,19.431122685185183,0.0,5.0,0.0,1.0,1760.8089482025555,0.11162811374716594,SP,sao paulo,low_volume,low_volume,low_volume__low_volume
533d46c1b06970e99f09523a61df4972,2,192.62,159.98,32.64,96.31,16.602592592592593,0.0,4.5,0.0,1.0,516.4935449226049,0.16945280863877063,SP,itapetininga,low_volume,low_volume,low_volume__low_volume
5343d0649eca2a983820bfe93fc4d17e,70,12277.45,9922.64,2354.81,175.39214285714286,11.137713533279657,0.1,3.8285714285714287,0.24285714285714285,0.7285714285714285,571.9638312865451,0.19736519091030813,SP,santo andre,standard_value,high_risk,standard_value__high_risk
534a01cc6df1e034e05c32028a291fa2,5,295.45,235.59,59.86,59.089999999999996,10.692097222222221,0.0,4.4,0.0,0.6,359.0928469430261,0.20413535339866834,SP,jundiai,low_volume,low_volume,low_volume__low_volume
535bf14f36346c7f59d87cece104d70c,1,57.77,50.0,7.77,57.77,4.217708333333333,1.0,4.0,0.0,0.0,12.159314774399224,0.1344988748485373,RJ,rio de janeiro,low_volume,low_volume,low_volume__low_volume
537eb890efff034a88679788b647c564,160,7178.9,4679.7,2499.2,44.868125,9.140936108180966,0.05625,4.221875,0.09375,0.7,474.164223034724,0.3492367276204915,RJ,rio de janeiro,standard_value,standard_risk,standard_value__standard_risk
538caafddff204241cecbf3a02e6b3cf,9,246.49,148.3,98.19,27.387777777777778,17.311448206018518,0.4444444444444444,2.5555555555555554,0.5555555555555556,0.3333333333333333,232.5560674769112,0.3890269943231673,SP,sao paulo,low_volume,low_volume,low_volume__low_volume
539ed9e19811677513447759be5eccfc,2,63.919999999999995,32.83,31.09,31.959999999999997,5.068101851851852,0.0,3.0,0.5,1.0,555.9384782549814,0.4886712917028845,MG,belo horizonte,low_volume,low_volume,low_volume__low_volume
53b0300ca793f9834cd69c0678d35ee8,5,1799.46,1662.15,137.31,359.892,5.94075462962963,0.0,5.0,0.0,0.4,339.164567073691,0.10229802767226301,SP,indaiatuba,low_volume,low_volume,low_volume__low_volume
53d00c40e32aeb924a84ce72b1af869d,17,2462.07,2165.85,296.22,144.82764705882354,16.048920206971676,0.23529411764705882,4.352941176470588,0.058823529411764705,0.7058823529411765,564.5581739876837,0.1280670853719887,SP,ibitinga,low_volume,low_volume,low_volume__low_volume
53e4c6e0f4312d4d2107a8c9cddf45cd,471,39885.090000000004,30013.96,9871.13,84.68171974522294,12.053738174861413,0.05307855626326964,4.084925690021231,0.14012738853503184,0.47983014861995754,420.64623834469126,0.2660508789056411,SP,pedreira,high_value,standard_risk,high_value__standard_risk
54065e9aef7e9e9c2dc23b7594db021a,14,8283.43,8003.0,280.43,591.6735714285714,12.422222222222222,0.0,3.857142857142857,0.21428571428571427,0.8571428571428571,767.7369479045985,0.05455471313942337,RJ,rio de janeiro,low_volume,low_volume,low_volume__low_volume
5415337f1863452476d42d9f14a16a61,1,68.35,44.9,23.45,68.35,16.04283564814815,0.0,3.0,0.0,1.0,1892.3857323753061,0.3430870519385516,MG,belo horizonte,low_volume,low_volume,low_volume__low_volume
54219883e72aad869adfb2a54b7bfa0f,5,7579.55,6750.0,829.55,1515.91,17.007217592592593,0.0,3.2,0.4,0.8,576.0345476012907,0.1075791332458724,SP,sorocaba,low_volume,low_volume,low_volume__low_volume
542917da124346b47ea1ac79a93ce454,20,1667.08,1303.9,363.18,83.354,11.576402777777776,0.05,4.15,0.15,0.9,801.0195785834019,0.2701028677124579,PR,curitiba,low_volume,low_volume,low_volume__low_volume
5444b12c82f21c923f2639ebc722c1ea,1,179.46,169.9,9.56,179.46,,0.0,4.0,0.0,0.0,18.237557111349094,0.05327092388275939,SP,sao pauo,low_volume,low_volume,low_volume__low_volume
544863df86ed3b78a04e0820d41430ee,1,39.17,23.9,15.27,39.17,5.5005902777777775,0.0,5.0,0.0,1.0,734.3577467827005,0.38983916262445745,ES,serra,low_volume,low_volume,low_volume__low_volume
54583ab379489add547fe47b628db589,10,2391.08,2240.0,151.07999999999998,239.108,5.116539351851852,0.0,4.8,0.0,0.4,472.0812245982576,0.06273744345123435,SP,sao bernardo do campo,low_volume,low_volume,low_volume__low_volume
54965bbe3e4f07ae045b90b0b8541f52,74,12494.47,10416.6,2077.87,168.8441891891892,26.093041129898012,0.2702702702702703,3.0,0.44594594594594594,0.9459459459459459,909.7549590218889,0.18708877226216894,PR,foz do iguacu,standard_value,high_risk,standard_value__high_risk
54a1852d1b8f10312c55e906355666ee,199,20351.46,16976.45,3375.01,102.26864321608039,11.531160697499528,0.09547738693467336,4.326633165829146,0.09045226130653267,0.5527638190954773,578.3636902474077,0.17639735668476614,SP,santa barbara d'oeste,high_value,standard_risk,high_value__standard_risk
54aa8463e87776b5612f4bdc4bd5d4de,7,772.8299999999999,649.3,123.53,110.4042857142857,13.480618386243387,0.0,3.857142857142857,0.14285714285714285,1.0,752.4024124114216,0.21795006270402123,MG,belo horizonte,low_volume,low_volume,low_volume__low_volume
54c04bdb5ec46762f8f08c7e8f86ed4a,18,3757.78,3281.66,476.12,208.76555555555558,15.720031507201647,0.1111111111111111,4.333333333333333,0.1111111111111111,0.8888888888888888,1025.7662164825201,0.13607497835665175,SC,florianopolis,low_volume,low_volume,low_volume__low_volume
55029529919c0123526150bd26ca8f20,7,588.83,453.95,134.88,84.11857142857143,8.695739087301586,0.0,4.714285714285714,0.0,0.8571428571428571,806.9359307718493,0.3326957798691111,MG,contagem,low_volume,low_volume,low_volume__low_volume
553a440137d6e0cf776aee0bb83ac9f5,2,175.14000000000001,144.8,30.34,87.57000000000001,23.00158564814815,0.5,1.0,1.0,0.5,757.9857476043775,0.17542356782790397,SP,limeira,low_volume,low_volume,low_volume__low_volume
5563732abe64c3036cb97ad924128dd1,2,441.6,404.0,37.6,220.8,12.159421296296296,0.0,4.5,0.0,0.5,474.07266189368113,0.12690273750674705,SP,guarulhos,low_volume,low_volume,low_volume__low_volume
5566627eab3fe93fd6ee08798226101a,5,187.81,85.5,102.31,37.562,8.814136574074073,0.0,4.4,0.0,1.0,857.1159920191528,0.5211171168785175,PR,sao jose dos pinhais,low_volume,low_volume,low_volume__low_volume
556a6409838156ea299c9d1f9e2dde43,4,1449.64,1362.8,86.84,362.41,7.399207175925927,0.0,3.25,0.5,1.0,512.0072832524224,0.09360578856296967,PR,curitiba,low_volume,low_volume,low_volume__low_volume
557f22c76691849db52d2abccf0015d0,12,1099.57,799.87,299.7,91.63083333333333,13.912364267676766,0.0,3.0833333333333335,0.3333333333333333,1.0,798.12599001413,0.2894499988959382,GO,morrinhos,low_volume,low_volume,low_volume__low_volume
5587130f9850696ed7fafbc91c2cee44,2,103.49,69.8,33.69,51.745,6.5392013888888885,0.0,5.0,0.0,1.0,414.7514990065908,0.35181397932150593,SP,sao paulo,low_volume,low_volume,low_volume__low_volume
559d56f3b8f0bc2e5a9a62fe2ce2a39f,2,433.72,385.0,48.72,216.86,12.295746527777778,0.5,2.5,0.5,0.5,405.930445083926,0.12020810287392841,SC,joinville,low_volume,low_volume,low_volume__low_volume
55a5b51f93f2b70ea513f5a047b0262a,39,4849.38,4002.3,847.08,124.34307692307692,13.739854582146249,0.07692307692307693,4.461538461538462,0.05128205128205128,0.9230769230769231,805.3472275513686,0.18792505947250387,MG,sao joao del rei,standard_value,standard_risk,standard_value__standard_risk
55bb6fe5bebe5012e2d7d9928e1128ff,15,2393.02,1816.55,576.47,159.53466666666665,15.001960648148149,0.13333333333333333,3.466666666666667,0.4,0.7333333333333333,679.7078467688235,0.26284504936256853,SP,bauru,low_volume,low_volume,low_volume__low_volume
55c26bcb609f480eb7868594245febb5,6,826.23,664.4000000000001,161.82999999999998,137.705,9.694230324074073,0.0,4.0,0.16666666666666666,0.5,376.29203750164044,0.17903089133543956,SP,tabatinga,low_volume,low_volume,low_volume__low_volume
55c96925041a14097b6a7825554f4ad5,6,483.37000000000006,294.8,188.57,80.56166666666668,11.164361111111111,0.3333333333333333,4.0,0.16666666666666666,0.16666666666666666,437.75144180326555,0.28705892570522074,SP,sao paulo,low_volume,low_volume,low_volume__low_volume
55d3daac7c404d59e51c2aa2f4dc5a23,21,5790.4800000000005,4480.6,1309.88,275.7371428571429,8.714584986772488,0.0,4.095238095238095,0.09523809523809523,0.47619047619047616,274.2098154518217,0.22536488948151515,SP,sao paulo,low_volume,low_volume,low_volume__low_volume
55dedd83e501d8248880557d9073cbfd,8,1166.0900000000001,1055.3,110.78999999999999,145.76125000000002,4.779639756944444,0.0,4.875,0.0,0.5,285.18917778171857,0.11150398386271897,RJ,rio de janeiro,low_volume,low_volume,low_volume__low_volume
55f7a3319d80f7fdf078b8f03e6725fe,22,3420.4500000000003,3013.78,406.67,155.47500000000002,6.7771659301346805,0.09090909090909091,3.772727272727273,0.18181818181818182,0.45454545454545453,400.84015789851236,0.1297598511302844,SP,osasco,low_volume,low_volume,low_volume__low_volume
562f8cfc51f265411f487d07e9c40e7f,13,966.25,766.9200000000001,199.32999999999998,74.32692307692308,14.032670049857549,0.15384615384615385,4.538461538461538,0.0,0.8461538461538461,706.550731591822,0.20994327843119706,MG,belo horizonte,low_volume,low_volume,low_volume__low_volume
562fc2f2c2863ab7e79a9e4388a58a14,258,13026.22,8754.22,4272.0,50.48922480620155,11.273672458278437,0.03488372093023256,4.217054263565892,0.10077519379844961,0.7093023255813954,760.9478686549994,0.32542778216904,SP,campinas,standard_value,standard_risk,standard_value__standard_risk
5656537e588803a555b8eb41f07a944b,174,11442.96,8065.93,3377.0299999999997,65.76413793103448,11.294335336798786,0.07471264367816093,3.8735632183908044,0.19540229885057472,0.9022988505747126,833.4788645909406,0.3587921996872867,DF,brasilia,standard_value,high_risk,standard_value__high_risk
5659d77e8d90378e39b960ad5956f64e,2,213.13,182.48000000000002,30.65,106.565,20.48904513888889,0.5,2.5,0.5,0.5,462.9711153424157,0.14218059061418592,SP,taubate,low_volume,low_volume,low_volume__low_volume
56642bcb79900e777d68e91915cb4267,48,4471.79,3657.64,814.15,93.16229166666666,12.484718364197532,0.08333333333333333,4.0625,0.14583333333333334,0.5,442.3569195867749,0.21243676574826742,SP,sao paulo,standard_value,standard_risk,standard_value__standard_risk
5670f4db5b62c43d542e1b2d56b0cf7c,22,7212.650000000001,6630.09,582.5600000000001,327.8477272727273,8.532830913299664,0.045454545454545456,4.409090909090909,0.09090909090909091,0.5909090909090909,560.5300665869283,0.16917947270450492,SP,sao paulo,low_volume,low_volume,low_volume__low_volume
56a8b450e802502ba53a9885ee38e29f,1,77.65,62.45,15.2,77.65,,0.0,1.0,1.0,1.0,332.5396764725189,0.19575016097875078,SP,sao bernardo do campo,low_volume,low_volume,low_volume__low_volume
56db5c0782e8f7ddc9343f9576ff6d16,2,791.9499999999999,734.8,57.15,395.97499999999997,9.917291666666667,0.0,3.0,0.5,1.0,508.7506143163232,0.07933303676907827,SC,palhoca,low_volume,low_volume,low_volume__low_volume
56e361f411e38dcef17cdc2a3d99628b,5,3155.76,1298.0,1857.76,631.152,10.307650462962963,0.2,4.0,0.2,0.6,1038.3446960848175,0.2847722008908228,SP,guarulhos,low_volume,low_volume,low_volume__low_volume
56f413900b5166ab4d730e9ac0b12cb0,3,194.24,151.79,42.45,64.74666666666667,10.19193287037037,0.0,4.666666666666667,0.0,0.3333333333333333,342.9695838326918,0.33935319294625016,SP,sorocaba,low_volume,low_volume,low_volume__low_volume
570d4583587a5fe2d47c7be89b91ad27,2,148.92000000000002,125.25,23.67,74.46000000000001,5.748657407407407,0.0,5.0,0.0,0.0,51.358194608984675,0.17980417724855488,SP,sao paulo,low_volume,low_volume,low_volume__low_volume
5721089ba9214e80074f27d5a03fc0eb,5,312.57,245.92999999999998,66.64,62.513999999999996,7.435550925925926,0.0,5.0,0.0,0.4,214.34035129078126,0.21628110958686214,SP,sao paulo,low_volume,low_volume,low_volume__low_volume
5733d806668f8712c24b9abaefbfa642,2,329.68,243.8,85.88,164.84,15.00157986111111,0.0,5.0,0.0,0.5,1521.2599335533391,0.2820060423888951,SP,chapeco,low_volume,low_volume,low_volume__low_volume
5741dc2bf5044c34d0698681c5081bed,3,123.75,89.69999999999999,34.05,41.25,7.190243055555555,0.0,5.0,0.0,0.3333333333333333,308.8193315115812,0.26550985981209096,SP,sao jose dos campos,low_volume,low_volume,low_volume__low_volume
575df70bde3f9f2b30bf8d2e9910d725,27,6163.42,5410.05,753.37,228.27481481481482,13.3933826303155,0.07407407407407407,4.074074074074074,0.14814814814814814,0.5185185185185185,675.7096293451922,0.21466107595465875,SP,sao jose do rio preto,low_volume,low_volume,low_volume__low_volume
577719699805dd125d5b6fdde5943bba,8,1287.3600000000001,1077.8000000000002,209.56,160.92000000000002,10.283478009259259,0.125,4.375,0.125,1.0,1030.705145554844,0.2862547870493356,RS,nova petropolis,low_volume,low_volume,low_volume__low_volume
578460d8319c51dab351cd9db95eadfe,1,270.45,235.0,35.45,270.45,,0.0,3.0,0.0,1.0,1321.8298434622134,0.1310778332408948,GO,goiania,low_volume,low_volume,low_volume__low_volume
578fa3a9cb6b6dceab39231ad59cdaca,3,187.2,150.0,37.2,62.4,22.39690200617284,0.3333333333333333,3.6666666666666665,0.3333333333333333,0.6666666666666666,328.26052479831907,0.2234039926265646,CE,fortaleza,low_volume,low_volume,low_volume__low_volume
5795aebfe331fbcd02a2c4b679fb7952,6,1436.09,1280.0,156.09,239.34833333333333,12.203221450617285,0.0,3.8333333333333335,0.16666666666666666,1.0,1555.285697370676,0.11663446006997576,SC,palhoca,low_volume,low_volume,low_volume__low_volume
579891617139df7d8671d373f0669622,8,408.5,280.3,128.2,51.0625,18.42087962962963,0.25,4.5,0.125,1.0,492.5310513585945,0.3154615213035721,RJ,rio de janeiro,low_volume,low_volume,low_volume__low_volume
57a834594e1e9e9219603bfec184eadc,1,166.05,139.0,27.05,166.05,6.109594907407407,0.0,5.0,0.0,1.0,555.1401701952421,0.1629027401385125,RS,santa rosa,low_volume,low_volume,low_volume__low_volume
57c764b4a836300be881e2ff86e449f9,28,1654.42,1201.1000000000001,453.32,59.08642857142858,14.820332218792865,0.10714285714285714,4.142857142857143,0.14285714285714285,0.6785714285714286,554.7289095685992,0.42686969390337204,SP,ribeirao preto,low_volume,low_volume,low_volume__low_volume
57d2ba47f7a3209aa347532ae75c1165,2,458.24,318.0,140.24,229.12,15.68742476851852,0.0,4.0,0.0,0.5,453.3739888576559,0.2959866689071865,SC,sao bento do sul,low_volume,low_volume,low_volume__low_volume
57df9869a600bd6b7c405f2a862eccfb,5,197.21,125.0,72.21000000000001,39.442,7.28955324074074,0.0,4.4,0.0,0.4,295.36078788949476,0.3647562790138794,MG,santa rita do sapucai,low_volume,low_volume,low_volume__low_volume
57e632711dec9ec14ca7546769483e7e,62,7558.04,6350.06,1207.98,121.90387096774194,10.924974798387096,0.0,4.419354838709677,0.04838709677419355,0.9354838709677419,621.8803318160612,0.18665512457222508,SC,navegantes,standard_value,standard_risk,standard_value__standard_risk
57fe6232e67823593374a2281d7a8af8,8,284.04,178.68,105.36,35.505,9.581882233796296,0.0,4.75,0.0,0.375,266.2772288467317,0.37587354097870473,SP,capivari,low_volume,low_volume,low_volume__low_volume
582d4f8675b945722eda7c0cb61ba4c7,59,5683.93,4702.96,980.97,96.33779661016949,11.1029309871312,0.01694915254237288,4.1525423728813555,0.15254237288135594,0.5254237288135594,428.6084620340563,0.34959035469598976,SP,bertioga,standard_value,standard_risk,standard_value__standard_risk
585175ec331ea177fa47199e39a6170a,1,3602.47,3549.0,53.47,3602.47,7.919513888888889,0.0,5.0,0.0,1.0,453.5355602392185,0.014842594109041853,MG,montes claros,low_volume,low_volume,low_volume__low_volume
586a871d4f1221763fddb6ceefdeb95e,1,239.48,198.0,41.48,239.48,68.62114583333333,1.0,1.0,1.0,1.0,1628.6958205539665,0.17320861867379322,RS,porto alegre,low_volume,low_volume,low_volume__low_volume
5882820ef11c4c068eea0677a7a879b4,13,10608.02,9895.6,712.42,816.0015384615385,15.406765491452992,0.07692307692307693,4.153846153846154,0.0,0.6153846153846154,696.7649909662671,0.15894666359431847,RS,caxias do sul,low_volume,low_volume,low_volume__low_volume
5882f40daf39bc2a465e0cb453ddc222,1,698.9,640.0,58.9,698.9,,0.0,2.0,1.0,0.0,10.76253284394193,0.08427528974102161,SP,sao paulo,low_volume,low_volume,low_volume__low_volume
58b98ccb79873e04eac4357cacc590d9,1,31.91,23.0,8.91,31.91,,0.0,1.0,1.0,0.0,36.18544990863954,0.27922281416483863,SP,campinas,low_volume,low_volume,low_volume__low_volume
58c851d1a3c7cd3da329eb59453fed44,2,293.26,268.99,24.270000000000003,146.63,4.611643518518519,0.0,5.0,0.0,0.0,124.7693167302312,0.0830109476052574,SP,rio claro,low_volume,low_volume,low_volume__low_volume
58e4b302b54937e55a678c4d15111da4,3,328.85,279.79,49.06,109.61666666666667,7.158981481481481,0.0,2.3333333333333335,0.6666666666666666,0.6666666666666666,795.9760546583224,0.1610858028059912,PR,colombo,low_volume,low_volume,low_volume__low_volume
58f1a6197ed863543e0136bdedb3fce2,44,7903.6900000000005,6833.0,1070.69,179.6293181818182,10.302723489858906,0.022727272727272728,4.181818181818182,0.13636363636363635,0.75,559.013563777086,0.13316960224565996,MG,conselheiro lafaiete,standard_value,standard_risk,standard_value__standard_risk
59417c56835dd8e2e72f91f809cd4092,18,37657.770000000004,36459.0,1198.77,2092.0983333333334,12.569483024691358,0.0,4.277777777777778,0.1111111111111111,0.5555555555555556,574.7678810308522,0.03997200351298365,SP,limeira,low_volume,low_volume,low_volume__low_volume
594f9aaa48e5bf431f011ddc5669b0d5,37,4136.41,3248.8,887.61,111.79486486486486,7.7872528778778785,0.02702702702702703,4.594594594594595,0.02702702702702703,0.8378378378378378,752.1016128529028,0.22651071840896503,MG,contagem,standard_value,standard_risk,standard_value__standard_risk
5962468f885ea01a1b6a97a218797b0a,7,873.9399999999999,752.0,121.94,124.84857142857142,10.914812885802469,0.0,4.142857142857143,0.14285714285714285,1.0,,0.1707831175685179,PR,curitiba,low_volume,low_volume,low_volume__low_volume
596849622429351f47b32e6cae1055ff,13,1209.91,1064.8,145.10999999999999,93.07000000000001,5.466539351851853,0.0,4.0,0.15384615384615385,0.3076923076923077,340.12697659030425,0.18740668799503085,SP,mogi das cruses,low_volume,low_volume,low_volume__low_volume
5996cddab893a4652a15592fb58ab8db,1,880.75,810.0,70.75,880.75,5.080324074074074,0.0,5.0,0.0,0.0,548.0894155288509,0.08032926483110985,SP,presidente prudente,low_volume,low_volume,low_volume__low_volume
59b22a78efb79a4797979612b885db36,124,31850.93,26985.5,4865.43,256.86233870967743,12.711975713112304,0.12903225806451613,3.9838709677419355,0.20161290322580644,0.7983870967741935,655.2575880318844,0.19523325270747754,MG,uberlandia,high_value,high_risk,high_value__high_risk
59bbc819b99a733f02f0d6b49d1c253d,2,162.75,139.8,22.950000000000003,81.375,5.458657407407408,0.0,5.0,0.0,0.0,288.3789164970078,0.14013940350255655,SP,campinas,low_volume,low_volume,low_volume__low_volume
59cd88080b93f3c18508673122d26169,10,567.71,392.33,175.38,56.771,13.021471064814815,0.2,4.7,0.0,0.5,724.3216103202162,0.2949734560698774,SP,praia grande,low_volume,low_volume,low_volume__low_volume
59cea8e446d3834393058e7e0666b6fb,10,901.14,696.6,204.54,90.114,7.272856481481481,0.0,4.6,0.0,0.8,639.7831667860845,0.26742651947578294,PR,maringa,low_volume,low_volume,low_volume__low_volume
59de1d4c8c057c2a53acd4ca66531af2,1,156.75,135.0,21.75,156.75,18.68167824074074,0.0,5.0,0.0,1.0,964.7541245380604,0.13875598086124402,PR,curitiba,low_volume,low_volume,low_volume__low_volume
59fb871bf6f4522a87ba567b42dafecf,125,23444.48,21408.58,2035.9,187.55584,11.998807023486902,0.064,4.232,0.088,0.584,692.6490285604414,0.09122808920820859,SP,sao paulo,high_value,standard_risk,high_value__standard_risk
5a05a16bb50629ee31afab8a6d4c2674,14,1075.48,794.3,281.18,76.82000000000001,7.040058697089947,0.07142857142857142,4.214285714285714,0.07142857142857142,0.5714285714285714,332.128253645756,0.2587075835370839,RS,caxias do sul,low_volume,low_volume,low_volume__low_volume
5a32c398a06c345440bf2a683b017ad3,2,102.97,79.8,23.17,51.485,11.96880787037037,0.0,3.0,0.5,0.5,225.69587720466598,0.22703752227554308,RJ,rio de janeiro,low_volume,low_volume,low_volume__low_volume
5a413ade68e8f8d93071a7f52a64cb9e,14,932.67,778.9,153.77,66.61928571428571,4.118708664021164,0.14285714285714285,4.642857142857143,0.07142857142857142,0.21428571428571427,133.48243180684,0.16349012484091105,SP,sao paulo,low_volume,low_volume,low_volume__low_volume
5a4236931428800e9d9cc04af0987118,1,90.66,44.97,45.69,90.66,3.981076388888889,0.0,5.0,0.0,1.0,343.54783469918516,0.5039708802117803,SP,sao paulo,low_volume,low_volume,low_volume__low_volume
5a425cc503b39b262a847fd6212bf53b,14,1519.47,1265.69,253.78,108.53357142857143,6.214171118233618,0.0,4.214285714285714,0.14285714285714285,0.8571428571428571,548.1566796500584,0.19369400107868182,PR,londrina,low_volume,low_volume,low_volume__low_volume
5a6a02f419701fc8c605af71d4fc57a4,10,714.41,600.5,113.91,71.441,5.593672453703704,0.1,4.8,0.0,0.2,234.8330853462619,0.18637638397406847,SP,americana,low_volume,low_volume,low_volume__low_volume
5a8e7d5003a1f221f9e1d6e411de7c23,138,13777.869999999999,11102.0,2675.87,99.83963768115942,10.214196573398215,0.057971014492753624,4.144927536231884,0.13043478260869565,0.5869565217391305,495.8186500749856,0.1901192200700269,SP,campinas,standard_value,standard_risk,standard_value__standard_risk
5a93f3ab0ef4c84ed5e1b5dbf23978bc,39,3035.39,2338.25,697.14,77.83051282051282,15.093835587231966,0.02564102564102564,4.6923076923076925,0.05128205128205128,0.5897435897435898,600.3735896463506,0.28443826667083716,SP,monteiro lobato,standard_value,standard_risk,standard_value__standard_risk
5a9b3bcab695173c820e53934574ae80,1,203.77,139.0,64.77,203.77,7.143958333333333,0.0,5.0,0.0,1.0,422.54659572367177,0.31785836973057857,SP,salto,low_volume,low_volume,low_volume__low_volume
5a9c0859cb00fd8aa4db443837f0a700,2,255.59000000000003,208.0,47.59,127.79500000000002,9.005376157407406,0.0,4.5,0.0,1.0,837.1372005480428,0.19454976084935538,SC,treze tilias,low_volume,low_volume,low_volume__low_volume
5aaa890629f83706d8d9bfecd8377c1c,1,66.82,48.9,17.92,66.82,,0.0,1.0,1.0,1.0,1165.0993667567473,0.2681831786890153,RJ,petropolis,low_volume,low_volume,low_volume__low_volume
5ab05b6d86d417796c69ffd6774ec832,10,2142.85,1886.1,256.75,214.285,13.937832175925925,0.1,3.8,0.2,0.5,702.2836706339706,0.12343128067481653,SP,assis,low_volume,low_volume,low_volume__low_volume
5abb8ea023c77787f2c15da891c8d384,13,2987.2,2241.0,746.2,229.78461538461536,19.6782719017094,0.23076923076923078,3.923076923076923,0.15384615384615385,0.8461538461538461,759.9587408015861,0.2831021811030528,SC,joinville,low_volume,low_volume,low_volume__low_volume
5acd070dd3fe441bbb2ec1f1ede515ee,7,886.37,764.17,122.2,126.62428571428572,26.1123082010582,0.42857142857142855,3.0,0.42857142857142855,0.7142857142857143,416.73291380131104,0.268797435941848,SP,jundiai,low_volume,low_volume,low_volume__low_volume
5b07547f10dd980738a1a27f685af669,13,1320.0700000000002,1134.6000000000001,185.47,101.54384615384616,6.257921118233617,0.15384615384615385,4.461538461538462,0.07692307692307693,0.46153846153846156,275.67419526229105,0.1446840251145176,SP,guarulhos,low_volume,low_volume,low_volume__low_volume
5b0cc932433fa5184b5b94bfe6bcc256,12,1994.09,1437.8,556.29,166.17416666666665,11.838533950617283,0.25,3.5833333333333335,0.3333333333333333,0.3333333333333333,522.4493801858122,0.2829249523737799,SP,ibitinga,low_volume,low_volume,low_volume__low_volume
5b179e9e8cc7ab6fd113a46ca584da81,33,5663.64,5023.6,640.04,171.62545454545455,12.986788019079684,0.09090909090909091,3.6666666666666665,0.21212121212121213,0.48484848484848486,364.4562080915437,0.1122897836282421,SP,sao paulo,standard_value,high_risk,standard_value__high_risk
5b2e94f2c22b39ccc24d34ad0f669672,10,1340.1399999999999,949.78,390.36,134.01399999999998,9.983612268518518,0.1,4.9,0.0,0.6,578.7029115453985,0.2943906098780592,SP,sao paulo,low_volume,low_volume,low_volume__low_volume
5b33b527da3c5b969cc99dc435cad09a,16,2238.34,1872.79,365.55,139.89625,12.708035300925927,0.0625,4.125,0.125,0.9375,796.0170163464134,0.28410143871544,PR,paranavai,low_volume,low_volume,low_volume__low_volume
5b35136197710e16ac5e7b7c2bd4ea85,7,3350.29,3104.2000000000003,246.08999999999997,478.61285714285714,18.389627976190475,0.2857142857142857,2.5714285714285716,0.5714285714285714,1.0,494.1472460864344,0.0973282716669519,RJ,rio de janeiro,low_volume,low_volume,low_volume__low_volume
5b51032eddd242adc84c38acab88f23d,12,3548.95,3280.0,268.95,295.74583333333334,11.746846064814816,0.0,4.0,0.08333333333333333,0.5833333333333334,279.7438121263743,0.0832380493080668,MG,borda da mata,low_volume,low_volume,low_volume__low_volume
5b581417df4480f632484ba681e53944,12,2376.3,1790.6,585.7,198.025,18.4114898989899,0.25,3.5,0.25,0.9166666666666666,951.5456294085712,0.23564909787026464,SC,florianopolis,low_volume,low_volume,low_volume__low_volume
5b664594895aefb418afaee6d40a9a23,16,1235.18,1008.8,226.38,77.19875,10.405842737268518,0.0,3.9375,0.1875,0.4375,315.7518296927284,0.18997041549098265,RJ,petropolis,low_volume,low_volume,low_volume__low_volume
5b67882648febfb6e1225e6ad7164f6b,27,7432.42,6813.4800000000005,618.94,275.2748148148148,12.55868912894376,0.037037037037037035,4.0,0.14814814814814814,0.9629629629629629,791.9240960680371,0.13949132902670766,PR,umuarama,low_volume,low_volume,low_volume__low_volume
5b8154610ebb21fb90eb587365e673df,38,10474.98,9397.54,1077.44,275.65736842105264,13.051636636636637,0.10526315789473684,4.184210526315789,0.13157894736842105,0.6578947368421053,416.0215151839864,0.11904675041153205,SP,sao jose dos campos,standard_value,standard_risk,standard_value__standard_risk
5b85809efd0d0e4dea1a9544e1280ed9,12,2097.36,1804.6000000000001,292.76,174.78,7.96546199845679,0.0,4.25,0.08333333333333333,0.5833333333333334,769.8628136555798,0.14739128487083622,SP,presidente prudente,low_volume,low_volume,low_volume__low_volume
5b925e1d006e9476d738aa200751b73b,63,8801.84,7748.5,1053.34,139.71174603174603,10.885000367430923,0.06349206349206349,4.603174603174603,0.047619047619047616,0.6349206349206349,621.0163805387339,0.1376315966973778,SP,sao paulo,standard_value,standard_risk,standard_value__standard_risk
5b92bfa4120daa27c574daa2e386c693,1,24.96,14.0,10.96,24.96,16.086435185185184,0.0,3.0,0.0,0.0,119.73790833462547,0.4391025641025641,SP,sorocaba,low_volume,low_volume,low_volume__low_volume
5b97c06a046398e7005b2b7c0d707a92,4,1769.59,1519.96,249.63,442.3975,26.17675925925926,0.5,3.25,0.25,1.0,1024.738247523586,0.13995738598670376,MG,joao pinheiro,low_volume,low_volume,low_volume__low_volume
5bba18b40e8c973b0f32e748004775b0,1,784.8000000000001,739.98,44.82,784.8000000000001,7.072442129629629,0.0,5.0,0.0,1.0,779.7917188788928,0.05711009174311926,SP,itajobi,low_volume,low_volume,low_volume__low_volume
5bc237df65098fe211bb4818f4d26d78,2,183.89,126.80000000000001,57.09,91.945,12.479837962962963,0.0,4.5,0.0,1.0,1259.7884512183082,0.2921739246743793,MG,uberlandia,low_volume,low_volume,low_volume__low_volume
5bc24d989e71e93c33e50a7782431b0e,17,3736.53,3148.0,588.53,219.7958823529412,9.188674428104575,0.0,4.352941176470588,0.11764705882352941,1.0,549.5923788101011,0.19039995031878557,MG,campo do meio,low_volume,low_volume,low_volume__low_volume
5bc55dbe2f12b6af6d83ed46023e0dc8,17,3409.38,2992.1000000000004,417.28,200.55176470588236,13.928327886710239,0.23529411764705882,2.411764705882353,0.5882352941176471,0.9411764705882353,618.5572634174135,0.1217927209625221,MG,coronel fabriciano,low_volume,low_volume,low_volume__low_volume
5bf397d04035b5f45cc41e82ec106803,3,1572.28,1525.0,47.28,524.0933333333334,4.018661265432098,0.0,4.333333333333333,0.0,0.3333333333333333,143.33153132054534,0.03863297870826849,SP,sao paulo,low_volume,low_volume,low_volume__low_volume
5bffbafbb22daf6d3bfc216a46db8708,21,5694.2,5239.7,454.5,271.15238095238095,8.653910383597884,0.0,4.761904761904762,0.0,0.9523809523809523,772.8946704391303,0.17110752790035388,RJ,nilopolis,low_volume,low_volume,low_volume__low_volume
5c030029b5916fed0986310385ec9009,7,5079.9,4164.4,915.5,725.6999999999999,6.232266865079366,0.0,4.857142857142857,0.0,0.8571428571428571,893.4109904918897,0.17300902338945018,SC,sao jose,low_volume,low_volume,low_volume__low_volume
5c243662ce92d84573bfaff24c3e3700,97,34506.5,32752.12,1754.38,355.7371134020619,10.801070064910272,0.030927835051546393,4.144329896907217,0.10309278350515463,0.6185567010309279,602.6635241821363,0.0627222791947853,SP,sao paulo,high_value,standard_risk,high_value__standard_risk
5c3460cd3e8a984382ae254e7dd20d9f,9,974.3,775.76,198.54,108.25555555555555,9.911150977366255,0.0,4.666666666666667,0.0,0.6666666666666666,689.2155380536288,0.228190221371817,SP,sao jose do rio preto,low_volume,low_volume,low_volume__low_volume
5c603ffb38cbbf25a0e0698941324143,2,393.61,348.8,44.81,196.805,,0.0,1.0,1.0,1.0,574.526132978755,0.1138157155664533,MG,varginha,low_volume,low_volume,low_volume__low_volume
5c6d4016c2a288f074fa0848a2b653d2,32,3673.17,3159.0,514.17,114.7865625,10.63474089008363,0.09375,4.0625,0.15625,0.46875,504.55696413823114,0.16101469129248813,SP,sao paulo,standard_value,standard_risk,standard_value__standard_risk
5c853bb56f70f4d14218944bae111d7a,23,514.1899999999999,263.13,251.06,22.356086956521736,8.65661533816425,0.0,4.0,0.21739130434782608,0.30434782608695654,314.6168708273999,0.47392612214576113,SP,cotia,low_volume,low_volume,low_volume__low_volume
5ca5d579b5857ee8709479b1047cecc3,2,363.88,339.89,23.990000000000002,181.94,17.78358796296296,0.5,1.0,1.0,0.5,119.33388160499813,0.06549363311586352,SP,sao paulo,low_volume,low_volume,low_volume__low_volume
5cbbd5a299cab112b7bf23862255e43e,36,3385.21,2726.06,659.15,94.03361111111111,10.853688593106996,0.0,4.277777777777778,0.1111111111111111,0.8611111111111112,636.7257144962546,0.2569006997715835,PR,pinhais,standard_value,standard_risk,standard_value__standard_risk
5cf13accae3222c70a9cac40818ae839,148,17287.94,14288.300000000001,2999.64,116.81040540540539,10.66141833585286,0.033783783783783786,4.452702702702703,0.08108108108108109,0.8716216216216216,651.2815617396974,0.17001326983060835,MG,patos de minas,standard_value,standard_risk,standard_value__standard_risk
5cf1ec37aea089f45110c70653a166ab,3,93.1,50.0,43.1,31.03333333333333,21.465109953703703,0.0,3.6666666666666665,0.3333333333333333,0.6666666666666666,842.1807181042442,0.45097770022791145,SP,sao paulo,low_volume,low_volume,low_volume__low_volume
5d0363b33554b373851fc1622e4d5f3c,94,8802.97,6610.79,2192.18,93.64861702127659,12.488874825766626,0.0851063829787234,4.042553191489362,0.1276595744680851,0.4148936170212766,410.3233207618113,0.257211424974619,SP,atibaia,standard_value,standard_risk,standard_value__standard_risk
5d043cd5512d4bd2f88e5ccdd5736c38,1,714.91,650.0,64.91,714.91,9.573449074074071,0.0,2.0,1.0,0.0,81.9690603609568,0.09079464547985061,SP,sao paulo,low_volume,low_volume,low_volume__low_volume
5d378b73ab7dd6f0418d743e5dcb0bd1,7,13636.279999999999,13243.0,393.28,1948.0399999999997,30.488871527777775,0.14285714285714285,3.857142857142857,0.14285714285714285,0.5714285714285714,1110.8783317144612,0.02897160065984094,SP,sao paulo,low_volume,low_volume,low_volume__low_volume
5d3bb11474a06bdc23fb9e89f1164ee0,31,4178.82,3654.6,524.22,134.8006451612903,9.800679883512545,0.03225806451612903,3.903225806451613,0.16129032258064516,0.45161290322580644,509.07899172262404,0.13989301563908918,SP,assis,standard_value,standard_risk,standard_value__standard_risk
5d505d2298ad549e4e4e835562fa0c1e,2,278.14,249.8,28.339999999999996,139.07,5.899982638888889,0.0,5.0,0.0,0.5,566.1584435774282,0.10172169599289992,SP,birigui,low_volume,low_volume,low_volume__low_volume
5d76d80a2f5f39c891b996a1bf4c9853,6,1409.75,1238.5,171.25,234.95833333333334,10.233966049382717,0.0,4.833333333333333,0.0,1.0,1021.4351809444382,0.11474410594070074,SP,sao paulo,low_volume,low_volume,low_volume__low_volume
5d9dc90a686a8fddacffab6bab5653a3,12,4131.27,3761.94,369.33,344.27250000000004,8.628353587962962,0.08333333333333333,4.166666666666667,0.08333333333333333,0.4166666666666667,221.74453916951109,0.14479315817354307,SP,santana de parnaiba,low_volume,low_volume,low_volume__low_volume
5d9f3746e112e696f98ea22c56b3e912,1,1370.41,1322.64,47.77,1370.41,7.0696875,0.0,5.0,0.0,1.0,1518.1415157270944,0.03485818112827548,SP,sao paulo,low_volume,low_volume,low_volume__low_volume
5db42a6cd9bf1bf0d3aab9582767f168,1,219.33,200.0,19.33,219.33,16.873449074074074,0.0,5.0,0.0,1.0,1525.2778260714788,0.08813203848082796,ES,vitoria,low_volume,low_volume,low_volume__low_volume
5dc203c7b84a0e71e878a179de05fb9a,5,550.05,421.9,128.15,110.00999999999999,8.570122685185186,0.0,4.0,0.2,0.4,799.951294310517,0.27287853463091744,SP,pompeia,low_volume,low_volume,low_volume__low_volume
5dc4bdaf869e8c77c648078cbe8d59c2,1,327.49,292.99,34.5,327.49,,0.0,1.0,1.0,1.0,1066.7083095720964,0.10534672814437082,SC,florianopolis,low_volume,low_volume,low_volume__low_volume
5dceca129747e92ff8ef7a997dc4f8ca,321,124005.16,110488.73,13516.43,386.3089096573209,11.539975395993476,0.06230529595015576,3.984423676012461,0.19937694704049844,0.557632398753894,561.2389294568062,0.17171338758573265,SP,santa barbara d´oeste,high_value,high_risk,high_value__high_risk
5de1c80811ce7007f62f00d971236c09,2,107.75,76.8,30.950000000000003,53.875,8.073929398148149,0.0,5.0,0.0,0.5,437.09689815172084,0.2863376447381415,SC,florianopolis,low_volume,low_volume,low_volume__low_volume
5debea795b07621e1f90532e18f96145,25,2388.13,1883.78,504.35,95.5252,10.347672685185184,0.0,4.36,0.08,0.76,518.962195747431,0.28090766181565036,PR,apucarana,low_volume,low_volume,low_volume__low_volume
5def4c3732941a971cba8fdee992ede1,5,201.04,134.8,66.24,40.208,4.562969907407408,0.0,4.6,0.0,0.4,267.4502038010952,0.37845041015656744,SP,sao paulo,low_volume,low_volume,low_volume__low_volume
5e063e85d44b0f5c3e6ec3131103a57e,1,30.32,22.9,7.42,30.32,1.288333333333333,0.0,5.0,0.0,0.0,61.71644413751607,0.24472295514511874,SP,sao paulo,low_volume,low_volume,low_volume__low_volume
5e105f5c9f63f5f1fd75d6cb942e55b1,8,1745.73,1471.9,273.83,218.21625,9.292110821759259,0.125,4.5,0.125,0.375,642.824149491091,0.215476823567966,SP,sao jose do rio preto,low_volume,low_volume,low_volume__low_volume
5e106d93b717c2682b9383da480364a1,1,467.61,445.9,21.71,467.61,7.260185185185185,0.0,5.0,0.0,1.0,1224.826031416385,0.04642757853767028,PR,santa terezinha de itaipu,low_volume,low_volume,low_volume__low_volume
5e25c632f9db6cfb8bc100421c2737b6,1,278.91,259.0,19.91,278.91,6.050219907407407,0.0,5.0,0.0,1.0,714.819392342944,0.07138503459897458,SC,chapeco,low_volume,low_volume,low_volume__low_volume
5e49e3a44bdeb5aab2684258bbd4f525,3,559.77,507.0,52.769999999999996,186.59,16.658904320987656,0.3333333333333333,4.666666666666667,0.0,0.6666666666666666,397.75793267472085,0.09372707873855929,SC,balenario camboriu,low_volume,low_volume,low_volume__low_volume
5e9f5bd34e0830569f05c9d4f56e04a8,2,274.86,239.98,34.88,137.43,10.026510416666667,0.0,4.5,0.0,1.0,762.4800103584769,0.1267969434964708,RS,porto alegre,low_volume,low_volume,low_volume__low_volume
5ee7fd217d08dfe5d3e2f51f96a12c9a,9,1435.18,1165.5,269.68,159.46444444444444,16.85798739711934,0.2222222222222222,3.4444444444444446,0.3333333333333333,0.6666666666666666,521.1748137805873,0.18307626839709554,SP,vargem grande do sul,low_volume,low_volume,low_volume__low_volume
5eeb9c756d9780b96283e5a2ac6da334,9,2718.74,2471.0,247.74,302.0822222222222,16.608179012345676,0.2222222222222222,4.222222222222222,0.1111111111111111,0.6666666666666666,719.4055111529784,0.09670046516878289,SP,ribeirao preto,low_volume,low_volume,low_volume__low_volume
5ef131ac72773e5b3f6c0d63cf424657,10,821.99,575.79,246.2,82.199,5.9284641203703705,0.0,4.1,0.2,0.6,557.2614399029065,0.3106850948020017,SP,ribeirao preto,low_volume,low_volume,low_volume__low_volume
5f0057b677eb963672bf05dfa3f16c34,5,379.89,312.88,67.01,75.978,7.040208333333333,0.0,4.2,0.2,0.6,232.2239396974459,0.23103766308163545,SP,sao paulo,low_volume,low_volume,low_volume__low_volume
5f06030071324cc52bf0304014ac7234,4,884.31,783.96,100.35000000000001,221.0775,10.357387152777777,0.0,4.0,0.25,0.5,610.0417319318612,0.11277463859238876,SP,marilia,low_volume,low_volume,low_volume__low_volume
5f1dc28029d2c244352a68107ec2b542,61,3747.24,2759.8,987.44,61.430163934426226,9.6064619383728,0.06557377049180328,4.426229508196721,0.06557377049180328,0.5245901639344263,479.10194144711164,0.29614721189486787,SP,sao paulo,standard_value,standard_risk,standard_value__standard_risk
5f2684dab12e59f83bef73ae57724e45,68,10123.06,9000.87,1122.19,148.8685294117647,10.647301340519624,0.058823529411764705,3.8088235294117645,0.23529411764705882,0.5147058823529411,428.21958877620136,0.12308425958068593,SP,sao paulo,standard_value,high_risk,standard_value__high_risk
5f26c1408a65b42a7224cd463bdf3292,10,1357.09,1139.8,217.29,135.709,6.427893518518518,0.0,4.8,0.0,1.0,683.3567845721213,0.23423959137432931,PR,arapongas,low_volume,low_volume,low_volume__low_volume
5f3ae9136c875522250f8184f253413a,42,1739.77,1143.05,596.72,41.423095238095236,7.8619786155202815,0.07142857142857142,4.642857142857143,0.023809523809523808,0.5238095238095238,498.97276114277,0.3532836756392926,SP,sao paulo,standard_value,standard_risk,standard_value__standard_risk
5f57db27027655e6c6a391601daa0258,1,151.04,98.0,53.04,151.04,14.373472222222222,0.0,5.0,0.0,1.0,1006.2533570436009,0.35116525423728817,ES,viana,low_volume,low_volume,low_volume__low_volume
5f5a58930c3c35f3b5af264f34fb8c85,3,628.5899999999999,560.0,68.59,209.52999999999997,7.959606481481482,0.0,5.0,0.0,1.0,688.2892238716455,0.11481472442455333,SP,ribeirao preto,low_volume,low_volume,low_volume__low_volume
5f5b43b2bffa8656e4bc6efeb13cc649,27,4232.65,3677.2,555.45,156.7648148148148,13.945222479423867,0.037037037037037035,4.407407407407407,0.07407407407407407,0.7407407407407407,794.1208724896367,0.14662474424520686,SP,sao paulo,low_volume,low_volume,low_volume__low_volume
5f67c6082caacb26e431a7b17940cece,13,1871.03,1662.6,208.43,143.92538461538462,22.829244123931623,0.3076923076923077,3.5384615384615383,0.23076923076923078,0.8461538461538461,565.305288811485,0.13553553614784236,PR,maringa,low_volume,low_volume,low_volume__low_volume
5f7300535881cef3b625fd683cf7d145,10,836.83,665.98,170.85,83.683,8.813859953703703,0.0,4.4,0.1,0.7,594.993712181986,0.2147828031558529,RS,canoas,low_volume,low_volume,low_volume__low_volume
5fd924b4836098a5be0ecf81ba054ce0,7,1284.34,1148.8,135.54,183.47714285714284,7.985335648148149,0.0,4.0,0.14285714285714285,0.7142857142857143,633.2676979250734,0.173836175676575,SP,sao paulo,low_volume,low_volume,low_volume__low_volume
602044f2c16190c2c6e45eb35c2e21cb,49,4591.59,3671.66,919.9300000000001,93.70591836734694,14.277573138297873,0.16326530612244897,3.183673469387755,0.3877551020408163,0.6122448979591837,517.2938005507774,0.20454612176759085,SP,ibitinga,standard_value,high_risk,standard_value__high_risk
6025c79c035c3d772133b8b8238463b2,2,1098.33,989.74,108.59,549.165,8.44961226851852,0.0,5.0,0.0,1.0,855.8056376907871,0.09523773022555668,PR,pinhais/pr,low_volume,low_volume,low_volume__low_volume
6039e27294dc75811c0d8a39069f52c0,64,16047.17,13670.7,2376.4700000000003,250.73703125,17.993614969135802,0.21875,3.6875,0.203125,0.734375,657.4381546504735,0.1576654275043148,SP,osasco,standard_value,high_risk,standard_value__high_risk
60562ab00b8054280520d390c8c0045c,17,3247.09,2943.0,304.09,191.00529411764705,10.181200980392157,0.0,4.764705882352941,0.0,0.7058823529411765,693.7980794776142,0.0932130124878454,SP,sao paulo,low_volume,low_volume,low_volume__low_volume
6061155addc1e54b4cfb51c1c2a32ad8,28,16513.31,15633.4,879.91,589.7610714285714,5.969917741402116,0.03571428571428571,4.642857142857143,0.03571428571428571,0.5714285714285714,389.71011949298816,0.11744627404619337,SP,campinas,low_volume,low_volume,low_volume__low_volume
606ce7768feac12c5e8bd58db8b08f0f,5,3018.86,2916.6,102.26,603.772,9.72950925925926,0.0,4.8,0.0,0.8,516.778816654738,0.04161658480061019,SP,campinas,low_volume,low_volume,low_volume__low_volume
609e1a9a6c2539919b8205cf7c4e6ff0,85,8908.66,6400.03,2508.63,104.80776470588235,9.929689133986928,0.011764705882352941,3.8117647058823527,0.21176470588235294,0.9529411764705882,576.610458701886,0.30294904052934607,SC,brusque,standard_value,high_risk,standard_value__high_risk
60ad151920c4f6f3ebbe8cfdf6166779,2,150.67000000000002,130.0,20.67,75.33500000000001,,0.0,1.0,1.0,0.0,53.27330051340054,0.13679052537797337,SP,carapicuiba,low_volume,low_volume,low_volume__low_volume
60da8bfa7eebe230b7d66ac4082d79b3,3,125.27000000000001,86.6,38.67,41.75666666666667,7.781188271604939,0.3333333333333333,4.333333333333333,0.0,0.0,283.35941962732545,0.3808881979649172,SP,fernando prestes,low_volume,low_volume,low_volume__low_volume
610f72e407cdd7caaa2f8167b0163fd8,16,14429.45,13585.16,844.29,901.840625,12.704721498842593,0.125,3.625,0.3125,0.1875,208.90661388204734,0.058390543382371846,SP,sao paulo,low_volume,low_volume,low_volume__low_volume
612170e34b97004b3ba37eae81836b4c,107,25372.079999999998,23065.02,2307.06,237.1222429906542,10.988303046036691,0.018691588785046728,4.429906542056075,0.07476635514018691,0.8411214953271028,1034.337135305271,0.12974122007858274,RS,novo hamburgo,high_value,standard_risk,high_value__standard_risk
612a743d294c27884fb7b80d2b19ba35,2,3162.15,3057.7000000000003,104.45,1581.075,9.794849537037036,0.0,4.5,0.0,1.0,337.8674742728605,0.17642218922243413,PR,curitiba,low_volume,low_volume,low_volume__low_volume
615005a3ef192c00c6f0e977cee3d2bc,10,442.14,286.5,155.64,44.214,13.925006944444444,0.2,3.8,0.3,0.7,559.2204367386714,0.35503242529168855,SP,itu,low_volume,low_volume,low_volume__low_volume
615c3462099ffa940d37b17dfda19594,2,261.05,229.0,32.05,130.525,7.6487442129629635,0.0,5.0,0.0,0.5,207.95272589202173,0.13788075135157174,RJ,rio de janeiro,low_volume,low_volume,low_volume__low_volume
6179a28a13a726c29b3bf54c070dccab,2,686.24,600.0,86.24000000000001,343.12,25.23008101851852,0.0,3.0,0.5,1.0,1958.4271233517643,0.12321700444130503,MG,varginha,low_volume,low_volume,low_volume__low_volume
6187a137b2af59dfdbad8d9f8c373c14,2,105.02,74.8,30.22,52.51,13.861290509259259,0.0,3.0,0.5,1.0,345.4961355689255,0.28840845173993745,SP,osasco,low_volume,low_volume,low_volume__low_volume
61b18775be84fb700a6b2d0ba097bf66,4,436.01,334.5,101.51,109.0025,10.575578703703703,0.0,4.75,0.0,0.5,448.6459970979516,0.24872677982322944,SP,araraquara,low_volume,low_volume,low_volume__low_volume
61b893c57e33626afb104d4112b1be76,1,88.08999999999999,74.99,13.1,88.08999999999999,,0.0,1.0,1.0,0.0,291.42781896148614,0.14871154501078443,MG,divisa nova,low_volume,low_volume,low_volume__low_volume
61c36f0fc4a47f9532e5512b66668e62,1,767.69,750.0,17.69,767.69,12.314270833333332,0.0,1.0,1.0,0.0,109.66246323822044,0.023043155440347015,SP,guarulhos,low_volume,low_volume,low_volume__low_volume
61f159ef6da2d441951d2c0efa719362,3,215.98,154.97,61.01,71.99333333333333,,0.0,1.0,1.0,1.0,800.3498565855051,0.3407195287134672,ES,serra,low_volume,low_volume,low_volume__low_volume
620c87c171fb2a6dd6e8bb4dec959fc6,733,127503.62,113505.9,13997.72,173.94763983628923,12.817686684334054,0.09549795361527967,4.251023192360163,0.12551159618008187,0.791268758526603,562.2434686798897,0.145723102900571,RJ,petropolis,high_value,standard_risk,high_value__standard_risk
6219ba2359cfb97f2e38fd4c321eb309,5,514.89,429.5,85.39,102.978,15.313993055555557,0.4,3.4,0.4,0.6,414.1063096392801,0.18918810689978213,SP,sao paulo,low_volume,low_volume,low_volume__low_volume
6235903333ba7de1928c869e268e5964,1,135.48000000000002,94.06,41.42,135.48000000000002,4.974247685185185,0.0,5.0,0.0,1.0,600.6275255804633,0.3057277826985533,SC,treze tilias,low_volume,low_volume,low_volume__low_volume
623ad9d0c1e14bb5464a8c72bff7b4af,1,133.96,95.0,38.96,133.96,24.09232638888889,0.0,4.0,0.0,1.0,723.3433777708124,0.2908330845028367,MG,claudio,low_volume,low_volume,low_volume__low_volume
624f4ece8da4aafb77699233d480f8ef,52,10751.55,9046.0,1705.55,206.7605769230769,13.627191283831909,0.07692307692307693,4.25,0.11538461538461539,0.6346153846153846,714.2183053001653,0.155724795863135,SP,sao paulo,standard_value,standard_risk,standard_value__standard_risk
626ab1cd96932367f0eeec2e47046c12,3,1390.4699999999998,1310.0,80.47,463.48999999999995,7.193283179012345,0.0,4.666666666666667,0.0,0.3333333333333333,972.4549322206681,0.06354523919338571,SP,sao paulo,low_volume,low_volume,low_volume__low_volume
62760d278921b5f352461620d68a9cee,3,450.09999999999997,397.0,53.1,150.03333333333333,19.67951388888889,0.3333333333333333,3.6666666666666665,0.3333333333333333,0.6666666666666666,332.04524803862176,0.12606742902293208,SP,salto,low_volume,low_volume,low_volume__low_volume
6288c69c4ce638e59925e59193f98b16,22,4812.4800000000005,4506.28,306.2,218.74909090909094,9.613747106481481,0.045454545454545456,3.9545454545454546,0.13636363636363635,0.4090909090909091,500.67073738962574,0.1416012223526302,SP,santo andre,low_volume,low_volume,low_volume__low_volume
62c50c1af4dfdc4149d25c5222043d39,14,3096.03,2785.7200000000003,310.31,221.145,12.141128472222222,0.0,3.7142857142857144,0.2857142857142857,0.5,476.2156971169597,0.09446954189265597,SP,sao paulo,low_volume,low_volume,low_volume__low_volume
62d977e2b2aee830de3e039a28490d12,2,432.12,399.8,32.32,216.06,,0.0,1.0,1.0,1.0,328.160532799833,0.07479403869295566,PR,curitiba,low_volume,low_volume,low_volume__low_volume
62de60d81c55c29d76a6bce418b31cef,1,126.87,103.0,23.87,126.87,16.171631944444446,0.0,4.0,0.0,1.0,1439.637563572045,0.1881453456293844,SP,ibitinga,low_volume,low_volume,low_volume__low_volume
630008e0f062605a415d694489f6f82e,2,135.5,105.15,30.35,67.75,17.05988425925926,0.0,3.5,0.5,0.5,248.27176730672113,0.23982406683785495,SP,sao paulo,low_volume,low_volume,low_volume__low_volume
63191ead8d3b2f937cd1996fdcbbad20,1,420.29,367.0,53.29,420.29,11.917349537037037,0.0,5.0,0.0,1.0,1901.113323081466,0.12679340455399843,SP,jundiai,low_volume,low_volume,low_volume__low_volume
63272377184e969942f7fff221be858d,2,216.23000000000002,149.7,66.53,108.11500000000001,12.299733796296296,0.0,5.0,0.0,0.5,228.4319773859952,0.30498871123233207,SP,sao paulo,low_volume,low_volume,low_volume__low_volume
6338ea67c41078a46ad99cc009654956,35,3024.99,2153.39,871.6,86.4282857142857,12.699382936507936,0.0,4.6,0.05714285714285714,0.9714285714285714,1016.1240089465864,0.3312656845384955,RS,farroupilha,standard_value,standard_risk,standard_value__standard_risk
633ecdf879b94b5337cca303328e4a25,5,1000.0699999999999,927.7,72.37,200.01399999999998,23.786462962962965,0.6,1.8,0.8,0.8,542.8524188646126,0.08485045612959148,SP,sao paulo,low_volume,low_volume,low_volume__low_volume
634964b17796e64304cadf1ad3050fb7,267,45289.45,39357.1,5932.349999999999,169.62340823970035,14.672130066387142,0.10112359550561797,4.037453183520599,0.15730337078651685,0.8614232209737828,688.2097418013886,0.14805254611397262,RJ,rio de janeiro,high_value,standard_risk,high_value__standard_risk
63704069d9bd3a75c1cf59babe56004a,1,66.69,59.3,7.39,66.69,18.27550925925926,1.0,1.0,1.0,0.0,58.27932702136488,0.11081121607437397,SP,jundiai,low_volume,low_volume,low_volume__low_volume
638cba8be1fb599bbb76fd6948351eb3,17,913.87,598.2,315.66999999999996,53.75705882352941,8.141051070601852,0.0,4.647058823529412,0.058823529411764705,0.4117647058823529,295.14120217784074,0.3429759115576344,SP,sao jose dos campos,low_volume,low_volume,low_volume__low_volume
63a79f5a7eb5cb48a7e5787b141c7993,11,1015.93,815.1,200.82999999999998,92.35727272727273,6.365419823232323,0.0,4.545454545454546,0.0,0.6363636363636364,443.1862459607501,0.2269119576808186,MG,patos de minas,low_volume,low_volume,low_volume__low_volume
63b464dbf392c7b80d12d932fa7cafed,37,7662.25,6781.0,881.25,207.08783783783784,13.07969971707819,0.05405405405405406,3.7837837837837838,0.1891891891891892,0.3783783783783784,248.97643057464754,0.11270095585209536,SP,sao paulo,standard_value,high_risk,standard_value__high_risk
63b9ae557efed31d1f7687917d248a8d,5,242.31,139.5,102.81,48.462,18.660874999999997,0.0,4.2,0.2,0.8,884.4198289065358,0.4798013520370855,SP,sao jose do rio pardo,low_volume,low_volume,low_volume__low_volume
63bc58679c44e8a998792119fd7ad23e,1,34.01,19.9,14.11,34.01,,0.0,1.0,1.0,1.0,510.450912983083,0.41487797706556895,SP,sao paulo,low_volume,low_volume,low_volume__low_volume
63ffcb71394dd8ea3872ed9ffda17c74,17,663.72,399.0,264.72,39.042352941176475,13.25094566993464,0.058823529411764705,3.176470588235294,0.29411764705882354,0.5294117647058824,498.59107520133864,0.39796561890382415,RJ,itaborai,low_volume,low_volume,low_volume__low_volume
640e21a7d01df7614a3b4923e990d40c,116,10045.12,7598.88,2446.24,86.59586206896553,10.319995068438002,0.06896551724137931,4.301724137931035,0.08620689655172414,0.5,492.3969435532443,0.24863813899911913,SP,ibitinga,standard_value,standard_risk,standard_value__standard_risk
6426d21aca402a131fc0a5d0960a3c90,23,1593.82,1209.64,384.18,69.29652173913043,10.963011272141706,0.043478260869565216,4.173913043478261,0.08695652173913043,0.6086956521739131,644.4518397618518,0.258359004199657,SP,ribeirao preto,low_volume,low_volume,low_volume__low_volume
643214e62b870443ccbe55ab29a4dccf,66,4199.78,3270.13,929.65,63.633030303030296,9.59067735042735,0.12121212121212122,4.409090909090909,0.045454545454545456,0.5,522.7880192594935,0.25838856086492795,SP,sao paulo,standard_value,standard_risk,standard_value__standard_risk
643c01d7c56a724bec0454f4780e8a3e,2,246.65,205.55,41.1,123.325,9.720231481481482,0.0,4.5,0.0,1.0,524.5075142457408,0.21746041005933972,SC,joinville,low_volume,low_volume,low_volume__low_volume
6481e96574816ead57975da2c0f6d80d,32,4340.860000000001,3324.9,1015.96,135.65187500000002,6.952938368055555,0.03125,4.1875,0.09375,0.21875,211.30907514111837,0.2899663602654558,SP,sorocaba,standard_value,standard_risk,standard_value__standard_risk
64b87978a11c1ea7501a89eabe8c2c1a,7,591.8299999999999,489.92999999999995,101.9,84.54714285714284,,0.0,2.0,0.7142857142857143,0.7142857142857143,709.3654955268594,0.17149017253264112,SP,presidente bernardes,low_volume,low_volume,low_volume__low_volume
64c9a1db4e73e19aaafd3286dc448c96,1,482.6,439.0,43.6,482.6,9.469189814814817,0.0,5.0,0.0,1.0,814.2158746883562,0.09034397016162453,PR,curitiba,low_volume,low_volume,low_volume__low_volume
64cc804291f90c81f02bfc2bb58ff55a,2,564.14,517.6,46.54,282.07,14.760040509259259,0.0,5.0,0.0,1.0,676.5178413154002,0.1514332752430287,PR,curitiba,low_volume,low_volume,low_volume__low_volume
651530bf5c607240ccdd89a30c9c9712,1,224.45,199.9,24.55,224.45,11.76519675925926,0.0,4.0,0.0,1.0,976.9133916367546,0.10937848073067499,BA,ipira,low_volume,low_volume,low_volume__low_volume
651fe66032c9520ee5587f694908040d,7,592.73,464.0,128.73,84.67571428571429,6.706140873015873,0.0,4.0,0.14285714285714285,0.8571428571428571,991.6440084548124,0.24195737740387482,RS,alvorada,low_volume,low_volume,low_volume__low_volume
6524b847b982cd56bb5d4b02b776ee42,1,834.94,779.8,55.14,834.94,42.330416666666665,1.0,4.0,0.0,1.0,704.2373230988231,0.06604067358133518,SP,campinas,low_volume,low_volume,low_volume__low_volume
6548c2550b6e2d8f18053216e1c7b6f3,3,287.55,217.7,69.85000000000001,95.85000000000001,6.486157407407407,0.0,5.0,0.0,0.6666666666666666,413.6229442495396,0.3655394930473463,SP,diadema,low_volume,low_volume,low_volume__low_volume
655220df33262c7e0c4949a147366f94,13,2926.53,2245.0,681.53,225.11769230769232,13.793602207977207,0.15384615384615385,4.076923076923077,0.15384615384615385,0.6923076923076923,641.888033153644,0.23138600822548655,SP,diadema,low_volume,low_volume,low_volume__low_volume
6560211a19b47992c3666cc44a7e94c0,1838,149940.93,122203.83,27737.1,81.57830794341676,9.61518201754386,0.06256800870511425,3.935799782372144,0.1735582154515778,0.5614798694232862,599.4417735977083,0.19938203183819178,SP,sao paulo,high_value,standard_risk,high_value__standard_risk
6561d6bf844e464b4019442692b40e02,1,49.45,41.9,7.55,49.45,1.434201388888889,0.0,5.0,0.0,0.0,23.980741466751684,0.15267947421638017,SP,franco da rocha,low_volume,low_volume,low_volume__low_volume
6562efe88ce0826a4ca4f189f03b4b84,9,1436.21,1135.8999999999999,300.31,159.57888888888888,17.81350115740741,0.1111111111111111,3.888888888888889,0.1111111111111111,0.7777777777777778,588.9757960507703,0.21527055930758077,PR,maringa,low_volume,low_volume,low_volume__low_volume
656591be56071d4c9ef4e5fee78a578a,7,2021.2,1702.0,319.2,288.74285714285713,14.808503637566137,0.2857142857142857,4.571428571428571,0.0,0.42857142857142855,283.7436151792626,0.19926274618738765,SP,santo andre,low_volume,low_volume,low_volume__low_volume
6576fd3e23c88f0e5d4d23f39bba0542,1,25.46,14.5,10.96,25.46,,0.0,1.0,1.0,0.0,35.76155901738005,0.4304791830322074,SP,taboao da serra,low_volume,low_volume,low_volume__low_volume
657969cca82e884d272385ec0ef06edd,3,191.56,139.70000000000002,51.86,63.85333333333333,8.105501543209877,0.0,4.666666666666667,0.0,1.0,891.215013032805,0.2837764413442701,RS,estancia velha,low_volume,low_volume,low_volume__low_volume
659e8466eb3ff1b0e8740d74fb7bbedd,11,1880.0,1486.8,393.2,170.9090909090909,9.260814393939393,0.0,4.363636363636363,0.09090909090909091,0.9090909090909091,971.586260741068,0.21745171604676575,BA,eunapolis,low_volume,low_volume,low_volume__low_volume
65a7c0788e4d632ccb5e1b594b87f0bb,3,384.12,266.7,117.42,128.04,11.02778549382716,0.0,4.333333333333333,0.0,0.3333333333333333,291.83427370880435,0.3046616770259177,SP,sao paulo,low_volume,low_volume,low_volume__low_volume
65b081a070633e057c462abdd6fb9dd8,19,2326.67,1885.09,441.58,122.45631578947369,12.037367811890839,0.0,4.315789473684211,0.10526315789473684,0.8947368421052632,627.6037464406469,0.22320385413715454,GO,morrinhos,low_volume,low_volume,low_volume__low_volume
65c255b299faf2d12050937cc219c46c,2,110.08000000000001,88.2,21.88,55.040000000000006,7.089606481481482,0.0,4.5,0.0,0.5,6.462009365142224,0.19611474536797843,SP,sao paulo,low_volume,low_volume,low_volume__low_volume
65febd49fd28ec955651299159b1f527,35,5301.14,4319.7,981.44,151.46114285714287,6.6798937289562295,0.05714285714285714,4.314285714285714,0.11428571428571428,0.4857142857142857,321.2944164050678,0.22864786134640705,SP,sao paulo,standard_value,standard_risk,standard_value__standard_risk
6601ee6383e7f452be71929f8de48bbb,2,181.94,153.6,28.34,90.97,14.825185185185186,0.0,4.0,0.0,0.5,271.73455328242835,0.1697328323557227,SP,ribeirao pretp,low_volume,low_volume,low_volume__low_volume
6614814a00d344b846ae209f95ee7e3f,1,25.69,13.0,12.69,25.69,4.7878125,0.0,1.0,1.0,0.0,234.57635740620003,0.4939665239392759,SP,macatuba,low_volume,low_volume,low_volume__low_volume
661ad5fcc28cdfb8bcadb12bb2272475,4,329.71000000000004,209.93,119.78,82.42750000000001,12.388914930555556,0.0,5.0,0.0,1.0,558.4017407390236,0.3797966230507631,SC,balneario camboriu,low_volume,low_volume,low_volume__low_volume
6624bc09786f0e41ae48dfc5eeb1a9e2,1,107.01,89.54,17.47,107.01,15.795405092592592,0.0,5.0,0.0,1.0,776.186117333693,0.16325577048873935,MG,belo horizonte,low_volume,low_volume,low_volume__low_volume
6650fcccd8cd2f7e55ffa524f30c4c59,3,695.7,529.7,166.0,231.9,8.132112268518519,0.0,2.6666666666666665,0.6666666666666666,0.6666666666666666,399.6630428425742,0.21694741739805365,SP,sao paulo,low_volume,low_volume,low_volume__low_volume
666658b8da8370f30e1f89893b1de5e6,1,321.34,298.0,23.34,321.34,,0.0,5.0,0.0,0.0,29.610512888656995,0.07263334785585362,SP,sao paulo,low_volume,low_volume,low_volume__low_volume
668bf321538e5072858eaef6087ce027,1,28.01,19.9,8.11,28.01,4.473495370370371,0.0,5.0,0.0,0.0,3.4872445154016907,0.2895394501963584,PR,pinhais,low_volume,low_volume,low_volume__low_volume
66922902710d126a0e7d26b0e3805106,150,17484.26,14282.3,3201.96,116.56173333333332,11.16733229244345,0.06666666666666667,4.473333333333334,0.06,0.84,624.0949086206638,0.1929884013715929,MG,belo horizonte,standard_value,standard_risk,standard_value__standard_risk
669ae81880e08f269a64487cfb287169,161,16490.9,13133.87,3357.03,102.42795031055901,12.21213208912037,0.043478260869565216,4.24223602484472,0.12422360248447205,0.9316770186335404,701.4481471660386,0.21952798017081632,SC,rio do sul,standard_value,standard_risk,standard_value__standard_risk
66d5ae34537110d3affc56174dad2b2f,1,72.17999999999999,33.81,38.37,72.17999999999999,,0.0,1.0,1.0,0.0,406.7490576268315,0.531587697423109,SP,sao jose do rio preto,low_volume,low_volume,low_volume__low_volume
66dc1b1632bd6a3e508510c5b3492107,37,4449.26,3721.39,727.87,120.25027027027028,10.280148855452675,0.02702702702702703,3.5675675675675675,0.2702702702702703,0.7297297297297297,672.6458557955486,0.1881110394600646,SP,jau,standard_value,high_risk,standard_value__high_risk
66e0557ecc2b4dbea057e93f215f68d8,31,12977.99,12480.0,497.99,418.6448387096774,31.725889660493827,0.25806451612903225,3.935483870967742,0.16129032258064516,0.6129032258064516,554.9757709921976,0.03838464170473111,SP,sao paulo,standard_value,standard_risk,standard_value__standard_risk
66fd84ee7528c0c0de85d0f44a73d5ab,11,1891.3,1438.1100000000001,453.19,171.93636363636364,15.406205808080808,0.09090909090909091,3.3636363636363638,0.2727272727272727,0.8181818181818182,1212.4210286469104,0.2919405721790424,RS,campina das missoes,low_volume,low_volume,low_volume__low_volume
670a9dda115b5a88b18cfadee8de2332,11,1101.99,918.9000000000001,183.09,100.1809090909091,12.298190235690235,0.0,4.454545454545454,0.0,0.6363636363636364,570.1745311665227,0.16865618511841501,SP,ribeirao preto,low_volume,low_volume,low_volume__low_volume
670c26e0f1bf8d0576271d5cfaec6d2b,78,8035.63,6341.6,1694.03,103.02089743589744,14.281619017556517,0.05128205128205128,4.269230769230769,0.08974358974358974,0.9487179487179487,744.6747403256177,0.21586186632926518,PR,maringa,standard_value,standard_risk,standard_value__standard_risk
671585f5a2af58b6e276bc01003c0d2b,27,1692.1100000000001,1244.0,448.11,62.67074074074075,5.58787122770919,0.0,4.703703703703703,0.037037037037037035,0.8888888888888888,521.4483626991771,0.2789048204401593,PR,curitiba,low_volume,low_volume,low_volume__low_volume
67225bff54a172ff67579aaf583efd78,8,1393.11,1238.0,155.10999999999999,174.13875,13.427086226851852,0.125,4.5,0.0,1.0,672.2637876819871,0.20066806178422777,PA,marechal candido rondon,low_volume,low_volume,low_volume__low_volume
674207551483fec113276b67b0d871ff,1,133.84,119.9,13.94,133.84,1.869537037037037,0.0,5.0,0.0,0.0,97.16434971393042,0.10415421398684996,SP,sorocaba,low_volume,low_volume,low_volume__low_volume
6750d71153f00fc58829af2a8ef1bcf1,6,3626.5,3514.0,112.5,604.4166666666666,9.518886959876545,0.0,4.166666666666667,0.16666666666666666,1.0,750.5159608047087,0.10184639202029822,RJ,rio bonito,low_volume,low_volume,low_volume__low_volume
67883baaae6134ee81b271a542613728,19,8496.02,8167.9,328.12,447.1589473684211,5.838590399610137,0.15789473684210525,4.105263157894737,0.10526315789473684,0.5263157894736842,450.3029610212595,0.05448659179884228,SP,sao paulo,low_volume,low_volume,low_volume__low_volume
679769a98cfcc6da877c8486ff1c13f3,21,7467.39,7029.0,438.39,355.59000000000003,9.536956018518518,0.0,4.571428571428571,0.047619047619047616,1.0,703.7692432554065,0.06002999182468922,MG,ipatinga,low_volume,low_volume,low_volume__low_volume
67bf6941ba2f1fa1d02c375766bc3e53,16,7029.679999999999,5610.0,1419.68,439.35499999999996,14.965672839506173,0.125,4.125,0.125,0.6875,822.5119091187346,0.20696070504817562,PR,curitiba,low_volume,low_volume,low_volume__low_volume
67e43d802fde8cfd3f9580124f8167d1,2,78.35999999999999,36.0,42.36,39.17999999999999,,0.0,1.0,1.0,0.0,25.689478583497376,0.5405819295558959,SP,guarulhos,low_volume,low_volume,low_volume__low_volume
6806dad1da97bfb5a9038eac6881f706,10,1783.26,1477.0,306.26,178.326,16.814755787037036,0.1,3.95,0.2,1.0,827.819818246761,0.19025523616522363,PR,guaratuba,low_volume,low_volume,low_volume__low_volume
681fce914360217db47784ae28905a96,22,4446.6,4019.33,427.27,202.11818181818182,11.879302925084176,0.09090909090909091,4.0,0.22727272727272727,0.9090909090909091,725.8813709947023,0.13753691344834798,PR,araucaria,low_volume,low_volume,low_volume__low_volume
6824a69c9ea0313eba299dd4a2dba09a,6,784.08,666.9,117.17999999999999,130.68,4.810596064814815,0.0,4.666666666666667,0.0,0.3333333333333333,270.57819428755585,0.1544362301369678,MG,formiga,low_volume,low_volume,low_volume__low_volume
685b870da5b52a710782c9c0fefbeb5b,2,670.98,627.0,43.98,335.49,39.61394675925926,1.0,2.0,0.5,1.0,360.84787260621056,0.16824609920068598,SP,sao bernardo do campo,low_volume,low_volume,low_volume__low_volume
6860153b69cc696d5dcfe1cdaaafcf62,73,5258.01,3785.64,1472.3700000000001,72.02753424657534,9.842425957635719,0.0821917808219178,4.095890410958904,0.1506849315068493,0.5616438356164384,387.1512055618611,0.290141905630466,SP,capivari,standard_value,standard_risk,standard_value__standard_risk
6861de0f40cacb0602e473c51639f980,5,949.7299999999999,674.0,275.73,189.94599999999997,13.836252314814814,0.2,3.6,0.2,1.0,753.2438032543336,0.39455346093360466,PR,curitiba,low_volume,low_volume,low_volume__low_volume
686886775c8f6b1191c7b953fb52708c,1,202.62,189.0,13.62,202.62,3.546076388888889,0.0,5.0,0.0,0.0,97.9396389754326,0.06721942552561444,SP,pedreira,low_volume,low_volume,low_volume__low_volume
6879c4d287a8dd06b11f54ea8f78e4da,6,677.13,527.67,149.46,112.855,6.816903935185185,0.0,4.333333333333333,0.16666666666666666,0.5,389.5987804507036,0.23293003476858687,SP,osasco,low_volume,low_volume,low_volume__low_volume
688756f717c462a206ad854c5027a64a,82,7661.42,5780.54,1880.8799999999999,93.4319512195122,10.760393952546297,0.08536585365853659,3.8658536585365852,0.18292682926829268,0.5853658536585366,488.5836201326099,0.25836917580196556,SP,guarulhos,standard_value,high_risk,standard_value__high_risk
68ca56ce86830f3d31b1b7ec6a54da3e,6,862.96,719.59,143.37,143.82666666666668,4.891428240740741,0.0,3.8333333333333335,0.16666666666666666,0.8333333333333334,402.32402150411235,0.20008811261590428,PR,guaratuba,low_volume,low_volume,low_volume__low_volume
68f86ba270525243e68ae74044f992b9,11,1071.31,876.5,194.81,97.39181818181818,10.094481481481482,0.09090909090909091,4.363636363636363,0.0,0.7272727272727273,757.007252688312,0.19396177590635402,RJ,rio de janeiro,low_volume,low_volume,low_volume__low_volume
6902157ee16728322d61a1321fa79e58,2,191.43,159.8,31.630000000000003,95.715,10.457511574074076,0.0,3.0,0.5,1.0,333.23912931245997,0.1652068720696634,SP,sao paulo,low_volume,low_volume,low_volume__low_volume
693660429f9dc4ff704eb3d88dad54d7,2,148.12,124.0,24.119999999999997,74.06,3.5799305555555554,0.0,4.0,0.0,0.5,183.8256601646041,0.16099909102083274,SP,santo andre,low_volume,low_volume,low_volume__low_volume
695051e2981c8b19e77cafe450d5bdf3,1,182.45,169.76,12.69,182.45,20.190590277777776,0.0,5.0,0.0,0.0,42.68017285169327,0.06955330227459579,SP,osasco,low_volume,low_volume,low_volume__low_volume
6973a06f484aacf400ece213dbf3d946,94,12282.8,10927.56,1355.24,130.66808510638296,14.885479271885522,0.1595744680851064,3.595744680851064,0.26595744680851063,0.4148936170212766,287.13262083958216,0.11632047417206691,SP,sao jose dos campos,standard_value,high_risk,standard_value__high_risk
698624c6632eeba1774924dbea24c700,1,35.129999999999995,19.9,15.23,35.129999999999995,6.968645833333333,0.0,5.0,0.0,1.0,500.23288134423007,0.43353259322516374,SP,sao paulo,low_volume,low_volume,low_volume__low_volume
6989574bd97d9773f10d232b6c07da59,7,2799.5,2478.3999999999996,321.1,399.92857142857144,10.962650462962964,0.0,4.857142857142857,0.0,1.0,392.62101820497446,0.11439481839478972,PR,curitiba,low_volume,low_volume,low_volume__low_volume
698f5fa55a5f73d0740e9d9a773e8093,4,203.99,120.0,83.99,50.9975,6.034730902777778,0.0,4.75,0.0,0.75,258.8883585034663,0.42757922573033585,RJ,rio de janeiro,low_volume,low_volume,low_volume__low_volume
69a43819c758c65a5befb0b471c954d7,2,400.76,299.85,100.91,200.38,12.98847800925926,0.0,4.0,0.0,1.0,1471.4564581551178,0.21668175296466402,PR,apucarana,low_volume,low_volume,low_volume__low_volume
69b5eaa096c3f9d1e5c398c597f567d6,2,987.02,938.0,49.02,493.51,6.575196759259259,0.0,5.0,0.0,0.0,459.20845761600935,0.04966328883864578,SP,birigui,low_volume,low_volume,low_volume__low_volume
6a0cbc8af2e8abd1bdfb777943d174c6,34,4503.12,3779.05,724.07,132.44470588235293,15.53020061728395,0.08823529411764706,4.0588235294117645,0.11764705882352941,0.5588235294117647,567.1741851256915,0.15969173541896386,SP,batatais,standard_value,standard_risk,standard_value__standard_risk
6a3139c7bf09ece22a4713d956acbe5e,1,76.64,61.9,14.74,76.64,3.8735185185185186,0.0,5.0,0.0,0.0,267.64424705933254,0.1923277661795407,SP,sao sebastiao da grama/sp,low_volume,low_volume,low_volume__low_volume
6a38087bc8ad4f89ff453561005f6dea,15,2381.35,1833.43,547.92,158.75666666666666,10.229387345679012,0.0,4.6,0.0,0.8666666666666667,734.8616614340788,0.24057633821189064,GO,anapolis,low_volume,low_volume,low_volume__low_volume
6a51fc556dab5f766ced6fbc860bc613,26,8370.25,7577.67,792.58,321.9326923076923,14.152041859567902,0.07692307692307693,3.769230769230769,0.23076923076923078,0.6153846153846154,633.3452119637479,0.10188179457894844,SP,marilia,low_volume,low_volume,low_volume__low_volume
6a53b90c3ad9e0b56d9fe5c69165fff5,2,194.78,139.78,55.0,97.39,11.870266203703704,0.0,3.5,0.0,0.5,256.69747510535154,0.2921957279010745,PR,curitiba,low_volume,low_volume,low_volume__low_volume
6a8a889bde935bafa76d7848782dfaf9,26,1228.62,860.8199999999999,367.79999999999995,47.25461538461538,7.8881014066951565,0.07692307692307693,4.038461538461538,0.11538461538461539,0.38461538461538464,381.78406298381464,0.2954262605515053,SP,sao paulo,low_volume,low_volume,low_volume__low_volume
6a8b085f816a1f75f92dbac6eb545f8f,127,8196.96,6018.97,2177.99,64.54299212598424,14.688119537037037,0.09448818897637795,4.122047244094488,0.11811023622047244,0.6062992125984252,666.8038614698467,0.31515733588922656,SP,bebedouro,standard_value,standard_risk,standard_value__standard_risk
6aa3928696eab49a19a466e665a649fd,18,2410.68,2075.0,335.68,133.92666666666665,8.934614197530864,0.05555555555555555,4.611111111111111,0.05555555555555555,0.5,463.1016370450157,0.1640190771284147,RJ,nova iguacu,low_volume,low_volume,low_volume__low_volume
6b15924333bd1a741595fe981ea04822,21,854.46,614.3199999999999,240.14000000000001,40.68857142857143,7.780927579365079,0.09523809523809523,4.666666666666667,0.0,0.38095238095238093,366.936778612065,0.28126888961418367,SP,sao caetano do sul,low_volume,low_volume,low_volume__low_volume
6b1c4d4d9ccf0be3d8544eb0e71e5318,1,1759.04,1699.0,60.04,1759.04,12.218310185185183,0.0,5.0,0.0,1.0,838.4122514718562,0.034132253956703655,RS,porto alegre,low_volume,low_volume,low_volume__low_volume
6b243f80ed07b10f0e8aa0f21a205f3c,79,7807.400000000001,6260.1,1547.3,98.82784810126583,11.161837494139709,0.0379746835443038,4.265822784810126,0.10126582278481013,0.9493670886075949,601.0963028601099,0.21770855515584478,PR,curitiba,standard_value,standard_risk,standard_value__standard_risk
6b2612338467c08c9b25f0cc55b1578d,1,113.87,92.9,20.97,113.87,16.55759259259259,0.0,4.0,0.0,1.0,444.04001685893996,0.1841573724422587,PR,marialva,low_volume,low_volume,low_volume__low_volume
6b333a05bf188ef3e1f1662a86bd9855,12,4554.88,3990.91,563.97,379.5733333333333,10.705775462962961,0.08333333333333333,4.333333333333333,0.08333333333333333,0.8333333333333334,552.0151535770295,0.17534506255985535,DF,brasilia,low_volume,low_volume,low_volume__low_volume
6b3bd31ad8fcda4b2635ec9f3ff2ecdf,36,4955.92,4198.9,757.02,137.66444444444446,13.211791666666667,0.08333333333333333,4.0,0.19444444444444445,0.7777777777777778,551.712794744182,0.16023908756927202,RJ,rio de janeiro,standard_value,high_risk,standard_value__high_risk
6b536a23086fba0d58c08d68814397f6,19,2437.9700000000003,2068.8,369.17,128.3142105263158,12.088557741769547,0.05263157894736842,3.9473684210526314,0.21052631578947367,0.6842105263157895,567.5257266340153,0.17883411182114992,RJ,niteroi,low_volume,low_volume,low_volume__low_volume
6b803197e03abd5056b4313306b4f29d,7,530.62,407.0,123.62,75.80285714285715,5.328425925925926,0.0,4.714285714285714,0.0,0.2857142857142857,206.62841540213162,0.2417146447052982,SP,sao paulo,low_volume,low_volume,low_volume__low_volume
6b89abe95848c850399130d149a39b63,8,1465.73,1135.2,330.53,183.21625,11.262706886574074,0.0,4.375,0.125,0.75,523.3043440722271,0.22089969835077009,GO,piracanjuba,low_volume,low_volume,low_volume__low_volume
6b90f847357d8981edd79a1eb1bf0acb,45,4059.73,3322.08,737.65,90.21622222222223,5.575552469135802,0.044444444444444446,4.355555555555555,0.06666666666666667,0.3333333333333333,361.14222068399846,0.2095849427116046,SP,guarulhos,standard_value,standard_risk,standard_value__standard_risk
6b9b80d53ba3676eafe60268a810b5a1,10,1055.66,882.7,172.96,105.566,12.04213220164609,0.0,3.9,0.2,0.9,685.3472960590952,0.17627440337962869,SP,belo horizonte,low_volume,low_volume,low_volume__low_volume
6ba4733aa33f6386e9fb0c0fd3993b38,3,209.88,149.79,60.09,69.96,12.429888117283951,0.0,4.666666666666667,0.0,0.6666666666666666,781.3547566564763,0.2872165196350971,RS,torres,low_volume,low_volume,low_volume__low_volume
6bb0724edf0b62fb91ac404873a97241,15,3901.1800000000003,3216.0,685.1800000000001,260.07866666666666,14.063011574074073,0.13333333333333333,4.466666666666667,0.06666666666666667,0.8666666666666667,516.496918766874,0.1790672005780131,SP,cotia,low_volume,low_volume,low_volume__low_volume
6bb62a4912377c7bfe7cb17b406bc7e6,4,845.39,739.52,105.86999999999999,211.3475,4.566553819444445,0.0,4.25,0.25,0.25,362.6354206381847,0.20253396019164868,SP,jundiai,low_volume,low_volume,low_volume__low_volume
6bb66d9870c2e01c05655c7ed0e7ee13,3,321.02,269.0,52.02,107.00666666666666,8.319984567901235,0.0,3.6666666666666665,0.3333333333333333,1.0,962.837589020632,0.16202364048407172,SP,sao paulo,low_volume,low_volume,low_volume__low_volume
6bbcb8924baf70b7fe2fe2097e8cd407,10,2646.8300000000004,2382.5,264.33,264.68300000000005,12.088065972222221,0.0,4.5,0.1,1.0,788.2164830751092,0.14446725018650614,SC,blumenau,low_volume,low_volume,low_volume__low_volume
6bcb2352a2a0c38b845f598298ab9d26,2,59.38,31.8,27.58,29.69,11.037233796296295,0.0,3.0,0.5,1.0,525.670421331881,0.4634215372024824,PR,maringa,low_volume,low_volume,low_volume__low_volume
6bd503a8230299c9316fb0f726933927,4,453.89,324.28999999999996,129.6,113.4725,9.820989583333333,0.25,4.75,0.0,0.75,399.10100685521934,0.2773342523651101,GO,morrinhos,low_volume,low_volume,low_volume__low_volume
6bd69102ab48df500790a8cecfc285c2,5,8359.02,8070.0,289.02,1671.804,16.254462962962965,0.2,3.0,0.6,0.4,449.9942580993329,0.026677382820967266,SP,sao paulo,low_volume,low_volume,low_volume__low_volume
6bef34c5be6f2bbd70aa5165f6df94b1,2,1330.88,1198.0,132.88,665.44,16.186406249999997,0.0,2.0,0.5,1.0,2454.392495941237,0.0998437124308728,SC,timbo,low_volume,low_volume,low_volume__low_volume
6c12e40690c335dbc2f68a4134d30dc1,14,8265.52,7829.3,436.22,590.3942857142857,13.44905505952381,0.0,4.071428571428571,0.14285714285714285,0.8571428571428571,497.7102980008099,0.18168372744527117,PR,castro,low_volume,low_volume,low_volume__low_volume
6c177e38df6d3f34182b1f1d427231bf,55,9376.53,8341.89,1034.64,170.48236363636366,14.409789482879106,0.03636363636363636,4.036363636363636,0.16363636363636364,0.9272727272727272,811.9650122620817,0.11773219174872762,PR,curitiba,standard_value,standard_risk,standard_value__standard_risk
6c17baf138731a4aaacc3210adf2037b,4,628.72,538.8,89.92,157.18,7.55021412037037,0.0,5.0,0.0,0.75,391.33932727864897,0.1528419692563944,SP,franca,low_volume,low_volume,low_volume__low_volume
6c1b6d0c604b776f844125f911eb7377,5,524.5,443.06,81.44,104.9,17.514010416666665,0.0,3.4,0.2,0.6,814.384957891483,0.20508312760286623,SP,sao paulo,low_volume,low_volume,low_volume__low_volume
6c6cc59a5c00cacc5054ca06d65cc282,1,1255.71,1107.0,148.71,1255.71,9.252847222222222,0.0,5.0,0.0,1.0,1342.2641030302163,0.11842702534820938,RS,santa maria,low_volume,low_volume,low_volume__low_volume
6c6e3d67f969468f3bfd33f827a31222,5,316.40999999999997,224.0,92.41,63.282,8.505372685185185,0.0,4.8,0.0,0.6,466.7067102124067,0.3011945375945962,PR,maringa,low_volume,low_volume,low_volume__low_volume
6c77cd583b36a13aacccf2b3ee23e233,1,31.69,18.9,12.79,31.69,6.026678240740741,0.0,5.0,0.0,0.0,362.2085345898086,0.4035973493215525,SP,marilia,low_volume,low_volume,low_volume__low_volume
6c7d50c24b3ccd2fd83b44d8bb34e073,113,11278.29,8555.74,2722.55,99.8078761061947,12.299489802302302,0.017699115044247787,4.389380530973451,0.07964601769911504,0.6194690265486725,825.6596152139782,0.2567364867775952,SP,presidente prudente,standard_value,standard_risk,standard_value__standard_risk
6c9875b2f94ba781186f0c1aed8d1687,2,63.050000000000004,25.0,38.050000000000004,31.525000000000002,4.057789351851851,0.0,5.0,0.0,0.5,372.00215590809,0.6368228755703454,SP,brotas,low_volume,low_volume,low_volume__low_volume
6c99c983ce3b6ba0ab813e6790e81691,9,752.51,546.75,205.76,83.61222222222221,6.133632973251029,0.0,3.7777777777777777,0.2222222222222222,0.5555555555555556,535.7750156847432,0.3159073603411369,MG,uberlandia,low_volume,low_volume,low_volume__low_volume
6cd68b3ed6d59aaa9fece558ad360c0a,149,13718.460000000001,11188.57,2529.89,92.07020134228189,10.53334156723838,0.020134228187919462,4.456375838926174,0.03355704697986577,0.7651006711409396,628.9348557665309,0.20199995541011034,MG,belo horizonte,standard_value,standard_risk,standard_value__standard_risk
6cf476a4ca74498db55cbccdaa9dcfb6,6,1125.5,939.9300000000001,185.57,187.58333333333334,34.34511111111111,0.3333333333333333,3.0,0.5,0.8333333333333334,696.7872873434289,0.2798210532320433,SP,sao paulo,low_volume,low_volume,low_volume__low_volume
6d04126aba80df143fd038e711b8fd96,1,108.86,89.99,18.87,108.86,37.079166666666666,1.0,1.0,1.0,1.0,1118.2087889577408,0.17334190703656074,RJ,rio de janeiro,low_volume,low_volume,low_volume__low_volume
6d1b9c9579132c87d2703ec38c30f2c5,4,367.39,299.69,67.7,91.8475,9.304976851851851,0.0,4.5,0.0,1.0,577.644234054383,0.1894466452676978,PR,curitiba,low_volume,low_volume,low_volume__low_volume
6d22a1fcebb6dd08c9cd90b92a93e8d0,12,946.4300000000001,723.7,222.73,78.86916666666667,15.403934220679012,0.0,4.25,0.08333333333333333,0.8333333333333334,564.6628975993077,0.2638359917430036,SC,joinville,low_volume,low_volume,low_volume__low_volume
6d2f2e3b539480db1e0842b3a4e32e6e,3,474.26,305.96,168.3,158.08666666666667,6.255354938271605,0.0,3.6666666666666665,0.3333333333333333,0.0,39.24232190225199,0.3563330504736634,SP,guarulhos,low_volume,low_volume,low_volume__low_volume
6d66611d7c44cc30ce351abc49a68421,164,16319.83,13113.6,3206.23,99.51115853658537,11.813538665980797,0.054878048780487805,3.951219512195122,0.15853658536585366,0.5548780487804879,573.3268890421582,0.21243692198311012,SP,sao paulo,standard_value,standard_risk,standard_value__standard_risk
6d7f8d9d594e28796b6b3205b00f459c,3,477.01,417.9,59.11,159.00333333333333,15.28804012345679,0.0,3.6666666666666665,0.3333333333333333,0.6666666666666666,313.58034212986,0.12719554955815646,PR,curitiba,low_volume,low_volume,low_volume__low_volume
6d803cb79cc31c41c4c789a75933b3c7,58,9925.07,8711.4,1213.67,171.12189655172412,13.296695801404853,0.06896551724137931,4.25,0.08620689655172414,0.5517241379310345,581.6042746450732,0.14266549315076033,SP,sao joaquim da barra,standard_value,standard_risk,standard_value__standard_risk
6d988d6174a2c27441597174f8905515,19,737.2,371.72999999999996,365.47,38.800000000000004,20.590691398635478,0.10526315789473684,4.105263157894737,0.15789473684210525,0.8947368421052632,577.497021077372,0.46720137491885366,PR,maringa,low_volume,low_volume,low_volume__low_volume
6da1992f915d77be95d7fa48b36904af,7,383.66,261.0,122.66,54.80857142857143,9.04173115079365,0.0,4.0,0.14285714285714285,0.7142857142857143,584.2818442582227,0.31179108380170356,SP,sao paulo,low_volume,low_volume,low_volume__low_volume
6dc9bec584588412a6a338830946a3e4,2,667.8299999999999,560.0,107.83,333.91499999999996,21.719467592592594,0.0,1.5,1.0,0.5,1097.5315085301124,0.1541517900496763,SP,sao paulo,low_volume,low_volume,low_volume__low_volume
6dd7dce75cd55c1ce255dc38d9f0cd46,1,96.33,75.0,21.33,96.33,12.228090277777778,0.0,4.0,0.0,1.0,2215.8444397539038,0.2214263469324198,SC,palhoca,low_volume,low_volume,low_volume__low_volume
6ddc28b61be28373b4503a1f61cf98a9,11,1900.09,1732.9,167.19,172.73545454545453,6.850078914141414,0.09090909090909091,4.181818181818182,0.09090909090909091,0.6363636363636364,365.5674817356297,0.09751863768206634,SP,sao paulo,low_volume,low_volume,low_volume__low_volume
6df688df543f90e9b38f4319e75a9d88,40,2733.56,1949.96,783.6,68.339,7.93724210588794,0.0,4.575,0.025,0.75,495.07307755262264,0.34175783530284976,MG,belo horizonte,standard_value,standard_risk,standard_value__standard_risk
6e0908ef4d4efadbc3cc2b74ea477cb0,8,750.28,589.4499999999999,160.82999999999998,93.785,12.315208333333333,0.125,3.75,0.25,0.875,580.3380830666334,0.2375436109106696,RJ,rio de janeiro,low_volume,low_volume,low_volume__low_volume
6e13dd869aa7185f601c941423abcc8f,5,598.08,522.0,76.08,119.61600000000001,4.2793425925925925,0.0,4.8,0.0,0.2,370.19426298040173,0.12506730137854413,SP,sao paulo,low_volume,low_volume,low_volume__low_volume
6e1862e15f33d9994bc25922a85e1efc,7,779.3199999999999,668.49,110.83,111.33142857142856,3.7872585978835978,0.0,4.428571428571429,0.14285714285714285,0.2857142857142857,299.2870263720988,0.17942418852555803,SP,rio claro,low_volume,low_volume,low_volume__low_volume
6e2d3e2dc84fb30f6078f39dd3bddd6f,1,235.28,219.0,16.28,235.28,,0.0,1.0,1.0,1.0,515.362038752506,0.06919415164909895,PR,colombo,low_volume,low_volume,low_volume__low_volume
6e386f64c84e482f0b9abf960797ee1b,28,12517.74,11921.6,596.14,447.0621428571429,10.291559606481481,0.10714285714285714,4.607142857142857,0.03571428571428571,0.6785714285714286,959.3222078772412,0.0567737132384563,SP,sao paulo,low_volume,low_volume,low_volume__low_volume
6e4a902d1054e4e17aa6eab87fac1c75,7,695.7,586.57,109.13,99.38571428571429,6.74422123015873,0.2857142857142857,4.142857142857143,0.14285714285714285,0.5714285714285714,323.63586368371233,0.16022256173019808,SP,sorocaba,low_volume,low_volume,low_volume__low_volume
6e4f5ff6b086632ba8dcb558fb10249e,5,1053.25,838.9,214.35,210.65,10.725724537037038,0.0,3.4,0.4,0.8,738.0410678122178,0.2103993345075871,RS,flores da cunha,low_volume,low_volume,low_volume__low_volume
6e85dc5ecd97a61094b89b046a509d8e,1,182.59,169.9,12.69,182.59,,0.0,1.0,1.0,0.0,419.3957394958156,0.06949997261624404,SP,marapoama,low_volume,low_volume,low_volume__low_volume
6e864f5c4669eff3d98140a07cc50202,13,932.3599999999999,740.59,191.77,71.72,9.844045584045585,0.07692307692307693,4.461538461538462,0.07692307692307693,0.5384615384615384,515.4560539751529,0.2766396858217337,SP,sao paulo,low_volume,low_volume,low_volume__low_volume
6eb94e1466490d327a09abf8f3552a50,9,1568.82,1372.95,195.87,174.31333333333333,8.271928530092593,0.1111111111111111,4.444444444444445,0.1111111111111111,0.5555555555555556,636.1348631287397,0.12195797085256614,SP,jundiai,low_volume,low_volume,low_volume__low_volume
6ebf4eceee4dd9847201c82e77ef8123,1,82.03,59.9,22.13,82.03,15.017141203703703,0.0,5.0,0.0,1.0,1132.1044746028417,0.2697793490186517,RJ,rio de janeiro,low_volume,low_volume,low_volume__low_volume
6ec1a01e866584bb679eb9b098345919,30,4871.6,4102.93,768.67,162.38666666666668,12.863218390804597,0.16666666666666666,4.133333333333334,0.16666666666666666,0.4666666666666667,390.6578728387595,0.1832058049454827,SP,santos,standard_value,standard_risk,standard_value__standard_risk
6edacfd9f9074789dad6d62ba7950b9c,207,16069.92,13137.2,2932.72,77.63246376811594,9.093437387082204,0.057971014492753624,4.36231884057971,0.0966183574879227,0.5024154589371981,395.79146791437506,0.20253214626792387,SP,guarulhos,standard_value,standard_risk,standard_value__standard_risk
6ee85be3693ed79a8e80718743d80655,9,655.32,484.5,170.82,72.81333333333333,29.121037037037034,0.2222222222222222,2.3333333333333335,0.6666666666666666,0.6666666666666666,828.7524797792537,0.2954706092536894,SP,sao paulo,low_volume,low_volume,low_volume__low_volume
6eeed17989b0ae47c9f11ece6f38ea90,3,676.01,557.0,119.01,225.33666666666667,6.500030864197531,0.0,3.6666666666666665,0.3333333333333333,0.3333333333333333,716.628688473335,0.13674665781018944,SP,sao paulo,low_volume,low_volume,low_volume__low_volume
6f1a1263039c76e68f40a8e536b1da6a,4,356.84000000000003,256.39,100.45,89.21000000000001,51.000538194444445,0.25,1.5,0.75,0.75,260.8280100976229,0.26698593717309416,SP,sao paulop,low_volume,low_volume,low_volume__low_volume
6f229cc508fc6915ed5c499efd93baa4,13,2988.68,2654.8,333.88,229.89846153846153,9.2466176994302,0.15384615384615385,4.384615384615385,0.15384615384615385,0.7692307692307693,632.1538973472359,0.11621376849288832,RJ,rio de janeiro,low_volume,low_volume,low_volume__low_volume
6f835fd4be26989b1b064399da346143,2,229.25,197.8,31.450000000000003,114.625,6.953078703703703,0.0,5.0,0.0,1.0,347.1982036201919,0.13719240797595628,PR,curitiba,low_volume,low_volume,low_volume__low_volume
6f83d9e4da896daae20b9b6b2d3ff8d2,11,985.04,765.19,219.85,89.5490909090909,15.023242845117846,0.0,4.363636363636363,0.09090909090909091,0.9090909090909091,606.4264181985338,0.22763000615672954,PR,pinhalao,low_volume,low_volume,low_volume__low_volume
6f892e20a171e98efe17fdb971ff319b,43,7257.71,6367.8,889.91,168.7839534883721,17.138250868055557,0.06976744186046512,3.9302325581395348,0.16279069767441862,0.8604651162790697,1032.686276318868,0.140584681643804,SP,sao paulo,standard_value,standard_risk,standard_value__standard_risk
6fa9202c10491e472dffd59a3e82b2a3,3,7939.249999999999,7014.24,925.01,2646.4166666666665,8.464201388888888,0.0,4.333333333333333,0.0,0.6666666666666666,430.53762121499693,0.11534948427067433,SP,sorocaba,low_volume,low_volume,low_volume__low_volume
6fc26fe110feebd80a433e1f012a84f9,34,4827.38,3914.87,912.51,141.98176470588237,12.87224026416122,0.11764705882352941,3.911764705882353,0.14705882352941177,0.5294117647058824,678.8569292444653,0.2035588635357587,SP,fernandopolis,standard_value,standard_risk,standard_value__standard_risk
6fd52c528dcb38be2eea044946b811f8,66,8747.66,7625.679999999999,1121.98,132.54030303030302,21.567607323232323,0.13636363636363635,3.393939393939394,0.36363636363636365,0.5303030303030303,431.1052600140823,0.14465068471377387,SP,sao paulo,standard_value,high_risk,standard_value__high_risk
7008613ea464bad5cb9b83456e1e6a8f,126,10812.63,7747.5,3065.13,85.8145238095238,14.295780016697025,0.03968253968253968,4.261904761904762,0.07936507936507936,0.9206349206349206,757.7895308669276,0.30846328931030403,SC,canoinhas,standard_value,standard_risk,standard_value__standard_risk
700f03c207639c22d933381ff60b35c2,4,1326.31,1189.8600000000001,136.45,331.5775,29.76735821759259,0.5,4.0,0.25,0.5,515.289736800651,0.09498267732606178,SP,barretos,low_volume,low_volume,low_volume__low_volume
70125af26c2d6d4ef401a1d02ae7701f,5,629.62,371.2,258.42,125.924,10.582993055555555,0.4,4.6,0.0,0.8,670.7889728518444,0.39293245410496735,GO,goiania,low_volume,low_volume,low_volume__low_volume
70126eecc6aa1274392a1743866e9678,3,144.74,97.39999999999999,47.34,48.24666666666667,5.5894405864197525,0.0,5.0,0.0,0.6666666666666666,304.3620231439564,0.3168926219781643,SP,barueri,low_volume,low_volume,low_volume__low_volume
701938c450705b8ae65fc923b70f35c7,74,15664.14,11879.31,3784.83,211.67756756756756,13.047890030441401,0.06756756756756757,4.013513513513513,0.12162162162162163,0.4864864864864865,491.36017011616315,0.24058823496606108,SP,s jose do rio preto,standard_value,standard_risk,standard_value__standard_risk
702835e4b785b67a084280efca355756,1,18.56,7.6,10.96,18.56,1.804039351851852,0.0,5.0,0.0,0.0,1.1359052658170703,0.5905172413793104,MG,juiz de fora,low_volume,low_volume,low_volume__low_volume
7040e82f899a04d1b434b795a43b4617,210,12868.04,9688.5,3179.54,61.276380952380954,10.55752747437972,0.09523809523809523,3.6,0.2714285714285714,0.5095238095238095,511.60128315706896,0.3324047899167874,SP,sao paulo,standard_value,high_risk,standard_value__high_risk
70849ca4f400aaabb62cb7462a6f1428,12,1143.24,909.58,233.66,95.27,10.915981867283952,0.16666666666666666,4.416666666666667,0.08333333333333333,0.75,506.3465685093411,0.2673206651955626,MG,belo horizonte,low_volume,low_volume,low_volume__low_volume
709e16e2b25c7474d980076c6bfc4806,60,6378.86,5151.9,1226.96,106.31433333333332,10.642324652777777,0.03333333333333333,4.516666666666667,0.016666666666666666,0.5833333333333334,702.955180553414,0.22739443879512206,SP,birigui,standard_value,standard_risk,standard_value__standard_risk
70a12e78e608ac31179aea7f8422044b,313,36291.6,30718.53,5573.07,115.94760383386581,14.691589941756273,0.10862619808306709,3.7987220447284344,0.2012779552715655,0.6230031948881789,622.880938487961,0.20116859589779174,SP,jacarei,high_value,high_risk,high_value__high_risk
70b52a4cfc823994561b00bad161b4ed,8,685.35,585.0,100.35,85.66875,12.888871527777777,0.0,4.375,0.0,0.25,133.9809265145149,0.15220543566573666,SP,sao paulo,low_volume,low_volume,low_volume__low_volume
70bf57d811208f8923b41bbd499a67a4,7,869.73,780.8000000000001,88.93,124.24714285714286,4.817481812169312,0.0,4.142857142857143,0.14285714285714285,0.14285714285714285,151.80738922767165,0.10810262916068089,SP,franco da rocha,low_volume,low_volume,low_volume__low_volume
70c0fda4c313d87115644d39e62eec60,1,63.08,25.99,37.09,63.08,9.881921296296296,0.0,5.0,0.0,1.0,1160.3838294490447,0.5879835129993659,PE,caruaru,low_volume,low_volume,low_volume__low_volume
70c27847eca8195c983ed7e798c56743,77,13529.18,12077.52,1451.66,175.70363636363638,11.206502675565174,0.09090909090909091,4.233766233766234,0.18181818181818182,0.7402597402597403,443.84778269797084,0.11543881091991438,RJ,rio de janeiro,standard_value,high_risk,standard_value__high_risk
70c4eedec9cb4a85cda2f3f9673557b4,1,253.08,239.9,13.18,253.08,7.002696759259259,0.0,5.0,0.0,0.0,396.5664657488147,0.05207839418365734,SP,sao paulo,low_volume,low_volume,low_volume__low_volume
70ee69419916dc13e3aed619061f996c,1,53.72,45.0,8.72,53.72,14.4346875,0.0,3.0,0.0,0.0,78.11367174921733,0.16232315711094567,SP,mogi das cruzes,low_volume,low_volume,low_volume__low_volume
70eea00b476a314817cefde4aad4f89a,106,34171.9,31454.85,2717.05,322.3764150943396,13.421201058201058,0.07547169811320754,4.377358490566038,0.07547169811320754,0.6415094339622641,582.8133621241411,0.1225049665399655,SP,itatiba,high_value,standard_risk,high_value__standard_risk
70f7e8018e3d46c748c92f026aa2585a,1,277.68,239.8,37.88,277.68,7.02681712962963,0.0,5.0,0.0,1.0,582.4162748682352,0.13641601843849036,SP,sao paulo,low_volume,low_volume,low_volume__low_volume
70f84699be677ec988d1fa824aef7d90,5,1704.44,1588.3,116.14,340.88800000000003,17.529266203703706,0.0,4.6,0.0,1.0,1123.4907833675993,0.07118230480274237,MG,sete lagoas,low_volume,low_volume,low_volume__low_volume
71039d19d4303bf9054d69e9a9236699,35,4158.65,3537.2,621.45,118.81857142857142,13.89009656084656,0.22857142857142856,3.8,0.2,0.6,654.9371317575407,0.2280858698942923,SP,sao paulo,standard_value,high_risk,standard_value__high_risk
710e3548e02bc1d2831dfc4f1b5b14d4,135,27706.82,23869.12,3837.7,205.2357037037037,14.24144284188034,0.037037037037037035,3.362962962962963,0.32592592592592595,0.8814814814814815,711.0856921894178,0.1776286217359953,PR,rolandia,high_value,high_risk,high_value__high_risk
71271995e85f5b8530be99ed54a91b89,8,896.83,776.0,120.83,112.10375,12.309558256172837,0.125,2.5,0.5,0.375,391.7795752749,0.13425896716071833,RS,porto alegre,low_volume,low_volume,low_volume__low_volume
712e6ed8aa4aa1fa65dab41fed5737e4,78,46060.94,39226.0,6834.9400000000005,590.5248717948718,24.16392284965887,0.20512820512820512,3.3846153846153846,0.34615384615384615,0.9487179487179487,1078.8602391954512,0.15711960945598025,SC,videira,high_value,high_risk,high_value__high_risk
712efd3b68f9686dc856b84abd0f21ae,1,156.16,139.0,17.16,156.16,7.23662037037037,0.0,4.0,0.0,1.0,551.0907418308191,0.10988729508196722,PR,curitiba,low_volume,low_volume,low_volume__low_volume
7139dc5186aa238b006e066d8fbab2e4,21,2195.3,1685.0,510.3,104.53809523809525,13.974190365961201,0.14285714285714285,4.0,0.19047619047619047,0.6190476190476191,381.7102751612592,0.24592084915414936,SP,amparo,low_volume,low_volume,low_volume__low_volume
713e3a23ca5e47786eb6f0d99f94cfac,4,1213.03,1126.0,87.03,303.2575,10.095622106481482,0.0,4.75,0.0,1.0,721.0759304206732,0.08055864222587475,PR,curitiba,low_volume,low_volume,low_volume__low_volume
7142540dd4c91e2237acb7e911c4eba2,317,44083.68,37203.76,6879.92,139.06523659305995,14.768129644373673,0.08201892744479496,4.039432176656152,0.14511041009463724,0.668769716088328,773.7524835308707,0.1910261564302484,SP,penapolis,high_value,standard_risk,high_value__standard_risk
714b9a1332840f257b49f476bea4e341,6,1658.0900000000001,1499.94,158.15,276.34833333333336,32.30243055555556,0.3333333333333333,3.3333333333333335,0.5,0.6666666666666666,1201.8869917083396,0.09334543100556462,SP,monte alto,low_volume,low_volume,low_volume__low_volume
71592660bbcb6a4664e97b6f8b68babc,6,2200.5499999999997,2027.18,173.37,366.75833333333327,12.457635030864196,0.0,4.333333333333333,0.0,0.6666666666666666,984.1074898345768,0.10066283324291692,SP,sao jose do rio preto,low_volume,low_volume,low_volume__low_volume
71593c7413973a1e160057b80d4958f6,2,345.34999999999997,299.5,45.849999999999994,172.67499999999998,9.129704861111112,0.0,3.0,0.5,0.0,33.5738345214939,0.1327638627479369,SP,sao paulo / sao paulo,low_volume,low_volume,low_volume__low_volume
715bbd5ba4e6b74cb0d2f29eb45058b0,62,5315.88,4043.3,1272.58,85.74,11.924290434587814,0.08064516129032258,4.467741935483871,0.06451612903225806,0.5645161290322581,387.02797202378076,0.25452824544092195,SP,serra negra,standard_value,standard_risk,standard_value__standard_risk
7178e1eaa97257d8b6d4b80efd77a025,1,184.71,167.9,16.81,184.71,7.122962962962963,0.0,5.0,0.0,0.0,112.67842520002147,0.09100752530994531,SP,tatui,low_volume,low_volume,low_volume__low_volume
7178f9f4dd81dcef02f62acdf8151e01,202,41423.92,37030.5,4393.42,205.0689108910891,15.789441104661876,0.04950495049504951,4.044554455445544,0.1485148514851485,0.9356435643564357,816.9959369013987,0.2064361746282315,SC,videira,high_value,standard_risk,high_value__standard_risk
717b78b0950b51ed00b1471d858b0edc,5,219.75,138.6,81.15,43.95,21.32962037037037,0.2,4.0,0.2,0.6,378.5612602580545,0.3704566295793752,SP,alambari,low_volume,low_volume,low_volume__low_volume
718539d38d07dd351c76db862760e2e2,37,1977.95,1318.8999999999999,659.05,53.45810810810811,8.635720899470899,0.0,4.4324324324324325,0.08108108108108109,0.5405405405405406,529.42289751812,0.3418587899116051,SP,campinas,standard_value,standard_risk,standard_value__standard_risk
71dc18fd8cbf5fd77f45dd8b427abb34,4,1229.3999999999999,1080.0,149.4,307.34999999999997,10.731825810185185,0.0,5.0,0.0,1.0,841.316942067053,0.12498484948990903,PR,curitiba,low_volume,low_volume,low_volume__low_volume
7202e2ba20579a9bd1acb29e61fe71f6,52,13707.05,12560.599999999999,1146.45,263.5971153846154,13.383422222222222,0.057692307692307696,3.8653846153846154,0.19230769230769232,0.6923076923076923,861.9435912407159,0.10783645309279512,SP,franca,standard_value,high_risk,standard_value__high_risk
720e6cf846ea7572cbb66b743fb91e6c,1,68.55,54.0,14.55,68.55,16.14633101851852,0.0,5.0,0.0,1.0,653.7757222353373,0.21225382932166303,SP,mogi das cruzes / sp,low_volume,low_volume,low_volume__low_volume
7210cd29727d674c00741e5e387b3ccd,9,874.18,729.0899999999999,145.09,97.13111111111111,3.7764146090534982,0.1111111111111111,4.444444444444445,0.1111111111111111,0.0,52.15327925864876,0.17976582949491976,SP,sao paulo,low_volume,low_volume,low_volume__low_volume
72146da5774cabf2632faedcae097a76,4,311.43,200.94,110.49,77.8575,35.939108796296296,0.25,4.0,0.25,1.0,744.2104987890115,0.4050794749679634,PR,marechal candido rondon,low_volume,low_volume,low_volume__low_volume
7238a95bb63ef7e498389fb863b834a1,15,2835.11,2265.7,569.41,189.00733333333335,7.956341820987655,0.06666666666666667,4.733333333333333,0.0,0.6,562.2174513728612,0.21380432803947227,SP,limeira,low_volume,low_volume,low_volume__low_volume
7238f877570096ae403c51898fa64566,3,1249.52,1200.0,49.519999999999996,416.50666666666666,8.923016975308643,0.0,5.0,0.0,0.6666666666666666,561.7860265700946,0.03954342639228823,SP,santana de parnaiba,low_volume,low_volume,low_volume__low_volume
723a46b89fd5c3ed78ccdf039e33ac63,1,90.03999999999999,66.64,23.4,90.03999999999999,7.998761574074075,0.0,4.0,0.0,1.0,1174.79457562765,0.2598844957796535,RS,"novo hamburgo, rio grande do sul, brasil",low_volume,low_volume,low_volume__low_volume
723cd880edaacdb998898b67c8f9da30,11,2549.63,2136.5299999999997,413.1,231.78454545454545,9.960010521885522,0.09090909090909091,4.090909090909091,0.18181818181818182,0.6363636363636364,498.526234775661,0.1670108771922031,SP,ibitinga,low_volume,low_volume,low_volume__low_volume
72431a818f97fe6ab9c81eee3e297e54,1,249.39,229.9,19.49,249.39,12.434548611111111,0.0,5.0,0.0,1.0,614.4010485630015,0.07815068767793416,SP,rio das pedras,low_volume,low_volume,low_volume__low_volume
725af026f869236a8dd0ceb98564d156,7,1362.67,1177.71,184.95999999999998,194.66714285714286,13.673094907407409,0.0,3.4285714285714284,0.2857142857142857,0.42857142857142855,224.98221198310867,0.1593116780659894,MG,claudio,low_volume,low_volume,low_volume__low_volume
725c32fa80c2faacc4fc88450d27314e,87,8978.57,7679.0,1299.57,103.2019540229885,8.991738372711792,0.0,4.517241379310345,0.022988505747126436,0.5172413793103449,527.9610188185239,0.16920305977632485,SP,sao paulo,standard_value,standard_risk,standard_value__standard_risk
7299e27ed73d2ad986de7f7c77d919fa,338,41581.08,34725.43,6855.65,123.02094674556214,11.29805800856827,0.047337278106508875,4.420118343195266,0.06804733727810651,0.8313609467455622,662.5554232191093,0.27187909612772954,MG,araguari,high_value,standard_risk,high_value__standard_risk
729b2d09b2a0bdab221076327f13d050,49,2768.66,1822.11,946.55,56.503265306122444,12.483082320601852,0.08163265306122448,4.489795918367347,0.061224489795918366,0.5306122448979592,562.4222411634128,0.3459681039359325,SP,mineiros do tiete,standard_value,standard_risk,standard_value__standard_risk
729f06993dac8e860d4f02d7088ca48a,95,24993.09,20085.18,4907.91,263.0851578947368,11.694351478494623,0.11578947368421053,4.168421052631579,0.11578947368421053,0.43157894736842106,452.94487517642733,0.21928149909732128,SP,limeira,high_value,standard_risk,high_value__standard_risk
72bc2cce903c872fe376a8faaa81d237,17,2404.97,2149.2,255.77,141.46882352941176,8.813901143790849,0.0,4.647058823529412,0.058823529411764705,0.47058823529411764,412.67897203127205,0.1392986404865935,SP,sao paulo,low_volume,low_volume,low_volume__low_volume
72c38a04bd6a1c3dbc5298425a0db86d,4,760.65,647.3,113.35,190.1625,8.807887731481483,0.0,3.75,0.25,1.0,1151.2241933760627,0.20397786155888598,PR,cascavel,low_volume,low_volume,low_volume__low_volume
72c5da29406b4234927b81855e7b64f6,31,12652.470000000001,11798.69,853.78,408.14419354838714,10.797208781362007,0.03225806451612903,4.129032258064516,0.12903225806451613,0.7741935483870968,871.2424498393533,0.07587811964994959,SP,guarulhos,standard_value,standard_risk,standard_value__standard_risk
72c73be2b085b9d57650dd53eb2004c9,1,47.32,29.4,17.92,47.32,17.34197916666667,0.0,5.0,0.0,1.0,1135.3577178122398,0.37869822485207105,SP,sao paulo,low_volume,low_volume,low_volume__low_volume
730937bf88cb151eb2eb849f642fc213,22,3277.17,2821.2,455.97,148.96227272727273,6.470883312289562,0.045454545454545456,4.409090909090909,0.09090909090909091,0.3181818181818182,510.14162391095124,0.12463260811136644,SP,rio claro,low_volume,low_volume,low_volume__low_volume
7315baebc0572ff220d226283dc66728,2,76.22,49.849999999999994,26.369999999999997,38.11,8.092291666666668,0.0,4.0,0.0,0.5,321.9286138870963,0.34512640806191586,SP,sao carlos,low_volume,low_volume,low_volume__low_volume
731ef20c231d9a7103a425e83fd91271,2,2197.6,1692.0,505.6,1098.8,12.976006944444446,0.0,3.5,0.0,1.0,1171.4163422949198,0.24422795873497377,SC,lages - sc,low_volume,low_volume,low_volume__low_volume
734def04b237117a09321dd6d8f3f2a2,2,1281.23,1252.43,28.8,640.615,2.2881539351851856,0.0,5.0,0.0,0.0,83.00721220614551,0.03653437692716117,SP,araras,low_volume,low_volume,low_volume__low_volume
7354220fb240bde543b3c40c060d41e7,7,837.13,672.0,165.13,119.59,11.098485449735449,0.0,4.571428571428571,0.0,1.0,937.7482908715685,0.21295426800206083,DF,brasilia,low_volume,low_volume,low_volume__low_volume
7357b52d27cbaa90f81a96cbc1279396,12,1545.8300000000002,1328.02,217.81,128.8191666666667,9.850832368827161,0.08333333333333333,4.333333333333333,0.08333333333333333,0.8333333333333334,494.59222730080324,0.14496025170441276,MG,lagoa santa,low_volume,low_volume,low_volume__low_volume
739c7d7be81f63812dea0d1b1451c651,2,149.3,77.5,71.8,74.65,17.126261574074075,0.0,4.0,0.0,1.0,893.6624587552034,0.46722736956773364,PB,campina grande,low_volume,low_volume,low_volume__low_volume
73a63f72308aa20a46f4b1632018f196,28,10722.25,9561.85,1160.3999999999999,382.9375,11.314184918091168,0.0,4.142857142857143,0.10714285714285714,0.8928571428571429,607.4535756554999,0.1576353636659599,PR,curitiba,low_volume,low_volume,low_volume__low_volume
73b8eb4a9a729d4019b24ed1be748cbf,8,797.98,692.41,105.57,99.7475,4.136651785714286,0.0,4.375,0.125,0.375,295.0957155397166,0.14346430512965158,SP,campinas,low_volume,low_volume,low_volume__low_volume
73da1880b39c71de2b262bc7720c1494,2,444.99,398.0,46.99,222.495,8.223836805555555,0.0,5.0,0.0,0.5,263.9518304485812,0.1052767763482658,SP,sao carlos,low_volume,low_volume,low_volume__low_volume
740205fedfe4e90ca6857bc77db0f2b4,1,251.83,229.9,21.93,251.83,3.4825694444444446,0.0,5.0,0.0,0.0,776.4504340054704,0.08708255569233213,SP,caxias do sul,low_volume,low_volume,low_volume__low_volume
7402d13c03a7e91366337cd1de471144,4,659.5699999999999,528.38,131.19,164.89249999999998,9.903695987654322,0.0,3.5,0.25,0.75,426.7331982057575,0.24355293247207285,PR,cambe,low_volume,low_volume,low_volume__low_volume
741f8c587cb4248ebc5b779a0e8e0e51,5,157.64,89.95,67.69,31.528,13.239328703703702,0.2,4.0,0.2,0.6,377.42532464435993,0.4499482940208641,SP,santo andre,low_volume,low_volume,low_volume__low_volume
744dac408745240a2c2528fb1b6028f3,79,24385.02,22490.6,1894.42,308.6711392405063,11.029073480531814,0.012658227848101266,4.569620253164557,0.0379746835443038,0.9240506329113924,949.0602557057867,0.08947570287989992,PR,colombo,high_value,standard_risk,high_value__standard_risk
74636e24f01da9268b0ed88dacd8513e,4,1048.6100000000001,776.0,272.61,262.15250000000003,13.129348958333333,0.25,4.0,0.25,0.75,1128.0366686151817,0.251635240070445,SP,sao paulo,low_volume,low_volume,low_volume__low_volume
747c1cdcd1737dcfbd1547f6eb6f2cf3,2,222.37,193.1,29.27,111.185,15.132824074074074,0.0,2.5,0.5,1.0,721.9910628294199,0.13120750647644713,SP,ibitinga,low_volume,low_volume,low_volume__low_volume
747e73c01a4593d4cf60dcf970fd2689,3,2341.76,2217.99,123.77000000000001,780.5866666666667,10.688094135802467,0.0,4.333333333333333,0.0,1.0,2038.5804512958998,0.047481510944042925,PE,vitoria de santo antao,low_volume,low_volume,low_volume__low_volume
74871d19219c7d518d0090283e03c137,6,637.91,550.04,87.87,106.31833333333333,3.870761959876543,0.0,5.0,0.0,0.16666666666666666,116.86463307135135,0.15883659805526812,SP,sao paulo,low_volume,low_volume,low_volume__low_volume
7494d0dcba8551df6cf37f1b905dc2f7,1,62.97,45.9,17.07,62.97,6.993611111111111,0.0,3.0,0.0,0.0,343.823895143041,0.2710814673654121,SP,santos,low_volume,low_volume,low_volume__low_volume
749e7cdabbaf72f16677859e27874ba5,1,61.739999999999995,41.9,19.84,61.739999999999995,11.03644675925926,0.0,1.0,1.0,1.0,324.20732817293344,0.3213475866537091,SP,guarulhos,low_volume,low_volume,low_volume__low_volume
74a9b9bddf14ece02beb81f52c41a88d,2,117.06,95.0,22.06,58.53,12.172760416666668,0.0,3.5,0.5,0.5,1053.1488622134664,0.16928579276140251,SP,sao paulo,low_volume,low_volume,low_volume__low_volume
74bafed391319577bce6f4d2acc0589a,3,2084.73,1847.0,237.73,694.91,7.031435185185185,0.0,2.6666666666666665,0.6666666666666666,0.6666666666666666,567.1942373796817,0.12157470406143855,SP,sao paulo,low_volume,low_volume,low_volume__low_volume
74c7dec0a384d8a05950e629bd23bde9,5,248.88,187.68,61.199999999999996,49.775999999999996,11.539169560185185,0.0,3.6,0.4,0.4,251.59214900106628,0.294943996875805,SP,mogi guacu,low_volume,low_volume,low_volume__low_volume
750303a20e9c56b2a6bc45cdce0b897d,54,9394.81,8085.0,1309.81,173.97796296296295,14.103843029350104,0.037037037037037035,4.2407407407407405,0.1111111111111111,0.9444444444444444,935.1427364319156,0.24623193169317176,GO,goiania,standard_value,standard_risk,standard_value__standard_risk
751bdc4d83a466c7206cd42e8f426b03,52,7520.64,6488.95,1031.69,144.6276923076923,10.175814436885865,0.0,3.8076923076923075,0.25,0.5769230769230769,613.2293278799733,0.2008676241336678,SP,ribeirao pires,standard_value,high_risk,standard_value__high_risk
751e274377499a8503fd6243ad9c56f6,1,235.84,218.0,17.84,235.84,1.9974652777777775,0.0,5.0,0.0,0.0,95.65102865446124,0.07564450474898236,SP,campinas,low_volume,low_volume,low_volume__low_volume
75745ef7bc7d4f3ea3380f6f5303f514,3,277.32,228.4,48.92,92.44,5.69443287037037,0.0,5.0,0.0,1.0,891.4864157725929,0.2662085898686152,DF,brasilia,low_volume,low_volume,low_volume__low_volume
7586919161935337bf6b6d7ff5779648,11,1994.93,1664.71,330.21999999999997,181.35727272727274,17.498301767676768,0.18181818181818182,3.8181818181818183,0.2727272727272727,0.7272727272727273,562.1265185770504,0.295539091560016,RJ,rio de janeiro,low_volume,low_volume,low_volume__low_volume
75a4764c108403a7a0575140cb22287c,5,927.05,716.9000000000001,210.15,185.41,11.546094907407408,0.0,4.6,0.0,0.8,1189.9337059635159,0.2356155612754874,RS,caxias do sul,low_volume,low_volume,low_volume__low_volume
75d34ebb1bd0bd7dde40dd507b8169c3,62,16479.51,15048.28,1431.23,265.79854838709673,16.047814733593242,0.14516129032258066,3.7419354838709675,0.24193548387096775,0.8709677419354839,1104.413967135241,0.13616263989949737,BA,salvador,standard_value,high_risk,standard_value__high_risk
75fbb52eda0cbc24f479d3b2fbfa8d3e,39,2039.98,1114.09,925.89,52.30717948717949,13.753061342592593,0.05128205128205128,4.358974358974359,0.10256410256410256,0.9743589743589743,947.6782543146154,0.47696962810005245,GO,goiania,standard_value,standard_risk,standard_value__standard_risk
75fdd0a732287f9497b179f6bd445d32,1,76.08,59.9,16.18,76.08,10.883761574074072,0.0,5.0,0.0,1.0,474.3575686605462,0.21267087276551,SP,maua,low_volume,low_volume,low_volume__low_volume
761681a821d8275bc79f552116d06869,3,514.9,354.92,159.98000000000002,171.63333333333333,8.154621913580247,0.0,5.0,0.0,0.6666666666666666,1118.0394827712557,0.29238693521613784,SP,sao paulo,low_volume,low_volume,low_volume__low_volume
762ed976527cddf02787edba70fffa2a,3,240.12,179.8,60.31999999999999,80.04,7.851986882716051,0.0,2.3333333333333335,0.6666666666666666,1.0,519.2223829534666,0.2511186761783735,PR,londrina,low_volume,low_volume,low_volume__low_volume
762fafdaa57a532ee0119731697579dd,5,260.87,206.7,54.17,52.174,4.124875,0.0,5.0,0.0,0.0,70.87076188710738,0.24047550116879474,SP,itu,low_volume,low_volume,low_volume__low_volume
76623fde66e6b63b59440fd34160512d,3,88.74,65.4,23.34,29.58,3.3888425925925922,0.0,4.0,0.0,0.0,22.28222402558477,0.3265843093425899,SP,guarulhos,low_volume,low_volume,low_volume__low_volume
7681ef142fd2c19048da7430856b5588,58,34708.61,31825.81,2882.8,598.4243103448276,10.23518620045484,0.1206896551724138,4.172413793103448,0.13793103448275862,0.46551724137931033,519.5695828468753,0.1514176220474143,SP,guarulhos,high_value,standard_risk,high_value__standard_risk
76833248bbc0e65a0293ec62023e4396,2,2630.6800000000003,2399.98,230.7,1315.3400000000001,18.68045138888889,0.0,5.0,0.0,0.5,227.26538675660768,0.10933920332251572,SP,birigui,low_volume,low_volume,low_volume__low_volume
768a86e36ad6aae3d03ee3c6433d61df,17,767.7,587.46,180.24,45.15882352941177,5.081859340958606,0.17647058823529413,4.647058823529412,0.0,0.23529411764705882,183.2218806564598,0.23694498785609225,SP,sao paulo,low_volume,low_volume,low_volume__low_volume
768de2a4fc06aacecb9a586ccc30746a,14,713.53,475.59999999999997,237.93,50.96642857142857,14.864153311965813,0.0,4.428571428571429,0.07142857142857142,1.0,818.5400688258023,0.33304695607335644,DF,brasilia,low_volume,low_volume,low_volume__low_volume
76c47a299e4a8fe992316a85865acbe9,6,1246.34,1024.46,221.88,207.72333333333333,20.242797067901233,0.3333333333333333,4.666666666666667,0.0,0.8333333333333334,643.4330197279079,0.2350159489063831,SP,ribeirao preto,low_volume,low_volume,low_volume__low_volume
76d336555bb25f3165d2f0d6da719c40,2,353.63,330.0,23.63,176.815,11.495,0.0,2.0,0.5,0.0,98.52911583437654,0.0668211635603199,SP,sorocaba,low_volume,low_volume,low_volume__low_volume
76d5af76d0271110f9af36c92573f765,130,36855.46,32802.7,4052.76,283.5035384615385,11.99481454141149,0.09230769230769231,4.115384615384615,0.14615384615384616,0.5153846153846153,469.7214281661709,0.2045897379760217,SP,sao paulo,high_value,standard_risk,high_value__standard_risk
76d64c4aca3a7baf218bf93ef7fa768d,64,20455.289999999997,16911.8,3543.4900000000002,319.61390624999996,10.974288375289351,0.03125,4.2265625,0.140625,0.921875,645.6155791355144,0.17981892150455914,PR,curitiba,high_value,standard_risk,high_value__standard_risk
76de363de16dacc923eec8daf91df504,2,410.41999999999996,360.0,50.42,205.20999999999998,13.318443287037038,0.0,2.5,0.5,1.0,758.3994651744094,0.1277450672765808,SC,xaxim,low_volume,low_volume,low_volume__low_volume
76ea5315acb3f5f7ade3cd261faf922a,15,1311.08,1087.06,224.02,87.40533333333333,8.683984567901234,0.06666666666666667,4.266666666666667,0.06666666666666667,0.4666666666666667,464.79656447351016,0.20498805544980728,SP,sao paulo,low_volume,low_volume,low_volume__low_volume
77128dec4bec4878c37ab7d6169d6f26,1,15.22,6.5,8.72,15.22,11.992465277777775,0.0,5.0,0.0,0.0,1.254610779840213,0.5729303547963206,SP,sao paulo,low_volume,low_volume,low_volume__low_volume
7722b1df1b0e383e000397b2c11e3e19,133,9126.68,7067.1900000000005,2059.49,68.62165413533835,8.387068515011224,0.03007518796992481,4.225563909774436,0.11278195488721804,0.41353383458646614,384.54169337626763,0.24472921155038452,SP,sao bernardo do campo,standard_value,standard_risk,standard_value__standard_risk
77530e9772f57a62c906e1c21538ab82,318,54758.49,46351.5,8406.99,172.19650943396226,15.01382159603514,0.11320754716981132,4.1069182389937104,0.15723270440251572,0.9056603773584906,709.8458845217465,0.17882270028638036,PR,curitiba,high_value,standard_risk,high_value__standard_risk
77714512e8d4dda9c234da8e3faf16e4,4,348.97999999999996,243.4,105.58,87.24499999999999,12.183356481481482,0.0,4.25,0.0,0.75,927.8005580427102,0.282673808545307,SP,guarulhos,low_volume,low_volume,low_volume__low_volume
777a0c55737f34ffeb78010f7542ab41,6,528.33,452.5,75.83,88.055,4.23389274691358,0.0,4.333333333333333,0.16666666666666666,0.5,487.91651665722907,0.14188221627965544,SP,sao paulo,low_volume,low_volume,low_volume__low_volume
778323240ce2830d68aab11794e00bfb,3,242.43,189.98000000000002,52.45,80.81,10.546203703703704,0.0,4.333333333333333,0.0,0.6666666666666666,804.3164011561148,0.23239246679731315,SP,sao paulo,low_volume,low_volume,low_volume__low_volume
77a515caa36327151d1cc6c32a9f00e1,26,2613.58,2217.39,396.19,100.52230769230769,10.33738425925926,0.11538461538461539,4.423076923076923,0.07692307692307693,0.5,440.3290075989932,0.1487682387682416,SP,diadema,low_volume,low_volume,low_volume__low_volume
77dcbb67ccb3659bd58eaf5661560a30,2,1082.56,984.0,98.56,541.28,,0.0,1.0,1.0,1.0,642.4829028802344,0.23994729372717827,RS,lajeado,low_volume,low_volume,low_volume__low_volume
77e4abfd739aed9c46480f90f81c0eb4,18,4092.21,3736.99,355.21999999999997,227.345,10.008789223251028,0.0,4.777777777777778,0.0,1.0,779.8133104549423,0.10119755404234218,DF,brasilia,low_volume,low_volume,low_volume__low_volume
77fccaae319668a8ab6cd0fd16aec48c,11,1888.44,1667.0,221.44,171.67636363636365,9.411440446127946,0.0,4.454545454545454,0.09090909090909091,0.6363636363636364,484.5358602505276,0.13339917006851224,RJ,campos dos goytacazes,low_volume,low_volume,low_volume__low_volume
7813ea3ebd9411dc600b4dd01f7a97b9,9,1745.99,1599.4,146.59,193.9988888888889,13.03318544238683,0.1111111111111111,3.888888888888889,0.2222222222222222,0.4444444444444444,871.0047660825105,0.09474061698227226,SP,osasco,low_volume,low_volume,low_volume__low_volume
7816cd9c5b1238e320545f5bf7eb80e8,1,511.76,489.0,22.76,511.76,10.901851851851852,0.0,4.0,0.0,0.0,86.85807021241808,0.04447397217445678,SP,araraquara,low_volume,low_volume,low_volume__low_volume
781a66c0d89e30814d49fe8b5e14cd07,1,136.3,115.0,21.3,136.3,33.1228587962963,1.0,1.0,1.0,1.0,422.3747731598986,0.15627292736610418,SP,campinas,low_volume,low_volume,low_volume__low_volume
782f78b632a43875dd5b53e3e49c9564,2,187.57,146.01,41.56,93.785,9.88162037037037,0.0,3.0,0.5,0.5,459.8608103890419,0.2048472948021492,SP,campinas,low_volume,low_volume,low_volume__low_volume
784ba75dd9d20200c4caed3d7a77141a,21,8924.949999999999,8295.13,629.8199999999999,424.99761904761897,13.691990740740742,0.09523809523809523,3.8333333333333335,0.23809523809523808,0.47619047619047616,516.6342705114138,0.27756062489123534,SP,sao paulo,low_volume,low_volume,low_volume__low_volume
78744a20ee2f80ba64f6804c25def2b8,6,3068.85,2715.0,353.85,511.47499999999997,18.961849922839505,0.16666666666666666,4.166666666666667,0.16666666666666666,1.0,2278.2060507852607,0.13530912852445834,PE,recife,low_volume,low_volume,low_volume__low_volume
78813699ffac347fe27dba345a5f1551,1,200.54,152.42,48.12,200.54,9.042847222222225,0.0,5.0,0.0,1.0,1087.5680032877901,0.23995212925102224,RS,bento goncalves,low_volume,low_volume,low_volume__low_volume
788e857f317e53de488d393e65a80f45,11,1394.95,1210.0,184.95000000000002,126.81363636363636,7.407333754208754,0.0,4.909090909090909,0.0,0.5454545454545454,349.7513187708524,0.13096128097286472,SP,sao paulo,low_volume,low_volume,low_volume__low_volume
788f22bafdd7ab0e1e79f19db72f16a4,2,152.04000000000002,125.80000000000001,26.240000000000002,76.02000000000001,3.541741898148148,0.0,4.5,0.0,0.5,473.0670626784438,0.16522894522213277,SP,sao paulo,low_volume,low_volume,low_volume__low_volume
78a4d36f65a019172c6154468831a69f,7,1768.9,1545.5,223.4,252.70000000000002,15.5092791005291,0.14285714285714285,4.285714285714286,0.14285714285714285,0.5714285714285714,885.9713924937656,0.12315339563425566,SP,bauru,low_volume,low_volume,low_volume__low_volume
78ba5933c21686d1c2f64669c8c459e7,2,212.57,191.8,20.770000000000003,106.285,6.5282175925925925,0.0,4.25,0.0,0.0,51.93791022123615,0.0991176706095971,SP,mogi das cruzes,low_volume,low_volume,low_volume__low_volume
78c99c6dff4eeae5be99bf635ed21e3f,31,2695.77,2030.88,664.89,86.96032258064515,13.445802344683393,0.0967741935483871,4.419354838709677,0.0967741935483871,0.7419354838709677,728.5915702317554,0.2651483164237602,SP,marilia,standard_value,standard_risk,standard_value__standard_risk
78ef7e885d17f35e2382a47aae8b8cce,3,453.44,388.0,65.44,151.14666666666668,8.66204861111111,0.0,4.666666666666667,0.0,1.0,1016.039735214115,0.20302474882265895,RS,santa cruz do sul,low_volume,low_volume,low_volume__low_volume
7901646fdd36a55f564ffaf2dbccaaf7,22,12478.83,11857.08,621.75,567.2195454545455,9.824321864478115,0.13636363636363635,4.5,0.09090909090909091,0.5909090909090909,308.75602052667057,0.08391778562536228,RJ,rio de janeiro,low_volume,low_volume,low_volume__low_volume
791cfcfe22fe4a771ece27f90017da92,2,653.75,596.26,57.49,326.875,28.20550925925926,0.5,1.5,1.0,1.0,1110.9045766695658,0.08692444131306157,SP,ribeirao preto,low_volume,low_volume,low_volume__low_volume
79565f7d5603b24ddf07ade262547f2f,8,494.07,385.0,109.07000000000001,61.75875,13.240676256613755,0.25,4.0,0.25,0.375,484.62997136089746,0.24855470382231915,SP,araraquara,low_volume,low_volume,low_volume__low_volume
7957cac1a02f45d0a4a7e45626382ec2,1,364.64,343.0,21.64,364.64,26.32175925925926,0.0,4.0,0.0,1.0,705.4821065537371,0.059346204475647216,PR,curitiba,low_volume,low_volume,low_volume__low_volume
7963e546f34e098b578f9ad102494601,1,82.22,60.99,21.23,82.22,18.14728009259259,0.0,5.0,0.0,1.0,1940.9701758349647,0.25820968134273903,SP,sao paulo,low_volume,low_volume,low_volume__low_volume
7994081388d55b9cf976c050653dd359,2,1109.6499999999999,1020.0,89.64999999999999,554.8249999999999,12.970185185185183,0.0,3.0,0.5,1.0,349.8899572158595,0.09271997557484193,SP,sao paulo,low_volume,low_volume,low_volume__low_volume
7994b065a7ffb14e71c6312cf87b9de2,5,597.3399999999999,453.0,144.34,119.46799999999999,9.00992824074074,0.0,5.0,0.0,1.0,541.7987652546328,0.25052724007319405,ES,cariacica / es,low_volume,low_volume,low_volume__low_volume
79a679c36c08d606b3fd47ead9de109b,3,1072.22,935.0,137.22,357.4066666666667,11.681172839506175,0.3333333333333333,2.0,0.6666666666666666,0.6666666666666666,265.2613203495586,0.13794820559358076,SP,sao paulo,low_volume,low_volume,low_volume__low_volume
79b93a308a97792cf53ac75f46da00b5,1,116.04,99.9,16.14,116.04,22.515162037037037,0.0,5.0,0.0,1.0,1208.4257655391798,0.1390899689762151,RJ,rio de janeiro,low_volume,low_volume,low_volume__low_volume
79ebd9a61bac3eaf882805ed4ecfa12a,136,19105.14,15092.79,4012.35,140.47897058823528,15.383875661375662,0.058823529411764705,4.036764705882353,0.13970588235294118,0.8970588235294118,857.1201501759797,0.2508928854765201,PR,cascavel,high_value,standard_risk,high_value__standard_risk
79ed755314cfe6df0daef2c6cd3022cd,22,3972.82,3547.7000000000003,425.12,180.58272727272728,9.140469276094276,0.0,4.7272727272727275,0.0,0.7272727272727273,636.1312342002328,0.10783614877522453,SP,rio claro,low_volume,low_volume,low_volume__low_volume
79ee721b6f766066a80264402548d359,2,568.3599999999999,538.0,30.36,284.17999999999995,,0.0,1.0,1.0,0.5,444.60513913988893,0.05337408646702106,SP,bauru,low_volume,low_volume,low_volume__low_volume
7a073a40a9d3f1fee8bc45670ea1e909,1,112.78,95.0,17.78,112.78,,0.0,1.0,1.0,1.0,582.6853056390092,0.15765206596914347,PR,londrina,low_volume,low_volume,low_volume__low_volume
7a188843479798ca813108fa7b959286,1,175.85999999999999,149.7,26.160000000000004,175.85999999999999,,0.0,1.0,1.0,0.0,11.30671663227148,0.14875469123166157,SP,sao paulo,low_volume,low_volume,low_volume__low_volume
7a241947449cc45dbfda4f9d0798d9d0,61,9904.68,7928.63,1976.05,162.37180327868853,13.266244528619529,0.06557377049180328,3.8688524590163933,0.18032786885245902,0.9016393442622951,365.4120075988308,0.1993449976364863,MG,jacutinga,standard_value,high_risk,standard_value__high_risk
7a2d2949aea47fab95fd98d6c9f618b1,11,1850.23,1638.99,211.24,168.2027272727273,10.44878787878788,0.0,4.2727272727272725,0.09090909090909091,1.0,581.9142441119645,0.15955924660621112,PR,curitiba,low_volume,low_volume,low_volume__low_volume
7a425d299613df3e613bcf9d2eaf5c49,18,1505.47,1218.8,286.67,83.63722222222222,11.79452996399177,0.05555555555555555,4.111111111111111,0.16666666666666666,0.8333333333333334,685.6940050905864,0.24128554207902728,RJ,rio de janeiro,low_volume,low_volume,low_volume__low_volume
7a67c85e85bb2ce8582c35f2203ad736,1151,161297.26,140550.62,20746.64,140.136629018245,11.17199311256067,0.05821025195482189,4.24370112945265,0.10686359687228497,0.6811468288444831,623.3043850319448,0.15032740417468946,SP,sao paulo,high_value,standard_risk,high_value__standard_risk
7a704e63bb29c446869efde5d57524c8,1,109.9,94.49,15.41,109.9,7.512939814814815,0.0,5.0,0.0,1.0,705.9545001000745,0.14021838034576886,PR,francisco beltrao,low_volume,low_volume,low_volume__low_volume
7a91bf945c6fae0779f1c61ce97fe45c,5,882.07,799.5,82.57,176.41400000000002,43.84916666666667,0.2,3.8,0.2,0.8,787.1409360553678,0.0947688119998506,RJ,mesquita,low_volume,low_volume,low_volume__low_volume
7a9c12e235c36247c3c81f50d6ea9cea,5,1099.5900000000001,983.9,115.69,219.91800000000003,12.8360625,0.0,4.6,0.0,1.0,1493.0822469813156,0.15080848473896924,SP,sao caetano do sul,low_volume,low_volume,low_volume__low_volume
7aa4334be125fcdd2ba64b3180029f14,215,20447.03,16108.039999999999,4338.99,95.10246511627906,16.033748043818466,0.13488372093023257,4.102325581395349,0.14883720930232558,0.5581395348837209,543.8084955525945,0.22478094165140136,SP,laranjal paulista,high_value,standard_risk,high_value__standard_risk
7aa538dd6e114e503a2e6154ea352253,5,1118.6,1016.6800000000001,101.92,223.71999999999997,8.87823611111111,0.0,4.4,0.0,0.2,364.70438006149385,0.12360076489209963,SP,catanduva,low_volume,low_volume,low_volume__low_volume
7ab0dd5487bab2dc835337b244f689fb,1,23.46,12.5,10.96,23.46,5.7457060185185185,0.0,5.0,0.0,0.0,55.18158652689317,0.46717817561807334,SP,sao jose do rio preto,low_volume,low_volume,low_volume__low_volume
7ad32824caee82087b3e2e5f33b1bf32,148,25521.7,22032.1,3489.6,172.4439189189189,11.708928674768519,0.12162162162162163,3.8378378378378377,0.20270270270270271,0.47297297297297297,472.015918445776,0.16651989963385516,SP,ibitinga,high_value,high_risk,high_value__high_risk
7ad41305e96a6cab8294cd65891e9a86,2,237.6,180.0,57.6,118.8,11.66113425925926,0.0,5.0,0.0,0.5,530.8260432805301,0.2508583535248046,SP,rio bonito,low_volume,low_volume,low_volume__low_volume
7adbd3210a7b3cc2235e225eef33574d,3,204.86,131.9,72.96,68.28666666666668,10.077029320987654,0.0,4.666666666666667,0.0,1.0,1471.2018788844873,0.3983071879136391,SP,sao paulo,low_volume,low_volume,low_volume__low_volume
7ade73f1b9b4e965f9009a4c3a7e2c15,26,2274.75,1835.3000000000002,439.45,87.49038461538461,9.665827101139602,0.0,4.769230769230769,0.0,0.46153846153846156,451.9077074604672,0.20253570880021174,SP,bauru,low_volume,low_volume,low_volume__low_volume
7b07b3c7487f0ea825fc6df75abd658b,93,11074.64,9731.85,1342.79,119.0821505376344,9.585440705128205,0.043010752688172046,4.354838709677419,0.11827956989247312,0.5053763440860215,456.6356533862283,0.1558857771805621,SP,sao paulo,standard_value,standard_risk,standard_value__standard_risk
7b0df942f46435babab05d49b744b2c4,31,21957.79,21311.91,645.88,708.315806451613,10.998630899044205,0.0967741935483871,4.387096774193548,0.06451612903225806,0.4838709677419355,449.2631596599733,0.04064530012388204,SP,braganca paulista,high_value,standard_risk,high_value__standard_risk
7b1222c3624aa89b9558b50a2594188c,22,10561.09,10103.52,457.57,480.04954545454547,17.665475063131314,0.13636363636363635,4.454545454545454,0.09090909090909091,0.6818181818181818,851.0985396187957,0.05177937351416828,SP,sao jose do rio preto,low_volume,low_volume,low_volume__low_volume
7b3447b497e55af8c15fc7bd89d7b81a,1,70.65,49.9,20.75,70.65,13.094965277777778,0.0,5.0,0.0,1.0,2121.9795864891153,0.2937013446567586,SP,sao paulo,low_volume,low_volume,low_volume__low_volume
7b3f6ce5c6c22e9b96e7581ebf0df6e1,1,42.49,29.8,12.69,42.49,10.947905092592592,0.0,3.0,0.0,0.0,90.4509087779287,0.298658507884208,SP,tambau,low_volume,low_volume,low_volume__low_volume
7b7ed56ae755e2880f2b69632e839c1e,5,456.6,321.5,135.1,91.32000000000001,7.304652777777778,0.2,4.2,0.0,1.0,759.5550365894198,0.39688125979406985,GO,goiania,low_volume,low_volume,low_volume__low_volume
7b7f91e98f8c6def45a1407923304402,11,620.49,417.47,203.02,56.408181818181816,13.368617424242423,0.09090909090909091,4.181818181818182,0.18181818181818182,0.45454545454545453,493.682818656085,0.30984354802756237,SP,osasco,low_volume,low_volume,low_volume__low_volume
7b8e8ec35bad4b0ef7e3963650b0a87b,5,2616.3,2244.2799999999997,372.02,523.26,21.90199074074074,0.2,4.8,0.0,0.8,469.4717727660316,0.15852856597162343,SC,tubarao,low_volume,low_volume,low_volume__low_volume
7b98de631987e26dd6d803490c43a13c,8,778.6300000000001,634.2,144.43,97.32875000000001,10.583616898148147,0.0,4.625,0.0,0.75,612.3637157074343,0.18677690280868858,PR,loanda,low_volume,low_volume,low_volume__low_volume
7bac63f6603d382cc8d0832eb6c100a8,19,8114.6,7751.95,362.65,427.0842105263158,15.764658869395712,0.15789473684210525,4.0,0.10526315789473684,0.47368421052631576,548.1133764290864,0.06222162147529435,SP,sao paulo,low_volume,low_volume,low_volume__low_volume
7bb8fac2913a6064ec412e583c6d8b4d,1,125.52,109.0,16.52,125.52,4.895717592592592,0.0,5.0,0.0,1.0,594.0825865731374,0.13161249203314213,SP,bauru,low_volume,low_volume,low_volume__low_volume
7bcd7c5f8631701474db233ccf1c094b,11,860.94,666.0,194.94,78.26727272727273,14.234526909722222,0.09090909090909091,3.6363636363636362,0.18181818181818182,0.7272727272727273,774.878186147518,0.24754460324226513,SP,sao paulo,low_volume,low_volume,low_volume__low_volume
7c1fea10b5b006671d608b1d7c446ec4,14,647.75,423.59999999999997,224.15,46.267857142857146,16.23116898148148,0.07142857142857142,4.0,0.14285714285714285,0.5714285714285714,733.2892737937369,0.3486090795195457,SP,boituva,low_volume,low_volume,low_volume__low_volume
7c4402417d51474d4d0cda9557340e40,1,147.59,119.9,27.69,147.59,7.122175925925926,0.0,5.0,0.0,0.0,33.35470790314873,0.1876143370147029,SP,sao caetano do sul,low_volume,low_volume,low_volume__low_volume
7c4618c82226628831613e95e9c22f44,13,499.46999999999997,333.92999999999995,165.54,38.42076923076923,11.065274216524216,0.15384615384615385,4.076923076923077,0.15384615384615385,0.46153846153846156,431.52386050095606,0.3448162674073144,SP,sao roque,low_volume,low_volume,low_volume__low_volume
7c462184585ae80bd6e5774c62ce50f2,1,77.64,60.0,17.64,77.64,16.04199074074074,1.0,3.0,0.0,0.0,19.218679768877724,0.22720247295208656,SP,campinas,low_volume,low_volume,low_volume__low_volume
7c4adcc13272c0e26fa23aac642adb7b,2,165.63,135.0,30.630000000000003,82.815,17.025104166666665,0.5,3.0,0.5,1.0,557.7604068283433,0.2456273827279925,RJ,sao goncalo,low_volume,low_volume,low_volume__low_volume
7c51de0ab286204ce75ff42bf7c10d92,4,908.64,759.0,149.64,227.16,9.790217013888888,0.0,4.5,0.0,1.0,995.9285570047432,0.15870792472942136,SC,picarras,low_volume,low_volume,low_volume__low_volume
7c5b05cbdb5542049f38d90d7815b97d,22,1345.46,1038.96,306.5,61.157272727272726,7.548407186948853,0.045454545454545456,4.363636363636363,0.13636363636363635,0.36363636363636365,348.81048040063166,0.24720074953906915,SP,sao paulo,low_volume,low_volume,low_volume__low_volume
7c67e1448b00f6e969d365cea6b010ab,976,237771.96,186524.07,51247.89,243.6188114754098,22.318208567926767,0.09836065573770492,3.4861680327868854,0.25922131147540983,0.6014344262295082,543.0785542787888,0.2099895592243691,SP,itaquaquecetuba,high_value,high_risk,high_value__high_risk
7c9130f5f3729edd32aa059141d92484,3,193.14999999999998,126.0,67.15,64.38333333333333,7.452966820987655,0.0,3.3333333333333335,0.3333333333333333,0.3333333333333333,368.3251029953081,0.3338535026959247,SP,garca,low_volume,low_volume,low_volume__low_volume
7caa63f175b1cecbfaadd8b5ab9998c7,2,60.33,39.8,20.53,30.165,2.154710648148148,0.0,2.0,0.5,0.0,112.38952736645767,0.335640045349928,SP,sao paulo,low_volume,low_volume,low_volume__low_volume
7cb946b1ad19faebe28c3e86c2794ec3,1,40.1,25.0,15.1,40.1,18.151435185185186,0.0,5.0,0.0,1.0,414.8765097142601,0.3765586034912718,MG,sete lagoas,low_volume,low_volume,low_volume__low_volume
7cf4ea70955b00d6b3c22542598e2715,1,204.81,189.9,14.91,204.81,7.103148148148148,0.0,5.0,0.0,0.0,327.8024567253444,0.07279917972755237,SP,sao paulo,low_volume,low_volume,low_volume__low_volume
7d13fca15225358621be4086e1eb0964,561,121654.22,113091.19,8563.03,216.85244206773618,15.728335523023024,0.12121212121212122,4.024955436720143,0.1746880570409982,0.6506238859180036,620.9333661789565,0.07115330797764258,SP,ribeirao preto,high_value,standard_risk,high_value__standard_risk
7d294cf9a6a69dc6a0c3e540fff0e039,5,451.38,257.25,194.13,90.276,8.816810185185187,0.0,4.4,0.0,0.8,619.8737624304773,0.4093867403407757,SC,barra velha,low_volume,low_volume,low_volume__low_volume
7d456afc660226829370f3173d14520c,56,9857.87,8338.25,1519.6200000000001,176.03339285714287,8.502737584175083,0.05357142857142857,4.357142857142857,0.08928571428571429,0.5714285714285714,441.71509124000585,0.1935783109347851,SP,mogi das cruzes,standard_value,standard_risk,standard_value__standard_risk
7d484ca289afaac6bf5fc6a1e96d2226,2,248.42000000000002,183.2,65.22,124.21000000000001,12.156967592592594,0.5,4.0,0.0,1.0,718.5566008437836,0.25934465923005856,MS,campo grande,low_volume,low_volume,low_volume__low_volume
7d76b645482be4a332374e8223836592,174,6370.2699999999995,3805.54,2564.73,36.61074712643678,13.678891748366013,0.11494252873563218,3.9597701149425286,0.14942528735632185,0.632183908045977,648.1308289441253,0.3984842629437596,SP,sao paulo,standard_value,standard_risk,standard_value__standard_risk
7d7866a99a8656a42c7ff6352a433410,5,207.38,147.89,59.49,41.476,4.886585648148148,0.0,4.4,0.0,0.4,345.7475181012986,0.28696192803642423,SP,sao paulo,low_volume,low_volume,low_volume__low_volume
7d7d2b7a51328016102d4528c411d630,7,1098.85,918.8,180.05,156.97857142857143,10.281992394179895,0.14285714285714285,4.142857142857143,0.14285714285714285,0.7142857142857143,512.3545685401907,0.18504870206661525,SP,ibitinga,low_volume,low_volume,low_volume__low_volume
7d81e74a4755b552267cd5e081563028,1,39.99,32.5,7.49,39.99,2.209490740740741,0.0,4.0,0.0,0.0,78.63236770069882,0.1872968242060515,SP,sao paulo,low_volume,low_volume,low_volume__low_volume
7d948535954aaf8c5d39db007f74372e,4,237.8,194.0,43.8,59.45,5.600842013888888,0.0,3.75,0.25,0.25,177.52508496643844,0.1832476835198712,SP,guaruja,low_volume,low_volume,low_volume__low_volume
7daca0837f033a41a6f3428c18657533,7,1397.14,1228.98,168.16,199.5914285714286,14.333244047619047,0.2857142857142857,3.5714285714285716,0.2857142857142857,0.2857142857142857,519.6947381160126,0.14686012944087312,SP,tanabi,low_volume,low_volume,low_volume__low_volume
7dc8c42cc750eeafea6c85712ffee9bf,41,7445.09,6409.68,1035.41,181.58756097560976,9.15091548102981,0.04878048780487805,4.195121951219512,0.12195121951219512,0.43902439024390244,414.0027913990202,0.18233326397943858,SP,sao paulo,standard_value,standard_risk,standard_value__standard_risk
7dc9a3355bae96dd82008b313d3a456c,1,949.62,899.0,50.62,949.62,12.486354166666668,0.0,5.0,0.0,0.0,447.99765163656946,0.05330553273941155,MG,dores de campos,low_volume,low_volume,low_volume__low_volume
7ddcbb64b5bc1ef36ca8c151f6ec77df,331,62928.64,55071.600000000006,7857.04,190.11673716012083,12.70064685415229,0.08157099697885196,3.9561933534743203,0.17220543806646527,0.6253776435045317,606.1338152680734,0.16278277334643415,SP,sao paulo,high_value,standard_risk,high_value__standard_risk
7dea6f73af847b42cc3985bd620f994d,2,380.17,324.0,56.17,190.085,5.594658564814814,0.0,4.0,0.0,1.0,1083.8167930956488,0.14841964068002195,PR,cascavel,low_volume,low_volume,low_volume__low_volume
7df1fc11cc5cbc518b39faa60cf5d67c,5,1171.96,1037.6,134.36,234.392,7.718787037037037,0.0,4.2,0.2,1.0,957.37159679541,0.13563509423599543,MS,campo grande,low_volume,low_volume,low_volume__low_volume
7e1fb0a3ebfb01ffb3a7dae98bf3238d,157,29843.670000000002,26883.53,2960.14,190.08707006369428,15.41241890583394,0.12101910828025478,4.159235668789809,0.11464968152866242,0.6305732484076433,757.9255727392804,0.10359168209156167,SP,franca,high_value,standard_risk,high_value__standard_risk
7e26c750b4cb9f6766f58265ff9ebe95,23,1733.1799999999998,1344.3,388.88,75.35565217391304,9.229361916264091,0.0,4.434782608695652,0.043478260869565216,0.782608695652174,504.7287745260399,0.22116299152441252,MG,belo horizonte,low_volume,low_volume,low_volume__low_volume
7e3dde9ffba72d5340f9aaf09b4424be,1,242.03,220.0,22.03,242.03,,0.0,1.0,1.0,1.0,288.82628216490104,0.09102177416022808,PR,cambe,low_volume,low_volume,low_volume__low_volume
7e3f87d16fb353f408d467e74fbd8014,92,6193.7,4754.99,1438.71,67.32282608695652,12.572568172568173,0.11956521739130435,4.130434782608695,0.11956521739130435,0.6521739130434783,745.4399703053361,0.25353327436221684,SP,sao paulo,standard_value,standard_risk,standard_value__standard_risk
7e79d65b5c6f1f544b7daea036acf720,4,579.89,517.8,62.09,144.9725,8.56722511574074,0.0,4.5,0.0,0.75,595.5699872805278,0.12284153497961497,SP,sao caetano do sul,low_volume,low_volume,low_volume__low_volume
7e93a43ef30c4f03f38b393420bc753a,335,182487.13,176201.88,6285.25,544.7377014925373,11.22161647594922,0.050746268656716415,4.214925373134329,0.11940298507462686,0.6567164179104478,660.4457581440925,0.048416108660732156,SP,barueri,high_value,standard_risk,high_value__standard_risk
7e959205cebc10adefcb331f934238a4,2,546.55,513.9000000000001,32.65,273.275,,0.0,1.0,1.0,1.0,610.478969216806,0.05987947957813941,SP,sao paulo,low_volume,low_volume,low_volume__low_volume
7ea5bfa6c340f58f8e71fc1f0412b0d6,97,12524.27,10877.9,1646.37,129.11618556701032,12.430672514619882,0.061855670103092786,4.123711340206185,0.1134020618556701,0.7422680412371134,630.3411205402459,0.13809079172508992,MG,belo horizonte,standard_value,standard_risk,standard_value__standard_risk
7ecd59e5e20407131822c1a68ac59c1f,24,2054.52,1466.71,587.8100000000001,85.605,17.207231385030862,0.16666666666666666,4.416666666666667,0.08333333333333333,1.0,909.4510443719354,0.2841145594689593,DF,brasilia,low_volume,low_volume,low_volume__low_volume
7ecef8194babfec876ca720714327841,7,1114.26,990.5,123.76,159.18,10.141066468253968,0.14285714285714285,4.285714285714286,0.0,0.42857142857142855,320.8461719731828,0.1609007043617763,SP,campinas,low_volume,low_volume,low_volume__low_volume
7f02656561b680def9986c0795a8a080,2,111.83,84.0,27.83,55.915,14.175138888888888,0.0,3.0,0.5,0.0,210.19303095729956,0.24783399520149585,SP,sao paulo,low_volume,low_volume,low_volume__low_volume
7f152321c60a266edc53af1925ef96c1,20,4471.92,3919.8,552.12,223.596,23.469773148148146,0.3,3.8,0.25,1.0,1238.4587004216842,0.12197383472051868,SC,criciuma,low_volume,low_volume,low_volume__low_volume
7f2617c58d5d06806987308b45654351,22,3983.27,3656.8,326.47,181.05772727272728,12.480531355218856,0.09090909090909091,3.8181818181818183,0.13636363636363635,0.7272727272727273,815.2593085354292,0.0824428000177862,SP,sao paulo,low_volume,low_volume,low_volume__low_volume
7f35f9daf223da737b78738fbae4d977,5,353.01,252.0,101.01,70.602,7.866502314814815,0.0,4.0,0.2,1.0,837.6866816427616,0.2946724641459863,SP,valinhos,low_volume,low_volume,low_volume__low_volume
7f40d06aa0b5f1aa4f41af8c0480e2ef,6,1435.6200000000001,1309.94,125.67999999999999,239.27,4.130244984567901,0.16666666666666666,4.833333333333333,0.0,0.3333333333333333,330.32845556156855,0.09287963022250167,SP,rio claro,low_volume,low_volume,low_volume__low_volume
7f5e4d5efad7e44b91115dd1decb65f3,3,257.32,179.9,77.42,85.77333333333333,7.696072530864197,0.0,5.0,0.0,0.3333333333333333,327.49623901142695,0.29804382284595293,SP,jacarei / sao paulo,low_volume,low_volume,low_volume__low_volume
7f7b8245c336066a1f9933c359f11d77,38,2630.23,2094.36,535.87,69.21657894736842,8.170569261695906,0.02631578947368421,4.552631578947368,0.07894736842105263,0.2631578947368421,257.483795399009,0.21755211474437347,SP,mogi mirim,standard_value,standard_risk,standard_value__standard_risk
7fc87cc3e89b3d1d5cabdca32f8485aa,14,2835.82,2153.9,681.92,202.55857142857144,19.740683697089946,0.2857142857142857,3.5714285714285716,0.2857142857142857,0.21428571428571427,212.89227030238035,0.2445965272775683,SP,guarulhos,low_volume,low_volume,low_volume__low_volume
7fdb0720c8d7c9075538b365dc8c3a22,9,2288.31,1804.0,484.31,254.25666666666666,19.195639146090535,0.1111111111111111,2.4444444444444446,0.5555555555555556,0.8888888888888888,777.0119349360344,0.24784254392805652,PR,toledo,low_volume,low_volume,low_volume__low_volume
7fe21dd00d2f4943ae09525efa2fd674,4,356.96,299.6,57.36,89.24,7.602222222222222,0.0,3.0,0.5,0.5,728.5781339090879,0.16686199826040632,RJ,rio de janeiro,low_volume,low_volume,low_volume__low_volume
7ff588a03c2aeae4fbd23f9ae64b760d,14,1403.38,1182.2,221.18,100.24142857142859,4.787471064814815,0.0,4.642857142857143,0.07142857142857142,0.42857142857142855,497.069906913926,0.2207049471688574,SP,guarulhos,low_volume,low_volume,low_volume__low_volume
800214c63934acd05d47e84214db8ba8,4,321.34000000000003,259.6,61.74,80.33500000000001,11.791327160493827,0.0,5.0,0.0,0.75,578.4472979000643,0.19145405108097574,SC,jaragua do sul,low_volume,low_volume,low_volume__low_volume
80146bc52c4f6af5239b23de2a20262b,1,76.78,27.1,49.68,76.78,,0.0,3.0,0.0,1.0,2101.1087742260147,0.6470435009116957,SP,taboao da serra,low_volume,low_volume,low_volume__low_volume
804287717b9156fb7a787acd9af4fac1,1,33.9,18.8,15.1,33.9,9.156145833333332,0.0,5.0,0.0,1.0,515.4747543259533,0.44542772861356933,PR,maringa,low_volume,low_volume,low_volume__low_volume
8060d731897e33b5c5ae575ce1e209e1,5,290.95,199.5,91.45,58.19,7.804481481481481,0.0,4.8,0.0,0.2,471.3789371055418,0.31431408148328227,SP,blumenau,low_volume,low_volume,low_volume__low_volume
808d4348b916efa08e766ebad39f61eb,21,1014.9200000000001,731.1,283.82,48.32952380952381,7.961432870370371,0.047619047619047616,4.428571428571429,0.09523809523809523,0.6190476190476191,604.5682373554552,0.3335617772617705,SP,sao paulo,low_volume,low_volume,low_volume__low_volume
8090490573c6c0aa343a7231ebcb8c86,26,4298.03,3871.1200000000003,426.91,165.30884615384613,10.091355056980056,0.07692307692307693,4.1923076923076925,0.11538461538461539,0.5384615384615384,674.718884213912,0.14976150723800236,SP,sao paulo - sp,low_volume,low_volume,low_volume__low_volume
809413606dbfe5deefd2db646693ef67,3,247.04999999999998,196.68,50.37,82.35,7.579143518518518,0.0,4.333333333333333,0.0,0.3333333333333333,144.11998938688075,0.19410733006991907,SP,sao paulo,low_volume,low_volume,low_volume__low_volume
80cfd480be3eb6d6267139f5cb793555,1,126.34,99.9,26.44,126.34,14.254143518518518,0.0,4.0,0.0,1.0,2345.2136869919664,0.20927655532689568,SP,sao paulo,low_volume,low_volume,low_volume__low_volume
80e6699fe29150b372a0c8a1ebf7dcc8,97,13975.89,11339.06,2636.83,144.08134020618556,11.488020224171539,0.041237113402061855,4.278350515463917,0.10309278350515463,0.8969072164948454,770.5132560673911,0.20791666418538252,PR,pinhais,standard_value,standard_risk,standard_value__standard_risk
80f2cf9abf6b5a0e5c612b5eea6646e6,7,1054.78,766.08,288.7,150.68285714285713,10.581170910493828,0.14285714285714285,4.428571428571429,0.14285714285714285,0.5714285714285714,722.0474486881932,0.25136901252513616,SP,sao jose do rio preto,low_volume,low_volume,low_volume__low_volume
8132b9bd16876e1b0f8808d43825dd48,2,768.9399999999999,727.9,41.04,384.46999999999997,16.81113425925926,0.0,3.0,0.5,0.5,699.5569871090803,0.1211221773941148,SC,florianopolis,low_volume,low_volume,low_volume__low_volume
813348c996469b40f2e028d5429d3495,175,14502.77,10967.23,3535.54,82.87297142857143,10.272461442581635,0.05142857142857143,4.057142857142857,0.14857142857142858,0.44,392.47499566804595,0.2500482299611043,SP,jundiai,standard_value,standard_risk,standard_value__standard_risk
81336a0f57a33776419727a300249e90,16,1670.88,1374.8500000000001,296.03,104.43,17.475448302469136,0.1875,3.875,0.1875,0.5,380.5387259468722,0.30192942979890075,SP,sao carlos,low_volume,low_volume,low_volume__low_volume
8160255418d5aaa7dbdc9f4c64ebda44,381,54100.950000000004,46375.19,7725.76,141.9972440944882,16.15088159968479,0.16010498687664043,3.9343832020997374,0.1732283464566929,0.5748031496062992,572.7773038353429,0.14734228488503393,SP,ibitinga,high_value,standard_risk,high_value__standard_risk
817245bcc3badd82bbd222e0366951a6,28,5894.96,5220.900000000001,674.0600000000001,210.53428571428572,12.573962620027434,0.03571428571428571,4.0,0.10714285714285714,0.6785714285714286,715.5980697458766,0.11246388424335636,SP,bauru,low_volume,low_volume,low_volume__low_volume
81783131d2a97c8d44d406a4be81b5d9,12,1445.09,1280.54,164.55,120.42416666666666,7.2540480324074075,0.08333333333333333,3.5,0.3333333333333333,0.8333333333333334,490.9093177180612,0.1162240059797018,SP,sorocaba,low_volume,low_volume,low_volume__low_volume
817f85dbb65aa3e70831d90fe75cdf89,11,1783.8899999999999,1552.27,231.62,162.17181818181817,18.119800084175083,0.0,4.545454545454546,0.0,0.45454545454545453,585.0369697695289,0.13160830271542945,SP,tiete,low_volume,low_volume,low_volume__low_volume
8185694b58b2ba6de20fd41ae608bbea,8,1602.57,1372.3,230.26999999999998,200.32125,11.058253761574074,0.0,4.5,0.0,0.75,402.9313090143487,0.1634181730572663,SP,tabao da serra,low_volume,low_volume,low_volume__low_volume
818d28f936e791926d33bcb6ee94ef79,3,125.23,83.69999999999999,41.53,41.74333333333333,10.917017746913581,0.0,4.0,0.0,0.6666666666666666,449.7341647544506,0.3298390569132723,SP,sao paulo,low_volume,low_volume,low_volume__low_volume
81a1104df0f08b59c68aa5b03cfe398e,71,10863.4,9088.08,1775.32,153.0056338028169,13.029603835978836,0.056338028169014086,4.267605633802817,0.08450704225352113,0.971830985915493,806.3370517488231,0.1684374076351808,PR,sao jose dos pinhais,standard_value,standard_risk,standard_value__standard_risk
81ed90f07c0bacb7594940ba2ef676aa,2,257.46,223.9,33.56,128.73,16.095561342592593,0.0,4.5,0.0,1.0,379.3730936778305,0.139338945538761,MG,divinopolis,low_volume,low_volume,low_volume__low_volume
81f89e42267213cb94da7ddc301651da,46,4721.18,3955.0,766.18,102.63434782608697,7.448632749597424,0.0,3.6739130434782608,0.21739130434782608,0.32608695652173914,556.1461993295067,0.16631506595193823,SP,presidente prudente,standard_value,high_risk,standard_value__high_risk
820c7c9eaf76d2b226b6c242bcf3f34d,1,577.0,559.0,18.0,577.0,17.76011574074074,0.0,4.0,0.0,1.0,443.4480890683567,0.03119584055459272,SP,sao paulo,low_volume,low_volume,low_volume__low_volume
820cc752a266cdc6c1a1e61dd4583330,15,3078.77,2802.7999999999997,275.97,205.25133333333332,13.962199074074075,0.13333333333333333,4.133333333333334,0.06666666666666667,0.8666666666666667,604.786549265557,0.12074804501915998,PR,maringa,low_volume,low_volume,low_volume__low_volume
821fb029fc6e495ca4f08a35d51e53a5,27,20322.08,18798.42,1523.66,752.6696296296296,16.723835044283415,0.2962962962962963,3.4074074074074074,0.3333333333333333,0.8518518518518519,827.8147474355357,0.13413315088375158,SP,sao paulo,low_volume,low_volume,low_volume__low_volume
822166ed1e47908f7cfb49946d03c726,68,5447.21,3677.35,1769.86,80.10602941176471,12.788822678376906,0.014705882352941176,3.985294117647059,0.19117647058823528,0.75,481.2238169184321,0.33327074021955727,RJ,tres rios,standard_value,high_risk,standard_value__high_risk
822b63912576852aea9a8436d72317b7,8,5097.07,4905.6900000000005,191.38,637.13375,23.300331790123455,0.0,3.875,0.25,0.75,660.1558870079406,0.054610993237742975,SP,mogi guacu,low_volume,low_volume,low_volume__low_volume
822bad9bc42b51213ba522fe87b7ab5d,18,5687.34,5160.0,527.34,315.96333333333337,26.65635223765432,0.2777777777777778,4.111111111111111,0.1111111111111111,0.9444444444444444,1130.2388513643427,0.09927926951544981,SC,balneario camboriu,low_volume,low_volume,low_volume__low_volume
827f8f69dfa529c561901c4f2e0f332f,89,4914.01,3348.5899999999997,1565.42,55.21359550561798,13.425436823761963,0.0898876404494382,4.286516853932584,0.11235955056179775,0.898876404494382,535.1994660273946,0.31807187266060327,PR,curitiba,standard_value,standard_risk,standard_value__standard_risk
82921991ff5b557b045605b8bbf08d49,1,37.129999999999995,18.9,18.23,37.129999999999995,4.079814814814815,0.0,5.0,0.0,1.0,773.920510722552,0.49097764610826833,SP,sao paulo,low_volume,low_volume,low_volume__low_volume
82bd0703a4aefd6b599e5bfdaed378fb,21,3084.84,2692.28,392.56,146.89714285714285,11.608380208333333,0.047619047619047616,3.857142857142857,0.23809523809523808,0.6190476190476191,656.8293545266881,0.1845173974356344,SP,marilia,low_volume,low_volume,low_volume__low_volume
82cb9f452fe8334df74b22d37824b431,14,1155.26,838.2,317.06,82.51857142857143,8.529109623015874,0.0,4.714285714285714,0.0,0.8571428571428571,649.4249777540599,0.2774779142926082,RS,caxias do sul,low_volume,low_volume,low_volume__low_volume
82e0a475a88cc9595229d8029273f045,42,12415.92,10930.02,1485.9,295.6171428571429,16.00178071364047,0.09523809523809523,3.5714285714285716,0.3333333333333333,0.7619047619047619,786.5357549211344,0.12951490168134766,SP,sao paulo,standard_value,high_risk,standard_value__high_risk
830379336fad8c6f3b15a4a3ddb5c66e,2,438.38,268.0,170.38,219.19,6.126064814814815,0.0,4.5,0.0,0.5,174.64813848926462,0.37269094680112974,SP,sao paulo,low_volume,low_volume,low_volume__low_volume
83353a83fd769dfafa4f21a72b15e3e5,5,674.3299999999999,579.5,94.83,134.86599999999999,18.56,0.2,3.8,0.2,0.8,375.2841332406063,0.16435387472929325,SP,sao paulo,low_volume,low_volume,low_volume__low_volume
834f3294fba9f932f56edc879193f925,66,44207.42,39907.5,4299.92,669.8093939393939,14.296499017957352,0.06060606060606061,4.545454545454546,0.045454545454545456,0.6060606060606061,759.6321719474745,0.0954918510806052,SP,araraquara,high_value,standard_risk,high_value__standard_risk
834f8533b2ecb6598dd004ff3de7203a,43,5496.3099999999995,4538.29,958.02,127.82116279069766,14.66357582429991,0.13953488372093023,3.813953488372093,0.20930232558139536,0.5348837209302325,396.41449431440475,0.17333290138179003,SP,sao paulo,standard_value,high_risk,standard_value__high_risk
835f0f7810c76831d6c7d24c7a646d4d,44,6094.03,5130.0,964.03,138.50068181818182,18.097381227954145,0.29545454545454547,3.340909090909091,0.3181818181818182,0.7045454545454546,773.1169757858937,0.16657005827961682,SP,sao paulo,standard_value,high_risk,standard_value__high_risk
83645b1645cdee8953ee54c29ceed564,14,1245.1,978.9,266.2,88.93571428571428,10.400109126984129,0.0,4.428571428571429,0.0,0.8571428571428571,938.3777170273306,0.22515303895659505,PR,santa terezinha de itaipu,low_volume,low_volume,low_volume__low_volume
8378eb36b6b70c5734e83ad7b8cdc3b7,7,1956.67,1714.8,241.87,279.5242857142857,16.56947585978836,0.14285714285714285,3.857142857142857,0.2857142857142857,0.8571428571428571,440.52961252891345,0.1259856963739625,SC,itajai,low_volume,low_volume,low_volume__low_volume
83a75eea11694e36e56dd0cb2240229a,3,529.47,487.0,42.47,176.49,4.093989197530864,0.0,5.0,0.0,0.3333333333333333,374.415412803277,0.07891149594249416,SP,amparo,low_volume,low_volume,low_volume__low_volume
83b08de96980757220871b31bf6cffca,5,1758.38,1304.17,454.21000000000004,351.67600000000004,13.858328703703702,0.4,4.0,0.2,0.6,929.2642751387032,0.24399129324944893,RJ,rio de janeiro,low_volume,low_volume,low_volume__low_volume
83c465a786b06574376909b35ef6752a,3,330.46000000000004,281.4,49.06,110.15333333333335,5.269764660493827,0.0,5.0,0.0,0.3333333333333333,284.0930351743589,0.1480306460008905,SP,sao carlos,low_volume,low_volume,low_volume__low_volume
83c8aafbefb034674a70de0eac5b8954,2,185.87,134.9,50.97,92.935,5.073425925925926,0.0,5.0,0.0,0.5,995.4200244251417,0.26368625785786587,PR,francisco beltrao,low_volume,low_volume,low_volume__low_volume
83d458c0d6d4f94295d63f091460bd60,1,105.74,89.9,15.84,105.74,,0.0,5.0,0.0,1.0,418.50101100376844,0.14980139965954228,SP,vila velha,low_volume,low_volume,low_volume__low_volume
83d7070a0b9a8b4625fa8682b819fabb,2,822.4,694.77,127.63,411.2,,0.0,1.0,1.0,0.5,514.2275989318888,0.212516373877576,SP,cotia,low_volume,low_volume,low_volume__low_volume
83deb69e889cf80f82be1dc6d5f2d486,40,6276.65,5363.01,913.64,156.91625,15.945520833333333,0.05,4.325,0.15,1.0,861.7671116854538,0.15917066367740848,SC,florianopolis,standard_value,standard_risk,standard_value__standard_risk
83e197e95a1bbabc8c75e883ed016c47,47,7680.06,6693.6900000000005,986.37,163.40553191489363,10.44315619967794,0.02127659574468085,4.808510638297872,0.02127659574468085,0.7872340425531915,639.8091141604629,0.12752919404774302,RJ,mage,standard_value,standard_risk,standard_value__standard_risk
83f2b4881141ce3fcd4e985125d3279e,3,101.38,60.7,40.68,33.79333333333333,18.191948302469136,0.3333333333333333,5.0,0.0,0.3333333333333333,361.3047518179131,0.4356345142579779,SP,ribeirao preto,low_volume,low_volume,low_volume__low_volume
8444e55c1f13cd5c179851e5ca5ebd00,99,24951.27,22873.21,2078.06,252.0330303030303,21.080529388083736,0.06060606060606061,3.2626262626262625,0.35353535353535354,0.7373737373737373,441.1211616065902,0.11123455629006958,MG,congonhal,high_value,high_risk,high_value__high_risk
845e8036c3f7bf62099352f5ed910240,21,2045.24,1584.6000000000001,460.64,97.39238095238095,7.565779872134039,0.0,3.9523809523809526,0.23809523809523808,0.9047619047619048,499.5482910565125,0.23733923057523953,RJ,rio de janeiro,low_volume,low_volume,low_volume__low_volume
8476243f92442881ddd5b578975cf115,12,8113.03,7838.0,275.03,676.0858333333333,17.33558063271605,0.08333333333333333,4.083333333333333,0.16666666666666666,0.75,1024.1864618766974,0.05251514223244455,RS,campo bom,low_volume,low_volume,low_volume__low_volume
84c945f15571830c1a91a33978e94009,2,78.04,51.98,26.060000000000002,39.02,9.44066550925926,0.0,4.5,0.0,0.5,447.0980704146756,0.3320515281976163,SP,sao paulo,low_volume,low_volume,low_volume__low_volume
84deb808079d1be601c209c1e771b1cc,2,58.14,34.93,23.21,29.07,7.539299768518519,0.0,5.0,0.0,0.5,179.33737224859192,0.4098479982873046,PR,curitiba,low_volume,low_volume,low_volume__low_volume
8501d82f68d23148b6d78bb7c4a42037,1,30.66,19.7,10.96,30.66,,0.0,1.0,1.0,0.0,9.528298936918274,0.3574690150032616,SC,blumenau,low_volume,low_volume,low_volume__low_volume
85044848b1b767db2a4a58526adef4b4,4,305.51,240.60000000000002,64.91,76.3775,8.78732349537037,0.0,3.25,0.25,0.75,855.8105108749095,0.2692056530180738,SP,osasco,low_volume,low_volume,low_volume__low_volume
850857dfac77488c307e2b1cbd84ab5a,1,1638.72,1599.0,39.72,1638.72,2.9255555555555555,0.0,5.0,0.0,0.0,281.6868620983182,0.024238429994141768,PR,cascavel,low_volume,low_volume,low_volume__low_volume
850913d59ce317156b00f3705f1c3edb,32,3270.96,2690.0,580.96,102.2175,13.536035680076628,0.15625,3.4375,0.34375,0.40625,384.2490686121376,0.19799802526788984,SP,atibaia,standard_value,high_risk,standard_value__high_risk
850f4f8af5ea87287ac68de36e29107f,184,46682.21,43659.36,3022.85,253.70766304347825,10.139262484820886,0.06521739130434782,4.293478260869565,0.09239130434782608,0.5597826086956522,513.7463761556512,0.11979831875967717,SP,sao paulo,high_value,standard_risk,high_value__standard_risk
851773c885feb5e2da3b4f82bc2b17ce,10,837.13,585.3,251.82999999999998,83.713,16.660394675925925,0.2,4.2,0.1,0.7,971.2817746624703,0.3263497374364889,SP,lencois paulista,low_volume,low_volume,low_volume__low_volume
855668e0971d4dfd7bef1b6a4133b41b,307,39045.08,31432.19,7612.89,127.182671009772,16.004706229667168,0.13029315960912052,3.771986970684039,0.2280130293159609,0.6026058631921825,497.6046233978134,0.23020605729067817,SP,itatiba,high_value,high_risk,high_value__high_risk
8581055ce74af1daba164fdbd55a40de,386,74507.02,64859.75,9647.27,193.02336787564766,13.111941229423868,0.09844559585492228,4.261658031088083,0.10880829015544041,0.47668393782383417,455.38274048128085,0.1368632957100082,SP,guarulhos,high_value,standard_risk,high_value__standard_risk
85cc55e048b6bcc90c75afe7f0e72f72,9,501.76,308.28,193.48,55.75111111111111,13.153153292181068,0.2222222222222222,4.444444444444445,0.1111111111111111,0.6666666666666666,467.7803941484183,0.4080619097306745,RJ,barra mansa,low_volume,low_volume,low_volume__low_volume
85d9eb9ddc5d00ca9336a2219c97bb13,506,23910.89,15334.539999999999,8576.35,47.2547233201581,14.663687485999104,0.03557312252964427,4.179841897233201,0.10474308300395258,0.8003952569169961,713.008130008158,0.35535205165361206,MG,belo horizonte,high_value,standard_risk,high_value__standard_risk
85e7c62c1d6ea078c3897424f867a7c8,2,87.7,60.0,27.7,43.85,7.850451388888889,0.0,4.5,0.0,0.5,328.37385759195047,0.31529308891040253,SC,itapema,low_volume,low_volume,low_volume__low_volume
85ecf03781da592876b7844acc1b729f,2,294.9,251.0,43.9,147.45,15.553564814814816,0.5,4.5,0.0,1.0,1537.2755647779804,0.1599488488608236,SP,sao paulo,low_volume,low_volume,low_volume__low_volume
8602a61d680a10a82cceeeda0d99ea3d,17,1079.9,826.99,252.91,63.52352941176471,7.840296840958605,0.058823529411764705,4.411764705882353,0.11764705882352941,0.47058823529411764,471.1895282203055,0.23358260268599304,SP,sao paulo,low_volume,low_volume,low_volume__low_volume
8603f0038fe0e52fedd3382d266723de,10,2845.12,2355.0,490.12,284.512,21.26354513888889,0.0,4.4,0.1,0.5,375.1673383189222,0.17486874967345453,SC,garopaba,low_volume,low_volume,low_volume__low_volume
8629a7efec1aab257e58cda559f03ba7,1,64.11,45.22,18.89,64.11,59.22667824074074,1.0,1.0,1.0,1.0,928.5996892008458,0.294649820620808,GO,goiania,low_volume,low_volume,low_volume__low_volume
8629c241b3622ac12cd4118afdc8d394,13,1502.02,1167.66,334.36,115.53999999999999,15.116361289173788,0.07692307692307693,4.076923076923077,0.15384615384615385,0.46153846153846156,843.9662711594829,0.23547584428494928,SP,ribeirao preto,low_volume,low_volume,low_volume__low_volume
863d2ebcd347ce4922de7a0f9a5581d6,18,1691.17,1382.36,308.81,93.9538888888889,11.506793981481481,0.16666666666666666,3.888888888888889,0.16666666666666666,0.5555555555555556,633.7808257924072,0.18062772037189942,RJ,rio de janeiro,low_volume,low_volume,low_volume__low_volume
8648b1e89e9b349e32d3741b30ec737e,95,8946.050000000001,7442.55,1503.5,94.16894736842106,9.046316955396257,0.10526315789473684,4.094736842105263,0.15789473684210525,0.4105263157894737,389.80300295890623,0.20350313805899686,SP,jacarei,standard_value,standard_risk,standard_value__standard_risk
86649b1632b1c0e6c0bcb2c90a8b75d8,1,77.66,59.99,17.67,77.66,,0.0,1.0,1.0,1.0,576.4305758855379,0.22753026010816382,PR,medianeira,low_volume,low_volume,low_volume__low_volume
866558b3bccef2dbc6d29a2b5995016f,5,1870.75,1519.3999999999999,351.35,374.15,11.55061111111111,0.0,4.8,0.0,0.8,535.4601902143761,0.3181160921197282,PR,arapongas,low_volume,low_volume,low_volume__low_volume
86bb7c4b535e49a541baf3266b1c95b1,15,7867.88,7564.5,303.38,524.5253333333334,19.628056327160493,0.13333333333333333,3.2,0.4,0.8,699.6943868356135,0.04207961090037694,SP,franca,low_volume,low_volume,low_volume__low_volume
86bf77bdb52e615674772d5817c6212f,4,379.38,281.8,97.58,94.845,7.522086226851852,0.0,4.75,0.0,0.75,612.6494584687712,0.28535190811542915,RS,viamao,low_volume,low_volume,low_volume__low_volume
86ccac0b835037332a596a33b6949ee1,179,20526.41,16589.94,3936.47,114.6726815642458,12.079203481376858,0.0335195530726257,4.192737430167598,0.12849162011173185,0.9273743016759777,659.404686903644,0.24566150423983393,SC,blumenau,high_value,standard_risk,high_value__standard_risk
86ff3eaef0267069cc891a2ed9d10a17,7,550.36,409.75,140.61,78.62285714285714,8.963817791005292,0.0,4.714285714285714,0.0,0.8571428571428571,759.4712415859423,0.31938327932323624,SC,palhoca,low_volume,low_volume,low_volume__low_volume
870d0118f7a9d85960f29ad89d5d989a,45,4428.03,3157.2,1270.83,98.40066666666667,14.461575874485597,0.044444444444444446,4.044444444444444,0.08888888888888889,0.8444444444444444,,0.3054319102294282,MG,pocos de caldas,standard_value,standard_risk,standard_value__standard_risk
87142160b41353c4e5fca2360caf6f92,304,38262.24,31061.08,7201.16,125.86263157894736,10.9309926291423,0.05592105263157895,4.40625,0.0625,0.8289473684210527,970.1183012592345,0.2219105948986433,RS,porto alegre,high_value,standard_risk,high_value__standard_risk
8759e7aedd644f487315e5860962f162,3,793.3399999999999,627.0,166.34,264.44666666666666,32.80336033950617,0.3333333333333333,3.6666666666666665,0.3333333333333333,1.0,1055.823786171178,0.20923589810572718,SP,santo andre,low_volume,low_volume,low_volume__low_volume
876182d1918783bbe15233febfbd4926,3,155.0,120.27,34.730000000000004,51.666666666666664,9.279259259259259,0.0,4.0,0.0,0.3333333333333333,241.0607807548311,0.23760060089359988,SP,sao paulo,low_volume,low_volume,low_volume__low_volume
87b4428a334b8f676fd9a7f3bf544fb5,1,48.98,29.99,18.99,48.98,6.9279166666666665,0.0,5.0,0.0,0.0,384.7061819339073,0.38770926908942427,SP,guaimbe,low_volume,low_volume,low_volume__low_volume
87b740daf17b5d1be335a64164ec6842,13,16182.38,14699.87,1482.51,1244.7984615384614,18.169685395622896,0.07692307692307693,3.3076923076923075,0.3076923076923077,0.7692307692307693,477.7020404187732,0.09388467898783032,SP,suzano,low_volume,low_volume,low_volume__low_volume
87d30a6a0cbf89356e49324971ab1d24,17,2349.91,2134.13,215.78,138.23,11.212977260348582,0.058823529411764705,4.352941176470588,0.11764705882352941,0.47058823529411764,323.9707212619813,0.15170056115193328,SP,sao paulo,low_volume,low_volume,low_volume__low_volume
87d3c3aeb3ead335511b3ce315eb341e,14,892.9399999999999,702.3599999999999,190.58,63.78142857142857,6.148508597883597,0.07142857142857142,3.5,0.21428571428571427,0.42857142857142855,384.70684667258354,0.2639105095010324,SP,sao paulo,low_volume,low_volume,low_volume__low_volume
87d73636a3acf123e842bb890a4db036,1,313.60999999999996,269.9,43.71,313.60999999999996,13.000717592592592,0.0,5.0,0.0,0.0,492.81115371741276,0.1393769331335098,SP,nhandeara,low_volume,low_volume,low_volume__low_volume
87e24fc7052259b1f7f607d61c10d8be,8,7709.860000000001,7473.49,236.37,963.7325000000001,15.341284722222223,0.125,3.5,0.25,0.625,1077.216031957425,0.03836991440409298,SP,sao paulo,low_volume,low_volume,low_volume__low_volume
87f3e35268860433e13d577825aada95,2,169.06,141.8,27.259999999999998,84.53,,0.0,1.0,1.0,0.5,196.03880345908078,0.21044986595361193,SP,bom jesus dos perdoes,low_volume,low_volume,low_volume__low_volume
880ce4951cf857ab1d9e0b75c1d856f4,1,197.72,178.9,18.82,197.72,15.04616898148148,0.0,5.0,0.0,1.0,908.6771694969733,0.095185110256929,MG,belo horizont,low_volume,low_volume,low_volume__low_volume
880eda903e719a5f179f7e9fceb3a69d,1,291.72,249.0,42.72,291.72,,0.0,1.0,1.0,1.0,569.4367149532634,0.146441793500617,SP,ipua,low_volume,low_volume,low_volume__low_volume
883dd81e82754ac2c65e9790a7db8c9a,5,394.46000000000004,319.5,74.96000000000001,78.89200000000001,7.172194444444445,0.0,4.4,0.2,0.8,462.2431602308552,0.19292018426723184,PR,curitiba,low_volume,low_volume,low_volume__low_volume
88460e8ebdecbfecb5f9601833981930,247,36449.88,31470.300000000003,4979.58,147.5703643724696,17.73289011715797,0.1902834008097166,3.423076923076923,0.3157894736842105,0.9190283400809717,670.7928845027441,0.15048185536094077,PR,maringa,high_value,high_risk,high_value__high_risk
888faa8bfb0b159c37de6d898b961c31,19,2945.0,2418.2999999999997,526.7,155.0,8.450792519493177,0.0,4.2105263157894735,0.10526315789473684,1.0,737.8009565177276,0.2132808151537215,SC,braco do norte,low_volume,low_volume,low_volume__low_volume
889009a0ed0bb52c87819941192931b8,1,122.98,89.9,33.08,122.98,12.207511574074074,0.0,4.0,0.0,1.0,2330.2483535646425,0.26898682712636196,SP,lencois paulista,low_volume,low_volume,low_volume__low_volume
88ae906ea2acf6971f26c3e8b7cb4357,3,288.01,246.0,42.01,96.00333333333333,15.088244598765433,0.3333333333333333,3.3333333333333335,0.0,0.6666666666666666,632.7250365630963,0.14360312618906657,SP,sao paulo,low_volume,low_volume,low_volume__low_volume
88af55b4a7ca402b27df16f7c7c9b5d2,1,141.52,130.0,11.52,141.52,,0.0,1.0,1.0,0.0,69.64291649739701,0.08140192198982475,SP,taboao da serra,low_volume,low_volume,low_volume__low_volume
88cd3681e0a2ba85e190f7d817629c4c,1,199.36,180.0,19.36,199.36,7.015775462962963,0.0,4.0,0.0,1.0,571.1434014159754,0.09711075441412519,SC,brusque,low_volume,low_volume,low_volume__low_volume
88cf19ec1fc2c58f161aee259d57142c,14,1607.68,1372.97,234.71,114.83428571428571,6.444143518518518,0.0,4.5,0.0,0.42857142857142855,348.82093166186087,0.18996504366549544,SP,sao carlos,low_volume,low_volume,low_volume__low_volume
88ef59b51bdaa941d10a853429f2b6ce,2,294.7,252.9,41.8,147.35,6.199189814814815,0.0,2.0,0.5,1.0,534.6922936862787,0.26321171597828835,PR,guaratuba,low_volume,low_volume,low_volume__low_volume
891071be6ba827b591264c90c2ae8a63,92,5454.35,4177.28,1277.07,59.28641304347826,13.706738970588235,0.16304347826086957,3.7717391304347827,0.25,0.5543478260869565,528.8386107176486,0.29437963660695976,SP,sao paulo,standard_value,high_risk,standard_value__high_risk
8931a84a914b3fe9b1ddaa4d704947ca,28,5005.22,4598.4,406.82,178.75785714285715,11.857352843915345,0.07142857142857142,4.071428571428571,0.17857142857142858,0.6071428571428571,384.2322535849269,0.10895246494222287,SP,sao paulo,low_volume,low_volume,low_volume__low_volume
8936ba0de1073ee888cb3185ae5dc661,1,412.21,389.99,22.22,412.21,13.190671296296296,0.0,5.0,0.0,1.0,308.5119428400144,0.053904563208073554,SP,sao paulo,low_volume,low_volume,low_volume__low_volume
897060da8b9a21f655304d50fd935913,314,29742.63,22938.32,6804.3099999999995,94.7217515923567,14.508044481358436,0.10509554140127389,3.625796178343949,0.2611464968152866,0.5764331210191083,545.660536776442,0.286378586729373,SP,ribeirao preto,high_value,high_risk,high_value__high_risk
89757206b887aed36f3e18d858460fea,2,176.14,120.5,55.64,88.07,9.605752314814815,0.0,5.0,0.0,1.0,1335.6290365943885,0.31631102611922635,SP,sao paulo,low_volume,low_volume,low_volume__low_volume
89a51f50b8095ea78d5768f34c13a76f,10,854.26,677.16,177.1,85.426,7.424040509259259,0.0,4.7,0.0,0.9,581.5258471672769,0.29102613058823984,DF,brasilia,low_volume,low_volume,low_volume__low_volume
89ad3263c0931c47f976d7c5778e60f6,6,699.74,568.2,131.54,116.62333333333333,6.547744984567902,0.0,4.166666666666667,0.16666666666666666,0.6666666666666666,550.3027739250009,0.23178151032134595,SP,sao paulo,low_volume,low_volume,low_volume__low_volume
89bc797e2e29667aa035d4368f9b7f92,17,659.45,407.29999999999995,252.15,38.79117647058824,15.388719618055555,0.17647058823529413,3.7058823529411766,0.23529411764705882,0.47058823529411764,287.2047995201226,0.40582293565626804,SP,sao paulo,low_volume,low_volume,low_volume__low_volume
89c127985a8b130cfa45c1d36764017a,6,1424.2400000000002,1324.67,99.57,237.37333333333336,9.507414351851853,0.0,3.0,0.5,0.3333333333333333,537.76296079971,0.10053511681113382,SP,osasco,low_volume,low_volume,low_volume__low_volume
89d9a386b0b6e5fc8403071b03f7206a,2,235.25,167.0,68.25,117.625,13.494710648148148,0.0,4.0,0.0,0.5,413.85816126264376,0.279360279150916,SP,sao paulo,low_volume,low_volume,low_volume__low_volume
89dda63a3c907c468ec88c310ed91213,2,777.13,734.99,42.14,388.565,25.440254629629628,0.0,3.0,0.5,0.5,1530.478950776173,0.17125958494296642,SP,maua/sao paulo,low_volume,low_volume,low_volume__low_volume
89de2d6f23e9746ff309705b23581faa,7,437.87,300.0,137.87,62.55285714285714,9.603895502645502,0.0,2.7142857142857144,0.5714285714285714,1.0,675.6766400359393,0.31327249075614605,PR,londrina,low_volume,low_volume,low_volume__low_volume
89f69225956f951295ca4c7fb1266553,11,1318.71,1041.3,277.41,119.88272727272728,9.72122159090909,0.09090909090909091,4.2727272727272725,0.09090909090909091,0.9090909090909091,616.6812115132989,0.23757202386825685,RJ,vassouras,low_volume,low_volume,low_volume__low_volume
8a130737016f838139d31878787a39c9,56,5064.32,4222.03,842.29,90.4342857142857,10.189485160383597,0.07142857142857142,4.446428571428571,0.05357142857142857,0.44642857142857145,367.0978399080509,0.17054927263732944,SP,sao paulo,standard_value,standard_risk,standard_value__standard_risk
8a1ff5c35f6595a73fef4c7b96e4908a,2,1882.8,1598.0,284.79999999999995,941.4,10.34066550925926,0.0,5.0,0.0,1.0,587.3989172955339,0.15101822206962057,PR,sao  jose dos pinhais,low_volume,low_volume,low_volume__low_volume
8a207b6080964f3c1fc9d35bd6096ba4,2,730.0400000000001,553.7,176.34,365.02000000000004,22.713935185185186,0.5,5.0,0.0,0.5,785.9720024916085,0.2160047984440071,SP,jaci,low_volume,low_volume,low_volume__low_volume
8a2d12a90e92f012ce5226fc6592b653,17,1900.1399999999999,1574.75,325.39,111.77294117647058,9.646005582788671,0.0,4.588235294117647,0.058823529411764705,1.0,628.5067058725086,0.24885333289153433,PR,curitiba,low_volume,low_volume,low_volume__low_volume
8a32e327fe2c1b3511609d81aaf9f042,131,8716.5,6369.03,2347.47,66.5381679389313,8.899370648148148,0.030534351145038167,3.83206106870229,0.19083969465648856,0.48854961832061067,362.88957380636623,0.27380097769507067,SP,sao paulo,standard_value,high_risk,standard_value__high_risk
8a40ae794fa3f9892cee24bd5af0488b,6,946.26,739.85,206.41,157.71,27.80233024691358,0.3333333333333333,3.1666666666666665,0.3333333333333333,1.0,2253.0231418779977,0.3231062513089035,PR,curitiba,low_volume,low_volume,low_volume__low_volume
8a43128d7f9a3db592b866e6861a6cce,3,1058.4899999999998,990.5999999999999,67.89,352.8299999999999,6.244818672839506,0.0,2.3333333333333335,0.6666666666666666,0.6666666666666666,295.00874543484883,0.1301603940551255,SP,sao paulo,low_volume,low_volume,low_volume__low_volume
8a432f4e5b471f8da497d7dc517666e2,94,9365.91,7445.0,1920.91,99.63734042553192,7.6633552501970055,0.0425531914893617,4.191489361702128,0.1276595744680851,0.44680851063829785,655.2705816752683,0.21295874327224187,SP,presidente prudente,standard_value,standard_risk,standard_value__standard_risk
8a87611c08849ffeeccab52aa798b6c7,13,2855.12,2369.8,485.32,219.62461538461537,8.858441358024692,0.0,2.769230769230769,0.5384615384615384,1.0,685.4433156606439,0.16224759875498188,PR,curitiba,low_volume,low_volume,low_volume__low_volume
8a8835a43bda99fd37310ad76c457510,2,258.54,224.34,34.2,129.27,7.462633101851852,0.0,4.5,0.0,0.5,370.689410737351,0.1319118366574605,SP,sao caetano do sul,low_volume,low_volume,low_volume__low_volume
8a9260f2b0340411d6d2a56bcf4f7378,8,1396.94,1256.0,140.94,174.6175,10.00283130787037,0.125,4.75,0.0,0.75,528.0895813497604,0.2021522274352735,MG,contagem,low_volume,low_volume,low_volume__low_volume
8ab42aa58097fd4668d60cc648225d5f,20,3210.39,2616.75,593.64,160.5195,10.358764467592593,0.0,4.2,0.05,0.95,752.224302782609,0.24642874605350854,GO,goiania,low_volume,low_volume,low_volume__low_volume
8ae520247981aa06bc94abddf5f46d34,65,17766.34,16320.99,1445.35,273.3283076923077,10.97949643874644,0.015384615384615385,4.446153846153846,0.09230769230769231,0.9230769230769231,667.7342045960104,0.12100162336690196,SC,navegantes,standard_value,standard_risk,standard_value__standard_risk
8b11118053756a9a2932f447e11fc1b5,1,91.16,79.99,11.17,91.16,11.909560185185184,0.0,3.0,0.0,0.0,254.1922745123792,0.1225318121983326,SP,igaracu do tiete,low_volume,low_volume,low_volume__low_volume
8b181ee5518df84f18f4e1a43fe07923,1,54.98,27.9,27.08,54.98,14.560891203703704,0.0,5.0,0.0,1.0,1230.0400837398638,0.4925427428155693,SP,goioere,low_volume,low_volume,low_volume__low_volume
8b2492b7ff4468839593fafeed55bad9,29,4336.26,3660.08,676.18,149.52620689655174,12.439672733077906,0.06896551724137931,4.172413793103448,0.13793103448275862,0.6551724137931034,421.8275802957293,0.21756225651709196,RJ,sao goncalo,low_volume,low_volume,low_volume__low_volume
8b28d096634035667e8263d57ba3368c,141,11797.84,9242.0,2555.84,83.67262411347518,14.057747702081643,0.10638297872340426,3.971631205673759,0.15602836879432624,0.5531914893617021,516.3339491730242,0.2659907967806542,SP,sao jose dos campos,standard_value,standard_risk,standard_value__standard_risk
8b2d4ab22f42c5cfc338b846decfda60,6,643.3199999999999,458.0,185.32,107.21999999999998,15.661452546296298,0.0,4.833333333333333,0.0,0.6666666666666666,782.2139766201508,0.30288025294206955,PR,fazenda rio grande,low_volume,low_volume,low_volume__low_volume
8b321bb669392f5163d04c59e235e066,939,31555.239999999998,17448.2,14107.039999999999,33.60515441959531,12.689154617630589,0.1033013844515442,4.07454739084132,0.1501597444089457,0.5889243876464324,571.2268599718178,0.45382007369856797,SP,sao paulo,high_value,standard_risk,high_value__standard_risk
8b655f0855926bcb49f5835d38dfddf6,5,1162.81,1089.5,73.31,232.56199999999998,5.609800925925925,0.2,4.8,0.0,0.2,188.18269117643416,0.062045072014100554,SP,osasco,low_volume,low_volume,low_volume__low_volume
8b87cd0d43d49b9bdf40f56229364d59,5,1853.9,1552.9,301.0,370.78000000000003,15.342019675925926,0.0,2.6,0.6,0.8,594.5376035702137,0.17036885390498563,SP,sao paulo,low_volume,low_volume,low_volume__low_volume
8b8cfc8305aa441e4239358c9f6f2485,15,13110.7,11892.0,1218.7,874.0466666666667,12.536666666666667,0.13333333333333333,4.2,0.13333333333333333,1.0,627.1568902609288,0.10512874695173183,PR,londrina,low_volume,low_volume,low_volume__low_volume
8b9d6eec4a7eb7d0f9d579ce0b38324d,49,5916.98,4232.54,1684.44,120.754693877551,10.403158275462962,0.16326530612244897,4.0,0.1836734693877551,0.6122448979591837,504.28871397197065,0.2718609181531758,RJ,mesquita,standard_value,high_risk,standard_value__high_risk
8bb48dc19fccaa8613b6229bf7f452a2,82,6048.12,4190.72,1857.4,73.75756097560975,11.476086833785004,0.024390243902439025,4.414634146341464,0.08536585365853659,0.573170731707317,666.3639558392482,0.35780609105381567,SP,assis,standard_value,standard_risk,standard_value__standard_risk
8bd0e3abda539b9479c4b44a691be1ec,7,845.34,596.55,248.79000000000002,120.76285714285714,23.688628472222224,0.2857142857142857,2.2857142857142856,0.5714285714285714,0.7142857142857143,841.4298973391616,0.3180561346111003,RS,tres de maio,low_volume,low_volume,low_volume__low_volume
8bd0f31cf0a614c658f6763bd02dea69,32,5329.54,4373.34,956.2,166.548125,10.092323857060185,0.03125,4.28125,0.09375,0.5,458.2778187218434,0.2125843125752548,SP,sao paulo,standard_value,standard_risk,standard_value__standard_risk
8bdd8e3fd58bafa48af76b2c5fd71974,11,2515.55,2324.82,190.73,228.68636363636367,10.378738425925926,0.09090909090909091,4.545454545454546,0.09090909090909091,0.45454545454545453,541.302321537985,0.0795795169883111,SP,sao paulo,low_volume,low_volume,low_volume__low_volume
8c0de775f52fe41590b376a3b7c50f68,9,808.03,672.7,135.32999999999998,89.7811111111111,6.2137239583333335,0.0,3.888888888888889,0.1111111111111111,0.4444444444444444,598.886181752265,0.1673842932876621,SP,sumare,low_volume,low_volume,low_volume__low_volume
8c16d1f32a54d92897cc437244442e1b,107,7334.79,5244.6,2090.19,68.54943925233646,11.028231221876082,0.009345794392523364,4.355140186915888,0.07476635514018691,0.9065420560747663,642.6701966564551,0.29186483035313876,SC,blumenau,standard_value,standard_risk,standard_value__standard_risk
8c351ed7c326c62123318f4f3246e906,2,150.66,114.9,35.76,75.33,10.105011574074075,0.0,5.0,0.0,1.0,313.0576447274067,0.2368104428804219,SP,praia grande,low_volume,low_volume,low_volume__low_volume
8c3b533c63cca56240f94f1e3a6b18ef,4,3152.89,2412.3599999999997,740.53,788.2225,41.16396412037037,0.25,1.5,0.75,0.75,494.9537301916854,0.2106337166566394,MG,belo horizonte,low_volume,low_volume,low_volume__low_volume
8c5e007d7bd5693fa1386ffefbc99f6c,9,1407.4099999999999,1029.11,378.3,156.37888888888887,10.242138631687242,0.0,4.333333333333333,0.1111111111111111,0.6666666666666666,859.7276736975526,0.2396784053407924,SP,indaiatuba,low_volume,low_volume,low_volume__low_volume
8c91bfea4263b8fba54081460693e2a1,1,609.24,590.0,19.24,609.24,7.706435185185185,0.0,5.0,0.0,0.0,381.95100368943696,0.03158032959096579,RS,horizontina,low_volume,low_volume,low_volume__low_volume
8c9348f33ae3dada25c99c99ade2af78,2,364.93,312.99,51.94,182.465,10.170584490740742,0.0,5.0,0.0,1.0,1017.4125684227809,0.16512836812378237,SP,carapicuiba,low_volume,low_volume,low_volume__low_volume
8ca1551acf9832a4cf467bbbac15851f,11,2442.94,2176.4,266.54,222.08545454545455,13.264915824915825,0.09090909090909091,3.909090909090909,0.18181818181818182,1.0,756.2943803239516,0.11118701544626058,PR,campo largo,low_volume,low_volume,low_volume__low_volume
8ca5b19e0263150d2c57afdde2b3d011,3,224.68,180.60000000000002,44.08,74.89333333333333,4.8608217592592595,0.0,4.666666666666667,0.0,0.3333333333333333,130.918056572243,0.26125288481523595,SP,maua,low_volume,low_volume,low_volume__low_volume
8cb7c5ddf41f4d506eba76e9a4702a25,2,182.37,138.0,44.37,91.185,16.01363425925926,0.0,3.0,0.5,1.0,479.7113998639664,0.23919523777439514,GO,anapolis,low_volume,low_volume,low_volume__low_volume
8cbac7e12637ed9cffa18c7875207478,67,4654.35,2990.98,1663.37,69.4679104477612,13.94055345117845,0.05970149253731343,4.119402985074627,0.11940298507462686,0.9253731343283582,625.2452975626862,0.3918094790010836,SC,jaragua do sul,standard_value,standard_risk,standard_value__standard_risk
8cc6a0e5738e61a87b03c78b2ba9db4b,24,13838.22,13312.4,525.82,576.5925,16.772033514492755,0.08333333333333333,4.333333333333333,0.08333333333333333,0.9166666666666666,627.542179770738,0.09692882640587575,MG,andradas,low_volume,low_volume,low_volume__low_volume
8ccf3cf69651cc1d8a02c8bfaf3b8568,2,288.63,250.0,38.629999999999995,144.315,25.706637731481482,0.5,3.5,0.0,1.0,1519.969748005593,0.13367195127156584,SP,rio claro,low_volume,low_volume,low_volume__low_volume
8cf21434553b02cbd37c0bbd07e041b0,2,162.13,94.98,67.15,81.065,11.212523148148149,0.0,2.5,0.5,1.0,757.0728906281579,0.4056046858466358,SC,sao jose,low_volume,low_volume,low_volume__low_volume
8d46553a36e68f95350a200c12f8f2e2,13,969.5999999999999,746.6,223.0,74.58461538461538,17.568221450617287,0.0,3.230769230769231,0.3076923076923077,0.46153846153846156,486.0386965542557,0.3867562889095515,SP,campinas,low_volume,low_volume,low_volume__low_volume
8d79c8a04e42d722a75097ce5cbcf2ef,27,3535.16,2777.7200000000003,757.4399999999999,130.93185185185186,19.172177706552706,0.14814814814814814,4.444444444444445,0.1111111111111111,0.8888888888888888,1543.508376482896,0.29433016764576336,CE,caucaia,low_volume,low_volume,low_volume__low_volume
8d899e15a5925f097cca50faa49b15e3,4,795.98,645.0,150.98000000000002,198.995,6.067864583333334,0.25,3.75,0.25,0.25,350.3811114113276,0.19705163630841924,SP,sao roque,low_volume,low_volume,low_volume__low_volume
8d92f3ea807b89465643c219455e7369,3,252.77,121.2,131.57,84.25666666666667,45.54934027777778,0.6666666666666666,1.0,1.0,0.6666666666666666,1100.065908457737,0.5566016128136985,SP,sao paulo,low_volume,low_volume,low_volume__low_volume
8d956fec2e4337affcb520f56fd8cbfd,211,14343.14,11015.19,3327.95,67.97696682464455,9.265147211199295,0.10426540284360189,4.199052132701421,0.0995260663507109,0.5308056872037915,576.1597022301268,0.2439413051593509,SP,sao bernardo do campo,standard_value,standard_risk,standard_value__standard_risk
8daab2245ebdc277c51098d01c5ad8ef,16,1888.64,1604.59,284.05,118.04,10.034896556712964,0.0625,4.625,0.0,0.75,558.9961636550454,0.16044269258392957,SP,sao paulo,low_volume,low_volume,low_volume__low_volume
8dd386be0767c330276ea6a3f96532d3,1,134.48000000000002,89.98,44.5,134.48000000000002,10.29300925925926,0.0,5.0,0.0,1.0,1395.9404740712885,0.33090422367638306,SC,paulo lopes,low_volume,low_volume,low_volume__low_volume
8de8fe3af4449ed695d2434c933ed73e,1,2155.35,2090.0,65.35,2155.35,10.056851851851851,0.0,5.0,0.0,1.0,2148.711039598317,0.030319901640104854,SP,sao paulo,low_volume,low_volume,low_volume__low_volume
8def3db7f272735afb2ecd03aeca09a7,2,229.64,196.0,33.64,114.82,2.659195601851852,0.0,5.0,0.0,0.5,436.92908752292067,0.1462388346244616,RJ,rio de janeiro,low_volume,low_volume,low_volume__low_volume
8dfbc5ff27df12f6cef751d3b9554222,4,316.12,226.0,90.12,79.03,10.066796875000001,0.0,4.5,0.0,1.0,571.1718044700128,0.41143569395855817,PR,curitiba,low_volume,low_volume,low_volume__low_volume
8e29d051f810eb22959ede205b462b9f,2,813.28,599.8,213.48000000000002,406.64,31.752569444444443,0.5,4.0,0.0,0.5,698.4890017079351,0.25544587600781427,SP,mirassol,low_volume,low_volume,low_volume__low_volume
8e2b3afb420011ef0c88c9d5f11ea526,11,1532.43,1384.5,147.93,139.31181818181818,10.559795875420875,0.09090909090909091,4.2727272727272725,0.09090909090909091,0.36363636363636365,239.80522437522407,0.10776263991904965,SP,campinas,low_volume,low_volume,low_volume__low_volume
8e34331b7eedd03be4e5d965c1956225,5,210.44,145.0,65.44,42.088,13.948203703703703,0.2,4.8,0.0,0.4,582.485128020574,0.30880516075569553,SP,sao paulo,low_volume,low_volume,low_volume__low_volume
8e4f041ff58e7845456d3482524014b3,2,182.39000000000001,133.8,48.59,91.19500000000001,24.080474537037034,0.5,3.0,0.5,1.0,2015.9092509832606,0.25908630498728386,RS,porto alegre,low_volume,low_volume,low_volume__low_volume
8e670472e453ba34a379331513d6aab1,1,1083.96,975.0,108.96,1083.96,86.00116898148148,1.0,1.0,1.0,1.0,1823.4177098431255,0.10052031440274548,MG,juiz de fora,low_volume,low_volume,low_volume__low_volume
8e6cc767478edae941d9bd9eb778d77a,104,8867.58,6631.58,2236.0,85.2651923076923,16.4225603505291,0.0673076923076923,3.9326923076923075,0.19230769230769232,0.8365384615384616,702.2133278729117,0.3230559008404094,MG,araguari,standard_value,high_risk,standard_value__high_risk
8e6d7754bc7e0f22c96d255ebda59eba,85,16212.51,14497.27,1715.24,190.73541176470587,15.293111083553791,0.16470588235294117,3.570588235294118,0.27058823529411763,0.47058823529411764,398.33116443776254,0.11815602345320492,SP,sao jose dos campos,standard_value,high_risk,standard_value__high_risk
8e8a7ce9f2f970dc00e2acf6f6e199f6,64,10111.75,8956.0,1155.75,157.99609375,12.24611956202234,0.09375,4.015625,0.125,0.859375,652.5972996336286,0.11479088218585294,RJ,sao goncalo,standard_value,standard_risk,standard_value__standard_risk
8ea394aed8138685abe1eb9f25e1021d,2,1417.6,1340.0,77.6,708.8,11.29025462962963,0.0,4.0,0.0,0.5,438.6895617002679,0.05453881260611798,SP,sorocaba,low_volume,low_volume,low_volume__low_volume
8eb88b0acb3f90a717ad659221471fa7,2,160.67,119.8,40.87,80.335,12.252141203703705,0.0,4.5,0.0,1.0,817.7653921957028,0.25115585266835067,SC,cacador,low_volume,low_volume,low_volume__low_volume
8ec76bb0965af3f007692b26fa9d6623,1,2028.75,1999.0,29.75,2028.75,11.309363425925929,0.0,5.0,0.0,1.0,623.2816512860525,0.014664202094886013,SC,criciuma,low_volume,low_volume,low_volume__low_volume
8ed8ea9a57c862f2c18c2fe41f601d56,19,4562.97,3831.9,731.0699999999999,240.1563157894737,8.578249878167641,0.0,4.473684210526316,0.05263157894736842,0.9473684210526315,622.9254338745013,0.15948028556716193,SC,blumenau,low_volume,low_volume,low_volume__low_volume
8f0fbe2cd4d472157dc1cdef6edecaa9,2,94.75999999999999,71.88,22.88,47.379999999999995,7.662847222222224,0.0,3.0,0.5,0.5,336.62318948814004,0.2594646639252973,SP,sao paulo,low_volume,low_volume,low_volume__low_volume
8f119a0aee85c0c8fc534629734e94fd,77,4826.45,3733.68,1092.77,62.681168831168826,10.047791203703703,0.05194805194805195,4.246753246753247,0.09090909090909091,0.5194805194805194,394.71260376547593,0.2413902567233341,SP,barueri,standard_value,standard_risk,standard_value__standard_risk
8f2b51a30523cdecddc2f179f351c7d6,7,1176.23,1027.9,148.33,168.03285714285715,13.126109457671959,0.0,4.142857142857143,0.14285714285714285,0.5714285714285714,468.5439380276121,0.1900852938524256,SP,sao paulo,low_volume,low_volume,low_volume__low_volume
8f2ce03f928b567e3d56181ae20ae952,152,25429.92,21613.0,3816.92,167.30210526315787,14.302483641975307,0.14473684210526316,4.105263157894737,0.13157894736842105,0.625,642.8934454416218,0.15914250453703288,SP,pirituba,high_value,standard_risk,high_value__standard_risk
8f54d64f28a993550aa7943f12572959,15,3133.12,2755.5,377.62,208.87466666666666,14.054725308641975,0.06666666666666667,3.7333333333333334,0.26666666666666666,0.9333333333333333,769.148303605838,0.13336982632144903,MG,ipatinga,low_volume,low_volume,low_volume__low_volume
8f580d36c1e9d6fbce95283403c7d447,8,4993.400000000001,4813.25,180.15,624.1750000000001,12.273006365740741,0.125,4.375,0.125,0.375,360.418037311993,0.039502647282337815,SP,ribeirao preto,low_volume,low_volume,low_volume__low_volume
8f78f0903005064036736c7173a5c2ed,13,2745.95,2113.7000000000003,632.25,211.22692307692307,17.417435007122506,0.07692307692307693,3.769230769230769,0.23076923076923078,0.8461538461538461,442.6207674494304,0.2459327055718624,MG,tiradentes,low_volume,low_volume,low_volume__low_volume
8fb67a334bacec338885b4e9e1708073,1,98.42,59.9,38.52,98.42,8.214791666666667,0.0,5.0,0.0,1.0,729.793865868273,0.3913838650680756,PR,toledo,low_volume,low_volume,low_volume__low_volume
8fb791022c1fc8909664f48ab7dc636d,5,8483.35,8119.95,363.4,1696.67,5.729247685185185,0.0,4.2,0.2,0.6,400.6620327399399,0.04384082011530433,SP,sao paulo,low_volume,low_volume,low_volume__low_volume
8fbd63429be6d3e5e6d1a709b6464802,6,1240.97,1061.4,179.57,206.82833333333335,8.406583719135803,0.0,4.833333333333333,0.0,0.8333333333333334,504.10078524704255,0.1741856229078553,SP,santo andre,low_volume,low_volume,low_volume__low_volume
8fbe2ee446b97e128471be4ce983dc0d,3,188.5,148.5,40.0,62.833333333333336,8.099621913580247,0.3333333333333333,3.0,0.6666666666666666,0.3333333333333333,375.71466137206374,0.2403844844942051,SP,sorocaba,low_volume,low_volume,low_volume__low_volume
8fd3b4468f6425810648177996c14cbd,1,376.57,354.9,21.67,376.57,9.97412037037037,0.0,5.0,0.0,1.0,541.949141945451,0.057545741827548666,SP,sao jose do rio preto,low_volume,low_volume,low_volume__low_volume
8fdca8e349553f99bc738833a62c8802,21,1265.85,899.35,366.5,60.278571428571425,10.52190200617284,0.047619047619047616,4.190476190476191,0.09523809523809523,0.42857142857142855,504.51748474951273,0.3740257128651687,SP,sao paulo,low_volume,low_volume,low_volume__low_volume
8fe8786ee000001ab51d030dfd4a7bf1,5,2456.44,2255.0,201.44,491.288,15.866671296296294,0.0,4.6,0.0,0.8,957.282930410665,0.08069101154607505,SC,paulo lopes,low_volume,low_volume,low_volume__low_volume
8fec2e460530482132c436cfb5439925,3,548.61,468.46,80.15,182.87,21.85567901234568,0.3333333333333333,4.333333333333333,0.0,0.6666666666666666,438.0072117331294,0.15183277851371982,SP,laranjal paulista,low_volume,low_volume,low_volume__low_volume
8ff1a9df749e454105c55cda13e79143,11,1226.1,1030.9,195.2,111.46363636363635,12.65861111111111,0.0,3.727272727272727,0.2727272727272727,0.5454545454545454,562.6336253332777,0.18002023363913813,SP,marilia,low_volume,low_volume,low_volume__low_volume
8ff38bc3969e67c36c48343a07090f66,2,3859.56,3472.0,387.56,1929.78,16.915497685185183,0.0,2.5,0.5,1.0,853.0840094470309,0.10037588857810344,SP,sao paulo,low_volume,low_volume,low_volume__low_volume
8fff28c4263ddec387f28d237fb42773,4,421.68,339.4,82.28,105.42,5.756741898148148,0.0,3.0,0.5,0.5,430.9351087601821,0.3011977424946566,SP,sao paulo,low_volume,low_volume,low_volume__low_volume
900ba814c251a692506d7834c1218441,85,30242.08,27951.37,2290.71,355.78917647058825,12.330487764550263,0.12941176470588237,4.188235294117647,0.09411764705882353,0.5058823529411764,453.90234693084324,0.08013106988617694,SP,salto,high_value,standard_risk,high_value__standard_risk
901b460cdce0c64e471230d7f2f9f3a3,5,2012.56,1904.0,108.56,402.512,15.51374537037037,0.0,4.4,0.2,1.0,1160.1351652785793,0.05547974094004724,RS,porto alegre,low_volume,low_volume,low_volume__low_volume
902c99f1ac505c0d18778b61bcd636f7,4,258.12,157.96,100.16,64.53,4.851431327160494,0.0,4.0,0.25,0.25,267.55418067182325,0.34375331326871555,SP,mogi guacu,low_volume,low_volume,low_volume__low_volume
903037660cf848a717166eb7a06d616e,45,9083.28,7991.51,1091.77,201.85066666666668,11.836257628367003,0.13333333333333333,3.888888888888889,0.2,0.4444444444444444,481.97308602000135,0.18794724514981986,SP,sao paulo,standard_value,high_risk,standard_value__high_risk
90b36c5aeb728d5504a39f435bef0c5f,5,340.23,207.86,132.37,68.046,11.74271412037037,0.0,4.2,0.2,0.6,538.7716343625978,0.3914337019491888,SP,conchal,low_volume,low_volume,low_volume__low_volume
90b57083da5d803237da74daec6dcb2b,2,241.21,206.9,34.31,120.605,7.904450231481482,0.0,5.0,0.0,1.0,467.4191763243227,0.2914876339698479,PR,curitiba,low_volume,low_volume,low_volume__low_volume
90d4125885ab6c86e8820a722be71974,3,1342.9500000000003,1299.5500000000002,43.4,447.6500000000001,,0.0,1.0,1.0,0.0,55.79957693176004,0.032316914255929106,SP,taboao da serra,low_volume,low_volume,low_volume__low_volume
910a922b426b7ff95eaee129ad6c0e1f,2,150.95999999999998,119.8,31.16,75.47999999999999,14.63134837962963,0.0,5.0,0.0,0.5,512.0481897040235,0.2053804049047494,SP,sao jose do rio preto,low_volume,low_volume,low_volume__low_volume
913fd0ebba70bb919f7254a02239173c,1,179.12,159.9,19.22,179.12,13.430914351851852,0.0,1.0,1.0,1.0,476.597949962745,0.10730236712818221,SC,blumenau,low_volume,low_volume,low_volume__low_volume
9140bd1d9de28b197dce077bdd687438,6,1442.9299999999998,1258.87,184.06,240.48833333333332,6.242758487654321,0.0,4.166666666666667,0.0,0.3333333333333333,216.72055699747548,0.19234528328487102,SP,amparo,low_volume,low_volume,low_volume__low_volume
9140ef75cc8211c4035935e80e567204,1,72.18,49.9,22.28,72.18,12.179131944444444,0.0,5.0,0.0,1.0,1489.4154447024034,0.30867276253809917,PR,maringa,low_volume,low_volume,low_volume__low_volume
91543f9849d68d023e17194926598543,4,1100.5700000000002,834.0,266.57,275.14250000000004,12.869427083333333,0.0,4.5,0.0,1.0,1755.2371749922313,0.21469869279980575,SC,blumenau,low_volume,low_volume,low_volume__low_volume
916748bc99315c2d202898ae58b1617e,25,746.51,369.40000000000003,377.11,29.8604,10.472281944444443,0.0,4.28,0.08,0.36,348.7345757001805,0.528443724555567,SP,sorocaba,low_volume,low_volume,low_volume__low_volume
916c9de0b5ad957346eeeb12f332687e,23,5973.78,5480.25,493.53,259.72956521739127,8.834843750000001,0.0,4.565217391304348,0.043478260869565216,0.9565217391304348,597.2755801823812,0.08711717857917826,PR,curitiba,low_volume,low_volume,low_volume__low_volume
918717417d88a9f9ae9735567e6c7682,4,389.22,345.70000000000005,43.52,97.305,8.146559606481482,0.0,5.0,0.0,0.25,261.3833371310936,0.18052931070652467,SP,sao paulo,low_volume,low_volume,low_volume__low_volume
918f6fbcf3ab724d805867303e593a1b,2,112.58,79.69999999999999,32.88,56.29,4.872783564814815,0.0,4.0,0.0,0.0,70.31554147820079,0.28693300399470506,SP,valinhos,low_volume,low_volume,low_volume__low_volume
9198786624eaeb375793215cad26cfa6,9,1118.3700000000001,908.3000000000001,210.07,124.26333333333335,12.971222511574075,0.0,3.7777777777777777,0.3333333333333333,0.7777777777777778,424.46384655241155,0.19269543161094177,SC,rodeio,low_volume,low_volume,low_volume__low_volume
91f0eec23d4a61d7d7caeefa3f0ad1ca,11,2545.26,2190.8,354.46,231.38727272727274,26.144559132996633,0.2727272727272727,3.5454545454545454,0.2727272727272727,1.0,1050.752060817987,0.13602541934196516,SC,tubarao,low_volume,low_volume,low_volume__low_volume
91f5779a8731baca4809fdeade81803f,6,2117.09,1971.46,145.63,352.84833333333336,16.374195601851852,0.0,3.8333333333333335,0.16666666666666666,1.0,574.5610907478508,0.1726855364117085,RJ,barra mansa,low_volume,low_volume,low_volume__low_volume
91f848e9f4be368f4318775aac733370,61,6906.74,5712.62,1194.12,113.22524590163934,9.991896152618136,0.03278688524590164,4.278688524590164,0.08196721311475409,0.47540983606557374,406.47081491265635,0.17711616883119785,SP,sao paulo,standard_value,standard_risk,standard_value__standard_risk
9200e6ce317b67196b6b0bad4d4bd567,1,51.42,36.9,14.52,51.42,16.296388888888888,0.0,3.0,0.0,1.0,385.8649459218525,0.2823803967327888,RJ,rio de janeiro,low_volume,low_volume,low_volume__low_volume
921323538c9f1c4e816f2720eac02bea,15,1642.2,1401.84,240.36,109.48,8.533717592592591,0.2,3.933333333333333,0.13333333333333333,0.5333333333333333,567.7628551578507,0.19036727736542872,SP,sao paulo,low_volume,low_volume,low_volume__low_volume
9261d76c62caaf0b24677c2ceb7f8f20,6,1216.24,968.7,247.54000000000002,202.70666666666668,7.901643518518519,0.0,3.8333333333333335,0.0,1.0,695.2306355903441,0.18150432502405334,SC,palhoca,low_volume,low_volume,low_volume__low_volume
92992bec39dde5766f590d3b1f46d465,1,121.67,109.0,12.67,121.67,,0.0,1.0,1.0,0.0,14.788745523562628,0.10413413331141612,SP,sao paulo,low_volume,low_volume,low_volume__low_volume
929f342384a6607afe143d789ade1316,4,272.76,209.4,63.36,68.19,4.4983478009259255,0.0,5.0,0.0,0.75,412.1814403506129,0.2591902554561252,PR,londrina,low_volume,low_volume,low_volume__low_volume
92c8bc6e8f925792247656fed09aad65,3,299.57000000000005,259.7,39.870000000000005,99.85666666666668,13.436047453703704,0.3333333333333333,2.3333333333333335,0.6666666666666666,0.3333333333333333,498.10824863340457,0.14910572311110507,SP,sao paulo,low_volume,low_volume,low_volume__low_volume
92d14edfb62ee5ae7fdff70b0f4e7233,8,487.65,322.0,165.65,60.95625,8.299565972222222,0.0,3.375,0.25,0.375,295.31676809832936,0.33632680617074784,SP,sao bernardo do campo,low_volume,low_volume,low_volume__low_volume
92eb0f42c21942b6552362b9b114707d,338,11400.5,6487.8099999999995,4912.69,33.7292899408284,13.749046324185631,0.07988165680473373,3.9911242603550297,0.15088757396449703,0.5739644970414202,593.5975337973966,0.44573479719022857,SP,sao paulo,standard_value,standard_risk,standard_value__standard_risk
9315e491484b1b0081ca166fc164108d,1,60.4,29.99,30.41,60.4,7.280138888888889,0.0,3.0,0.0,1.0,724.0483940004024,0.503476821192053,PR,londrina,low_volume,low_volume,low_volume__low_volume
933446e9a59dece7ae9175103820ca8f,2,438.84999999999997,381.39,57.459999999999994,219.42499999999998,24.027141203703703,0.0,3.0,0.5,1.0,1023.3638176992264,0.1779792648152187,PR,curitiba,low_volume,low_volume,low_volume__low_volume
934ed5cd1b9c1c7382d0a94a94b9e639,1,152.47,125.85,26.62,152.47,13.12738425925926,0.0,5.0,0.0,1.0,2068.5091591645387,0.17459172296189415,PR,curitiba,low_volume,low_volume,low_volume__low_volume
939e6227d6964a11a70aa91243e418f2,4,488.25,425.0,63.25,122.0625,5.3417332175925925,0.0,4.25,0.0,0.0,201.64704519086428,0.12974366657641734,MG,conselheiro lafaiete,low_volume,low_volume,low_volume__low_volume
939f6e231201f26803cb5c3a3d2940b3,3,225.62,130.6,95.02000000000001,75.20666666666666,10.861435185185185,0.0,4.666666666666667,0.0,0.6666666666666666,614.4943359267007,0.41127899056410994,SP,bauru,low_volume,low_volume,low_volume__low_volume
93b9a99027bd8bd6af682aff18dd19bf,19,2343.25,1887.0,456.25,123.32894736842105,11.954646990740741,0.0,4.052631578947368,0.05263157894736842,0.42105263157894735,447.1197831306564,0.20519664854982958,SP,mairipora,low_volume,low_volume,low_volume__low_volume
93bef6edaa84956e8e575016449b6351,1,129.56,115.0,14.56,129.56,9.925324074074076,0.0,5.0,0.0,1.0,341.7476098763423,0.11238036430997221,SP,sao paulo,low_volume,low_volume,low_volume__low_volume
93dc87703c046b603023e75222018b45,33,8913.41,8269.5,643.91,270.10333333333335,18.445188918757466,0.030303030303030304,3.9696969696969697,0.15151515151515152,0.696969696969697,540.7510925799892,0.08149974721811626,MG,belo horizonte,standard_value,standard_risk,standard_value__standard_risk
94144541854e298c2d976cb893b81343,67,18235.25,16826.38,1408.87,272.1679104477612,12.721677204256496,0.029850746268656716,4.253731343283582,0.11940298507462686,0.9253731343283582,928.4471106136414,0.2048782614623861,RS,viamao,standard_value,standard_risk,standard_value__standard_risk
941554c5757b73ba0e50aa7732310afc,3,166.35000000000002,107.69,58.66,55.45000000000001,8.114648919753085,0.0,4.666666666666667,0.0,1.0,449.30173633691703,0.3511139979282368,SP,sao paulo,low_volume,low_volume,low_volume__low_volume
94165aea8a35c3c21499cbcae239b16c,1,196.11,180.0,16.11,196.11,6.158113425925926,0.0,2.0,1.0,0.0,605.8576640380377,0.08214777420835245,MG,uberlandia,low_volume,low_volume,low_volume__low_volume
94231344608e603693b0a8891143f65d,3,824.1800000000001,722.0,102.17999999999999,274.7266666666667,12.531454475308642,0.0,4.0,0.0,1.0,1246.5482664649608,0.12112872858674195,SP,porto alegre,low_volume,low_volume,low_volume__low_volume
9449f25aeaf531019b76999ea49a6949,10,2225.84,2046.45,179.39,222.584,13.614467592592591,0.2,4.0,0.2,0.2,485.0232668784476,0.08155760591034031,RJ,rio de janeiro,low_volume,low_volume,low_volume__low_volume
9485a23c0430ba1d58d359391606fce6,5,1195.15,1129.9,65.25,239.03000000000003,13.413342013888888,0.2,3.2,0.2,0.4,285.245915511639,0.058857397156434524,SP,santo andre,low_volume,low_volume,low_volume__low_volume
94b9108d4b637ba65bb4f1e53cfcf8d8,7,334.09000000000003,234.95999999999998,99.13,47.72714285714286,17.020074404761903,0.14285714285714285,4.428571428571429,0.14285714285714285,0.42857142857142855,307.9385007210798,0.45060868184101077,SP,guarulhos,low_volume,low_volume,low_volume__low_volume
94c49f20a123aeb9360dbf80ff912bf6,3,339.29,277.75,61.540000000000006,113.09666666666668,14.152438271604938,0.0,3.6666666666666665,0.3333333333333333,1.0,620.2980650857875,0.20367792166850854,SP,sorocaba,low_volume,low_volume,low_volume__low_volume
94ca168e8bcb407ab85c5da308863027,5,311.65999999999997,224.3,87.36,62.331999999999994,12.487648148148148,0.0,5.0,0.0,0.6,963.4824842474169,0.27802388868102657,SP,clementina,low_volume,low_volume,low_volume__low_volume
94d76e96eedd976258cd3278ce56d5f2,1,454.17,385.61,68.56,454.17,7.032673611111111,0.0,5.0,0.0,0.0,312.8355059542338,0.1509566902261268,SP,sao roque,low_volume,low_volume,low_volume__low_volume
94e93ce877be27a515118dbfd2c2be41,29,6346.32,5496.67,849.65,218.83862068965516,13.555807291666667,0.0,3.9310344827586206,0.1724137931034483,0.6206896551724138,645.1289597050716,0.17431033692607856,SP,votuporanga,low_volume,low_volume,low_volume__low_volume
951e8cef368f09bb3f3d03c00ca4702c,61,5304.54,3958.32,1346.22,86.95967213114754,9.321123649691357,0.08196721311475409,4.081967213114754,0.14754098360655737,0.4098360655737705,426.4416001925202,0.2512717091949021,SP,ibitinga,standard_value,standard_risk,standard_value__standard_risk
9523fb39dd240aa958e040f8183d64f3,1,168.29000000000002,146.99,21.3,168.29000000000002,21.88304398148148,0.0,1.0,1.0,1.0,2370.554818271019,0.1265672351298354,SP,sao paulo,low_volume,low_volume,low_volume__low_volume
9535a841eecebed61a9fb1ac1cbb5597,2,818.33,784.9,33.43,409.165,9.502650462962963,0.0,3.0,0.5,0.5,63.63522584056454,0.052950410984146074,SP,sao paulo,low_volume,low_volume,low_volume__low_volume
9539213aa8e023c01937bef95dc006da,9,319.03999999999996,229.1,89.94,35.44888888888889,11.792710905349795,0.3333333333333333,4.555555555555555,0.0,0.2222222222222222,144.1933209338385,0.28430826603369685,SP,sao paulo,low_volume,low_volume,low_volume__low_volume
954e95f20808d7e5d11f0de292d078e0,3,277.96,158.78,119.17999999999999,92.65333333333332,9.138657407407408,0.0,4.666666666666667,0.0,0.3333333333333333,644.8056031263251,0.37434140993108006,MG,joao monlevade,low_volume,low_volume,low_volume__low_volume
9558aa23f77a9e0a0eca83540999f43b,2,155.58,125.7,29.88,77.79,20.871423611111112,0.0,3.0,0.5,1.0,526.5950569357934,0.2109000772428774,PR,apucarana,low_volume,low_volume,low_volume__low_volume
955fee9216a65b617aa5c0531780ce60,1277,159102.34,133878.81,25223.53,124.59071260767423,10.74803936293636,0.07517619420516837,4.157400156617071,0.11433046202036022,0.5019577133907596,493.18751138251406,0.19559185202038618,SP,sao paulo,high_value,standard_risk,high_value__standard_risk
9591fc341b1bfb7ef561e2968ec6e011,1,94.21,79.9,14.31,94.21,,0.0,1.0,1.0,1.0,342.41758365703146,0.15189470332236493,SP,sao paulo,low_volume,low_volume,low_volume__low_volume
9596c870880d900012f2e8e6e30d06d7,22,10615.33,8606.25,2009.08,482.515,13.834508928571427,0.045454545454545456,4.136363636363637,0.09090909090909091,0.9090909090909091,552.2827721355421,0.1916986670947373,MG,varginha,low_volume,low_volume,low_volume__low_volume
9599519be538b98748162a2b48248960,1,630.0600000000001,570.0,60.06,630.0600000000001,22.617453703703703,0.0,1.0,1.0,1.0,2467.2773285803855,0.09532425483287306,SP,sao paulo,low_volume,low_volume,low_volume__low_volume
95b293867b5862941c9cd74f756a3c68,9,746.22,648.1,98.12,82.91333333333334,21.46414480452675,0.4444444444444444,3.5555555555555554,0.3333333333333333,0.2222222222222222,191.97274388291868,0.14562049730782536,SP,sao paulo,low_volume,low_volume,low_volume__low_volume
95cca791657aabeff15a07eb152d7841,1,28.22,9.99,18.23,28.22,3.7175,0.0,5.0,0.0,1.0,815.5114497974408,0.6459957476966691,PR,palotina,low_volume,low_volume,low_volume__low_volume
95e03ca3d4146e4011985981aeb959b9,173,14110.5,10910.16,3200.34,81.5635838150289,12.425041870915033,0.028901734104046242,4.020231213872832,0.14450867052023122,0.838150289017341,607.3085029930736,0.24909550598537405,RJ,rio de janeiro,standard_value,standard_risk,standard_value__standard_risk
95ec4458365c4d11f452ccf538377619,26,2247.02,1819.43,427.59000000000003,86.42384615384616,6.221291844729345,0.0,4.615384615384615,0.038461538461538464,0.23076923076923078,307.0166004757642,0.22177230698836675,SP,limeira,low_volume,low_volume,low_volume__low_volume
95f83f51203c626648c875dd41874c7f,52,4826.51,3217.46,1609.05,92.81750000000001,11.724691898148148,0.057692307692307696,3.673076923076923,0.28846153846153844,0.6538461538461539,331.46277621309235,0.3279979758595445,MG,borda da mata,standard_value,high_risk,standard_value__high_risk
960945e1a9535cbc0cd6ddd35fbe7ae8,28,3861.53,3381.73,479.8,137.9117857142857,6.186472387566137,0.0,4.642857142857143,0.0,0.39285714285714285,226.50339132927837,0.14416292573920217,SP,sao paulo,low_volume,low_volume,low_volume__low_volume
9616352088dcf83a7c06637f4ebf1c80,92,7490.57,5703.0,1787.57,81.41923913043478,12.439302248677249,0.0,4.304347826086956,0.08695652173913043,0.9239130434782609,781.3730184284984,0.23190614538358686,PR,umuarama,standard_value,standard_risk,standard_value__standard_risk
961dff0a659b4561334372337dd897d9,4,10082.560000000001,9946.0,136.56,2520.6400000000003,20.515949074074076,0.5,3.75,0.25,1.0,461.9978751816255,0.013562420115538865,RJ,rio de janeiro,low_volume,low_volume,low_volume__low_volume
9646c3513289980f17226a2fc4720dbd,71,4247.32,3039.2999999999997,1208.02,59.82140845070422,11.201072195383789,0.028169014084507043,4.352112676056338,0.08450704225352113,0.5774647887323944,586.7132588986394,0.3037876614913005,SP,sao jose dos campos,standard_value,standard_risk,standard_value__standard_risk
96493fab2fbb13a14d0c0e8772eef5c3,62,19787.33,18600.0,1187.33,319.1504838709678,13.352485999103942,0.06451612903225806,4.064516129032258,0.14516129032258066,0.6774193548387096,784.8878711025869,0.0725345337811883,SP,sao paulo,high_value,standard_risk,high_value__standard_risk
964ff64dc05b13811c6d0f41e0aa5f6b,1,204.06,180.0,24.06,204.06,6.680775462962963,0.0,5.0,0.0,1.0,740.4088077248365,0.1179064980887974,SP,sao paulo,low_volume,low_volume,low_volume__low_volume
966cb4760537b1404caedd472cc610a5,74,52116.4,50487.05,1629.35,704.2756756756756,10.040945273631841,0.02702702702702703,3.8513513513513513,0.1891891891891892,0.6891891891891891,653.7530620016829,0.03255348618071541,SP,diadema,high_value,high_risk,high_value__high_risk
9674754b5a0cb32b638cec001178f799,86,6284.83,5069.92,1214.91,73.07941860465117,8.410468474426809,0.03488372093023256,4.046511627906977,0.1744186046511628,0.3953488372093023,342.0488582951091,0.23627509616718786,SP,sao paulo,standard_value,standard_risk,standard_value__standard_risk
96804ea39d96eb908e7c3afdb671bb9e,38,4365.76,3610.7000000000003,755.06,114.88842105263159,12.917326076076076,0.02631578947368421,4.052631578947368,0.15789473684210525,0.8947368421052632,703.3283443520942,0.22362424930694094,MG,ibia,standard_value,standard_risk,standard_value__standard_risk
968268a686aa05d1f529fb07dff08130,12,4880.84,4677.29,203.55,406.7366666666667,9.403155864197531,0.0,3.5,0.3333333333333333,0.3333333333333333,469.9814158456536,0.05412266310624598,SP,sao paulo,low_volume,low_volume,low_volume__low_volume
968ee78631915a63fef426d6733d7422,2,521.67,450.0,71.67,260.835,15.264716435185186,0.0,3.0,0.5,0.5,822.5100049545375,0.1352584574628018,RS,erechim,low_volume,low_volume,low_volume__low_volume
96e5dc09087bad639b4ee193104ec2e5,2,154.44,101.9,52.54,77.22,7.808726851851851,0.0,4.5,0.0,0.5,554.3012502098308,0.39094904708626144,RJ,bom jardim,low_volume,low_volume,low_volume__low_volume
96f7c797de9ca20efbe14545bed63eec,1,176.97,138.60000000000002,38.37,176.97,1.946226851851852,0.0,1.0,1.0,0.0,274.7689549187904,0.21681640956094253,SP,cravinhos,low_volume,low_volume,low_volume__low_volume
972d0f9cf61b499a4812cf0bfa3ad3c4,79,9811.27,7748.79,2062.48,124.19329113924051,18.343730221518985,0.11392405063291139,3.0253164556962027,0.4177215189873418,0.9493670886075949,725.5859774596153,0.21482429859096686,SC,brusque,standard_value,high_risk,standard_value__high_risk
973f21788dfab357250f69a8dcb7ddee,10,1445.65,909.0,536.65,144.565,23.757739197530864,0.5,2.0,0.7,0.6,302.7147441611881,0.4051152401779482,MG,claudio,low_volume,low_volume,low_volume__low_volume
974cf2cb8f4b7add98709c30df02fe10,33,3559.68,2982.67,577.01,107.8690909090909,11.269405092592592,0.030303030303030304,4.0606060606060606,0.15151515151515152,0.5454545454545454,500.53600689942533,0.1649088692450005,SP,araraquara,standard_value,standard_risk,standard_value__standard_risk
97512d3fc193b2d1dfcdba0f9d1f0f8a,12,1800.42,1458.8700000000001,341.55,150.035,8.47090374228395,0.08333333333333333,4.25,0.08333333333333333,0.4166666666666667,288.53805561981693,0.20080908580433685,SP,sao paulo,low_volume,low_volume,low_volume__low_volume
977f9f63dd360c2a32ece2f93ad6d306,24,3793.8500000000004,2858.8700000000003,934.98,158.07708333333335,12.798381642512076,0.125,3.75,0.20833333333333334,0.4583333333333333,540.8171923394242,0.24319311889446896,SP,tabatinga,low_volume,low_volume,low_volume__low_volume
979e9f8b5b39dd243a2550c8b05aecf0,3,571.88,525.0,46.88,190.62666666666667,9.339444444444444,0.0,5.0,0.0,0.3333333333333333,316.67622555310527,0.09210459420021273,SP,sao paulo,low_volume,low_volume,low_volume__low_volume
97e4a63591ca439a2b8b7efd20e6e19e,5,428.5,349.95,78.55,85.7,6.431298611111112,0.0,4.4,0.0,0.4,313.5751345948612,0.17892914292031864,RJ,rio de janeiro,low_volume,low_volume,low_volume__low_volume
97e50a621f8e801f4baf69e08687c192,1,97.78,89.9,7.88,97.78,9.45449074074074,0.0,5.0,0.0,0.0,69.23688358630939,0.08058907752096543,SP,sao paulo,low_volume,low_volume,low_volume__low_volume
97e995629983723d11830a829bc2b246,5,598.87,499.5,99.37,119.774,17.008074074074074,0.0,4.8,0.0,0.8,935.0311402622577,0.2035654637788869,SP,lorena,low_volume,low_volume,low_volume__low_volume
9803a40e82e45418ab7fb84091af5231,11,4791.38,4278.75,512.63,435.58,15.639769570707072,0.0,3.727272727272727,0.2727272727272727,1.0,1120.9211697813391,0.3078626654767576,GO,rio verde,low_volume,low_volume,low_volume__low_volume
980640c45d7a4635885491d077167e4d,14,1246.66,1004.29,242.37,89.04714285714286,7.608943452380953,0.07142857142857142,4.642857142857143,0.0,0.6428571428571429,540.6514406364233,0.20263058995146704,SP,rio claro,low_volume,low_volume,low_volume__low_volume
98115075dd26cb8835946fc6086f5d30,4,491.20000000000005,434.96000000000004,56.24,122.80000000000001,4.25859375,0.0,4.75,0.0,0.25,284.8523696590991,0.11664360247341209,SP,ao bernardo do campo,low_volume,low_volume,low_volume__low_volume
984c273121e743dd14767befe6cb17f5,1,280.91,259.6,21.31,280.91,33.85025462962963,1.0,1.0,1.0,1.0,896.3847571681439,0.07586059592040154,SP,americana,low_volume,low_volume,low_volume__low_volume
9853a239ab7b7ebbdc3a21248d5b8e1f,5,471.01,381.0,90.00999999999999,94.202,17.958078703703706,0.2,3.8,0.2,0.8,608.5387291053996,0.20306205447246492,PR,campo largo,low_volume,low_volume,low_volume__low_volume
985c92cc412091f8529c12d7f23d3fef,12,1606.6299999999999,1368.5,238.13,133.88583333333332,7.550009645061729,0.08333333333333333,4.75,0.0,0.6666666666666666,435.46917924040866,0.16766598039179437,MG,sao joao del rei,low_volume,low_volume,low_volume__low_volume
989becdce12ebc39863c2bceab6f3ca1,18,8893.33,7840.88,1052.45,494.07388888888886,13.739216820987654,0.1111111111111111,4.555555555555555,0.05555555555555555,1.0,521.7195114933454,0.15745385593106442,PR,curitiba,low_volume,low_volume,low_volume__low_volume
98dac6635aee4995d501a3972e047414,90,6609.61,4193.55,2416.06,73.44011111111111,9.558732901936027,0.07777777777777778,4.144444444444445,0.17777777777777778,0.4444444444444444,309.9832784460808,0.3560769387543067,SP,sao paulo,standard_value,standard_risk,standard_value__standard_risk
98dddbc4601dd4443ca174359b237166,2,211.67,158.0,53.67,105.835,8.23082175925926,0.0,5.0,0.0,1.0,722.864710085509,0.24385843805876006,PR,sarandi,low_volume,low_volume,low_volume__low_volume
98e164d549402270247f3c96a1a158ef,2,187.42000000000002,162.7,24.72,93.71000000000001,8.833802083333333,0.0,2.5,0.5,0.5,217.74988975201052,0.13199840787550693,SP,sao paulo,low_volume,low_volume,low_volume__low_volume
98f52e1020fe788c10c0418de4393fec,1,36.7,21.6,15.1,36.7,9.267129629629627,0.0,4.0,0.0,1.0,548.3111789854955,0.41144414168937327,RJ,macae,low_volume,low_volume,low_volume__low_volume
99002261c568a84cce14d43fcffb43ea,36,5188.33,4088.0,1100.33,144.12027777777777,16.837109374999997,0.08333333333333333,3.7222222222222223,0.16666666666666666,0.8888888888888888,1179.8753043471559,0.20796954619306812,MT,cuiaba,standard_value,standard_risk,standard_value__standard_risk
9906e7aa42a3c067b7c9a564d01c4320,12,3115.6,2619.0,496.59999999999997,259.6333333333333,16.46547164351852,0.16666666666666666,4.5,0.08333333333333333,1.0,1003.2296751097479,0.13664765218923805,PR,maringa,low_volume,low_volume,low_volume__low_volume
994f04b3718c2bab35c2adfa8afecd2a,49,4221.21,3445.7,775.51,86.14714285714285,14.034709663120568,0.08163265306122448,4.244897959183674,0.061224489795918366,0.4489795918367347,428.96943683006117,0.1969193930176283,SP,jaguariuna,standard_value,standard_risk,standard_value__standard_risk
9996ae921c50e8dff411ac69c0b4bb8b,2,73.37,29.700000000000003,43.67,36.685,14.381655092592592,0.0,2.0,0.5,0.5,459.5935989120412,0.5901899871630295,SP,tupa,low_volume,low_volume,low_volume__low_volume
999f6d9a1c7c81f43be44c6b7d076210,2,50.83,28.0,22.83,25.415,4.6904918981481485,0.0,4.5,0.0,0.5,257.46540034829127,0.4428797079882354,SP,sao paulo,low_volume,low_volume,low_volume__low_volume
99a25c39b28a74d1151c35c18d178292,1,218.70000000000002,173.94,44.76,218.70000000000002,2.230983796296296,0.0,5.0,0.0,0.0,9.364689142185455,0.20466392318244167,SP,sao paulo,low_volume,low_volume,low_volume__low_volume
99a54764c341d5dc80b4a8fac4eba3fb,44,5009.97,3700.7599999999998,1309.21,113.86295454545456,7.716708118001723,0.18181818181818182,3.6136363636363638,0.22727272727272727,0.29545454545454547,264.13803475075315,0.3158852220296635,SP,sao paulo,standard_value,high_risk,standard_value__high_risk
99cd94252748d2bdde08e17858233602,2,181.32,159.8,21.520000000000003,90.66,3.0130844907407406,0.0,4.5,0.0,0.0,64.28134812925782,0.11803583117095635,SP,sao paulo,low_volume,low_volume,low_volume__low_volume
99eaacc9e6046db1c82b163c5f84869f,66,14274.519999999999,13139.17,1135.35,216.28060606060603,14.98057319223986,0.10606060606060606,3.878787878787879,0.21212121212121213,0.5454545454545454,645.0993143235305,0.10089409049188429,SP,franca,standard_value,high_risk,standard_value__high_risk
9a03a4e9eb0b947652fae4f6121a3f5e,7,1682.22,1497.0,185.22,240.31714285714287,13.86299107142857,0.14285714285714285,3.857142857142857,0.14285714285714285,0.5714285714285714,598.0278014460871,0.13391209384032715,SP,catanduva,low_volume,low_volume,low_volume__low_volume
9a1aea68d3efa00862ec88c0768037d0,7,1501.71,1309.2,192.51,214.53,13.021289682539683,0.0,4.428571428571429,0.0,0.42857142857142855,785.1084042535733,0.12394795759015854,SP,catanduva,low_volume,low_volume,low_volume__low_volume
9a208dee8f95cfdf00760c4d627828ec,1,295.98999999999995,269.9,26.09,295.98999999999995,,0.0,1.0,1.0,1.0,1841.8863318414644,0.0881448697591135,RJ,belford roxo,low_volume,low_volume,low_volume__low_volume
9a84ba99f5367fdbd4598363496f1ea2,16,2720.9300000000003,2284.98,435.95,170.05812500000002,10.512725308641974,0.0,3.625,0.1875,1.0,905.5213566674179,0.22435156736487705,GO,luziania,low_volume,low_volume,low_volume__low_volume
9aa388272ee334b6ae07bc73706e254a,6,861.46,678.0,183.46,143.57666666666668,8.413715277777778,0.0,4.333333333333333,0.16666666666666666,0.8333333333333334,573.8364172952593,0.20822266269801856,MG,muriae,low_volume,low_volume,low_volume__low_volume
9ac4f14370b1e24ddc58be041b7f99df,5,436.65,314.51,122.14,87.33,9.02382175925926,0.0,4.4,0.0,1.0,814.6544636809222,0.28207650620874974,GO,jaragua,low_volume,low_volume,low_volume__low_volume
9ac75591b69c3402684b6ce0310f22ee,1,69.67,60.5,9.17,69.67,2.984837962962963,1.0,5.0,0.0,0.0,13.073325924962615,0.13162049662695566,SP,sao paulo,low_volume,low_volume,low_volume__low_volume
9add47bf45ce8e8c7db6b9cf670b1e09,42,5884.860000000001,4769.34,1115.52,140.1157142857143,12.035554976851852,0.023809523809523808,4.166666666666667,0.09523809523809523,0.9761904761904762,789.7457488605141,0.20386759245593677,PR,fazenda rio grande,standard_value,standard_risk,standard_value__standard_risk
9b00cad94ef3078faf6fba2e792c158f,1,373.82,354.9,18.92,373.82,19.39923611111111,0.0,5.0,0.0,1.0,1500.1015610483064,0.050612594296720353,MG,janauba,low_volume,low_volume,low_volume__low_volume
9b00ed88b7fdb95d6ff76e27c1b52d16,47,2203.36,1627.88,575.48,46.88,9.403925372383252,0.06382978723404255,4.468085106382978,0.0851063829787234,0.44680851063829785,320.6918046219965,0.28969136926728367,SP,sao paulo,standard_value,standard_risk,standard_value__standard_risk
9b013e03b2ab786505a1d3b5c0756754,173,11453.05,8904.46,2548.59,66.20260115606936,8.598345729235152,0.057803468208092484,4.15606936416185,0.13872832369942195,0.3063583815028902,253.1265748779003,0.2683518942325478,SP,vicente de carvalho,standard_value,standard_risk,standard_value__standard_risk
9b1050e85becf3ae99c1cf4934c9bc5d,2,115.34,85.14,30.2,57.67,,0.0,2.5,0.5,1.0,699.269999570539,0.26183457603606725,MG,montes claros,low_volume,low_volume,low_volume__low_volume
9b1585752613ec342d03bbab9997ec48,3,4349.04,4248.98,100.06,1449.68,8.091628086419753,0.0,3.6666666666666665,0.3333333333333333,0.3333333333333333,720.2530972909061,0.031621657579847307,RJ,rio de janeiro,low_volume,low_volume,low_volume__low_volume
9b1ab052f5fca308ba743ac789ebb2e1,2,326.08,294.09000000000003,31.99,163.04,10.214050925925925,0.0,4.0,0.0,1.0,553.213569266514,0.0984358075294113,PR,pitanga,low_volume,low_volume,low_volume__low_volume
9b1f656ca3060f8af17a50d8a024b533,2,88.68,41.0,47.68,44.34,16.34451388888889,0.5,5.0,0.0,1.0,753.1669164183246,0.5492192693980664,SP,santos,low_volume,low_volume,low_volume__low_volume
9b522ba7eae9e1d04082f267144583cc,4,1655.6499999999999,1507.6,148.05,413.91249999999997,40.17655092592593,0.25,4.25,0.0,0.25,184.50811431298106,0.1761104394951612,SP,sao paulo,low_volume,low_volume,low_volume__low_volume
9b76ad3d04236f76bc71c59470305e13,2,456.63,394.70000000000005,61.93,228.315,5.747731481481482,0.0,5.0,0.0,0.5,321.24983622365005,0.15228633328191082,SP,boituva,low_volume,low_volume,low_volume__low_volume
9bade61a92bed55a25d2b67b9f4ed739,2,174.8,117.68,57.12,87.4,9.656429398148148,0.0,3.0,0.5,1.0,1085.0210301080456,0.32240171600843215,PR,sao jose dos pinhais,low_volume,low_volume,low_volume__low_volume
9baf5cb77970f539089d09a38bcec5c3,32,6673.4,6129.67,543.73,208.54375,15.171590128434888,0.0,4.3125,0.09375,0.375,359.79449282973883,0.11168672063096545,SP,indaiatuba,standard_value,standard_risk,standard_value__standard_risk
9bc484c87d79cd4874e05ca182658045,9,1269.87,1120.0,149.87,141.09666666666666,13.12238425925926,0.2222222222222222,4.0,0.2222222222222222,0.4444444444444444,349.1489557206339,0.1858898830678854,SP,sao paulo,low_volume,low_volume,low_volume__low_volume
9bcdfa7b615b3abb9461d9e3ad9886ae,14,2523.79,2126.07,397.71999999999997,180.2707142857143,12.67588210978836,0.07142857142857142,4.428571428571429,0.07142857142857142,0.9285714285714286,704.5935428570594,0.2346965456392809,SC,blumenau,low_volume,low_volume,low_volume__low_volume
9bf11dfc0bec77e5a23028043c3c5a8f,1,132.06,115.0,17.06,132.06,31.544166666666666,1.0,1.0,1.0,1.0,464.3457640838314,0.1291837043767984,MG,contagem,low_volume,low_volume,low_volume__low_volume
9c068d10aca38e85c50202e17b4a7e88,16,2874.67,2464.0,410.67,179.666875,14.736373697916667,0.125,4.125,0.1875,1.0,1005.1321702938276,0.16233758110363522,MS,coxim,low_volume,low_volume,low_volume__low_volume
9c0e69c7bf2619675bbadf47b43f655a,156,36229.85,33350.97,2878.88,232.2426282051282,14.656851466049384,0.10256410256410256,4.076923076923077,0.15384615384615385,0.4358974358974359,363.42062178504295,0.08919101962072601,SP,sao jose dos campos,high_value,standard_risk,high_value__standard_risk
9c1c0c36cd23c20897e473901a8fb149,6,717.04,544.97,172.07,119.50666666666666,6.220837191358025,0.0,5.0,0.0,0.3333333333333333,185.87548613345336,0.25827995814726684,SP,praia grande,low_volume,low_volume,low_volume__low_volume
9c351405b754cc5ce3e2ecf277bb034a,1,59.11,45.0,14.11,59.11,,0.0,1.0,1.0,1.0,498.5436064532105,0.23870749450177633,SP,sao paulo,low_volume,low_volume,low_volume__low_volume
9c3a1c416c765687bc79a04113269929,1,133.8,74.9,58.9,133.8,6.0855902777777775,0.0,1.0,1.0,1.0,388.4842177748096,0.44020926756352763,MG,carmo da mata,low_volume,low_volume,low_volume__low_volume
9c3c24eca51c52b91c1de727d2a2ae06,6,421.15999999999997,307.5,113.66,70.19333333333333,10.611865354938272,0.0,4.5,0.0,0.8333333333333334,739.419057081503,0.26712738958314963,RS,caxias do sul,low_volume,low_volume,low_volume__low_volume
9c4d31c7e46ab03a43fc06e3142afd4e,2,1262.72,1218.9,43.82000000000001,631.36,6.894334490740741,0.0,4.5,0.0,0.5,406.1835835721504,0.032640974977079726,RJ,rio de janeiro,low_volume,low_volume,low_volume__low_volume
9c54608f0996c32ae4743089d915f845,3,304.72,194.8,109.92,101.57333333333334,12.21988811728395,0.0,4.0,0.0,1.0,1537.6059304878947,0.350019246445531,PR,loanda,low_volume,low_volume,low_volume__low_volume
9c57bc60cfad5ee62d35d3f1ce4593a1,1,195.43,180.0,15.43,195.43,37.03043981481481,1.0,1.0,1.0,1.0,365.1739919316021,0.07895410121271043,PR,curitiba,low_volume,low_volume,low_volume__low_volume
9c690ceacd5c66731bf443ea810195cb,10,1121.02,871.8,249.22,112.102,7.593199074074074,0.0,4.3,0.1,1.0,241.4283195809976,0.22063966160361387,MG,camanducaia,low_volume,low_volume,low_volume__low_volume
9c7fd21e0aa159b20da593371f08ff7c,7,921.8000000000001,798.3000000000001,123.5,131.68571428571428,7.387784391534391,0.14285714285714285,3.2857142857142856,0.42857142857142855,0.5714285714285714,468.1137216530997,0.16550670307508009,SP,osasco,low_volume,low_volume,low_volume__low_volume
9cad4b68bb993ee401a3c5aaa2bc26dd,5,763.33,649.3000000000001,114.03,152.666,18.695247685185187,0.2,2.8,0.4,0.4,855.7651054365612,0.1552835318792795,SP,birigui,low_volume,low_volume,low_volume__low_volume
9cea4682e16655f7da87f406902e989e,4,219.23000000000002,87.75999999999999,131.47,54.807500000000005,10.071336805555553,0.0,4.0,0.25,0.75,373.90540069987276,0.5229387189613106,PR,araucaria,low_volume,low_volume,low_volume__low_volume
9cf787a239c1aa29dbd76f153dc13f9a,4,368.4,316.0,52.400000000000006,92.1,6.560300925925926,0.0,4.75,0.0,0.0,319.30253772314717,0.14223547565482636,SP,franca,low_volume,low_volume,low_volume__low_volume
9d213f303afae4983637247556438ede,2,120.81,47.7,73.11,60.405,7.0355439814814815,0.0,5.0,0.0,0.5,450.6824391409295,0.6164509087216976,SP,ibitinga,low_volume,low_volume,low_volume__low_volume
9d39404483343dd55c7ae254494d8388,10,434.28,293.2,141.07999999999998,43.428,14.386840277777779,0.1,3.5,0.3,0.5,776.3560532052053,0.3030414223279823,SP,sao paulo,low_volume,low_volume,low_volume__low_volume
9d489893ff6af05029671b785f54b998,5,401.24,298.7,102.53999999999999,80.248,7.294662037037037,0.2,4.0,0.2,0.4,311.79785630713724,0.2569089823771889,SP,leme,low_volume,low_volume,low_volume__low_volume
9d4db00d65d7760644ac0c14edb5fd86,97,11456.32,9936.81,1519.51,118.10639175257732,8.071025149498457,0.030927835051546393,4.515463917525773,0.05154639175257732,0.35051546391752575,307.6102353101404,0.15234415055247194,SP,sorocaba,standard_value,standard_risk,standard_value__standard_risk
9d5604a1f112324ad6b2aa552122e0fb,13,761.98,421.5,340.48,58.613846153846154,12.491833155270655,0.0,3.5384615384615383,0.3076923076923077,0.6923076923076923,1178.861891389132,0.48663740521473586,SP,florianopolis,low_volume,low_volume,low_volume__low_volume
9d5a9018aee56acb367ba9c3f05d1d6a,67,11982.210000000001,10292.310000000001,1689.9,178.83895522388062,15.023560430695847,0.014925373134328358,4.417910447761194,0.11940298507462686,0.9701492537313433,910.5803165984079,0.14583962042285406,GO,aparecida de goiania,standard_value,standard_risk,standard_value__standard_risk
9d681c7e12db302cb261e721040dde65,13,1058.68,785.6,273.08,81.43692307692308,9.304166666666667,0.0,4.923076923076923,0.0,0.8461538461538461,772.3633841496849,0.27912769475901356,PR,curitiba,low_volume,low_volume,low_volume__low_volume
9d69ba0a7a626a64dc5db08e529559cf,1,37.54,19.3,18.24,37.54,13.86097222222222,0.0,5.0,0.0,1.0,784.9276965461066,0.48588172615876396,SP,ribeirao preto,low_volume,low_volume,low_volume__low_volume
9d7a1d34a5052409006425275ba1c2b4,13,1331.87,1054.82,277.05,102.45153846153845,14.331834935897435,0.07692307692307693,4.384615384615385,0.07692307692307693,0.46153846153846156,540.052712323672,0.41169161877227667,SP,franca,low_volume,low_volume,low_volume__low_volume
9da15f4a4ea758d9eeb49000dbe57e22,1,234.61,196.9,37.71,234.61,22.51039351851852,1.0,2.0,1.0,0.0,36.43271663623665,0.160734836537232,SP,osasco,low_volume,low_volume,low_volume__low_volume
9da1ca0bef29ee170e541927a5aeabdc,6,1612.03,1484.3999999999999,127.63,268.6716666666667,16.803595679012343,0.3333333333333333,3.0,0.3333333333333333,0.5,744.8067577313783,0.08645541656230271,SP,votuporanga,low_volume,low_volume,low_volume__low_volume
9dc79dd988ac42f4d56c340d7048420a,4,843.9300000000001,749.6,94.33,210.98250000000002,6.5215046296296295,0.0,4.75,0.0,0.75,844.1491125281738,0.10466751688404667,SP,sao paulo,low_volume,low_volume,low_volume__low_volume
9dd459b29a14bf89d47183cf2cd0e4c7,2,198.82000000000002,180.0,18.82,99.41000000000001,6.62347800925926,0.5,5.0,0.0,0.0,59.417112791336876,0.14582921760852863,SP,sao paulo,low_volume,low_volume,low_volume__low_volume
9dd59e43f0c9f0553244e8f9c2fb247e,10,508.12,356.3,151.82,50.812,13.135447916666667,0.1,4.8,0.0,0.9,809.1575939653833,0.3193781686666287,PR,foz do iguacu,low_volume,low_volume,low_volume__low_volume
9dda5bbacd45e18d6485fee649205d09,19,2419.33,1912.6000000000001,506.73,127.33315789473684,15.126162280701754,0.10526315789473684,4.105263157894737,0.15789473684210525,0.7894736842105263,482.2782666015302,0.21694303380934815,MG,santa rita do sapucai,low_volume,low_volume,low_volume__low_volume
9de4643a8dbde634fe55621059d92273,72,19282.41,17560.34,1722.07,267.81125,14.635875289351851,0.041666666666666664,4.527777777777778,0.05555555555555555,0.9166666666666666,659.4320199665923,0.10390693037666449,SC,joinville,high_value,standard_risk,high_value__standard_risk
9df5750209b83567ec144eb299d7d634,11,5176.3,4917.0,259.3,470.57272727272726,14.06586595117845,0.09090909090909091,4.0,0.18181818181818182,0.9090909090909091,1184.2032102755134,0.05942157242510104,RS,sao leopoldo,low_volume,low_volume,low_volume__low_volume
9e17b9d64683aebcbb9ee362d06463b4,2,136.67000000000002,98.69999999999999,37.97,68.33500000000001,,0.0,1.0,1.0,0.5,671.688831399463,0.2801583515829146,SP,ribeirao preto,low_volume,low_volume,low_volume__low_volume
9e25199f6ef7e7c347120ff175652c3b,1,27.02,12.5,14.52,27.02,8.199456018518518,0.0,4.0,0.0,1.0,537.9490026772424,0.537379718726869,SP,taubate,low_volume,low_volume,low_volume__low_volume
9e6229250fedbe05838fef417b74e7fb,74,14986.65,13132.2,1854.45,202.52229729729729,11.829552733384068,0.04054054054054054,3.891891891891892,0.14864864864864866,0.5405405405405406,695.5288733597557,0.1276954679924581,SP,mirandopolis,standard_value,standard_risk,standard_value__standard_risk
9e6967d3cf386d284251784b18ccb485,9,654.9,517.67,137.23,72.76666666666667,7.245511831275719,0.1111111111111111,3.888888888888889,0.2222222222222222,0.4444444444444444,382.96796583231975,0.23606274994582088,SP,sao caetano do sul,low_volume,low_volume,low_volume__low_volume
9e7c5f4d7770eab65738cca38f9efccf,2,222.88,184.8,38.08,111.44,7.437210648148148,0.0,3.5,0.0,0.5,1092.8135883235643,0.1670337220295992,SP,sao paulo,low_volume,low_volume,low_volume__low_volume
9e94fa26a70ede4d26226e918e8706a2,1,72.74,62.8,9.94,72.74,5.644328703703704,0.0,5.0,0.0,0.0,3.4793290567949713,0.1366510860599395,SP,sao carlos,low_volume,low_volume,low_volume__low_volume
9e9b539eb2806acee3f5c28085c1db9f,3,1039.47,967.0,72.47,346.49,24.787878086419752,0.3333333333333333,3.6666666666666665,0.3333333333333333,1.0,1142.1504561957715,0.0808817052694253,MG,contagem,low_volume,low_volume,low_volume__low_volume
9ed65337433adfbedefd23dd76eaa494,6,1343.65,1262.6,81.05,223.9416666666667,7.400858410493828,0.0,4.833333333333333,0.0,0.16666666666666666,479.9450595580691,0.13585559741694242,SP,sao paulo,low_volume,low_volume,low_volume__low_volume
9ef932e837d8b7f392c0bfee9d359dc2,1,79.56,59.9,19.66,79.56,36.47038194444445,1.0,3.0,0.0,1.0,960.0731254204883,0.2471091000502765,SP,ibitinga,low_volume,low_volume,low_volume__low_volume
9f50216bfd01913736a55a11b55ea842,17,1671.1,1354.0,317.1,98.3,10.244364787581699,0.17647058823529413,4.411764705882353,0.058823529411764705,0.47058823529411764,422.05137229167065,0.2060239475773663,SP,taubate,low_volume,low_volume,low_volume__low_volume
9f505651f4a6abe901a56cdc21508025,394,32192.79,26199.85,5992.94,81.70758883248732,8.081036918328584,0.050761421319796954,4.340101522842639,0.10152284263959391,0.5076142131979695,520.6678336217285,0.2422503083047035,SP,sao paulo,high_value,standard_risk,high_value__standard_risk
9f56a7a649097b166d8ed286ad86a15c,2,51.019999999999996,27.98,23.04,25.509999999999998,,0.0,1.0,1.0,0.5,306.39818215717435,0.44059381022405,RJ,rio de janeiro,low_volume,low_volume,low_volume__low_volume
9fbd5666d8618fa571c4230fafa09bd6,1,96.71,79.9,16.81,96.71,13.122824074074074,0.0,5.0,0.0,1.0,347.4746782653453,0.1738186330265743,SP,sao paulo,low_volume,low_volume,low_volume__low_volume
9fc70243fb26800cba56e8f014797004,6,571.3,466.6,104.7,95.21666666666665,9.69967785493827,0.0,4.5,0.0,0.6666666666666666,422.13578762712785,0.19895058111417133,MG,belo horizonte,low_volume,low_volume,low_volume__low_volume
9fe7c6641c79970ab48185498f547c09,1,164.71,130.0,34.71,164.71,17.920046296296295,0.0,5.0,0.0,1.0,2157.0169190608044,0.2107340173638516,SP,sao paulo,low_volume,low_volume,low_volume__low_volume
a00824eb9093d40e589b940ec45c4eb0,3,9779.46,9399.97,379.49,3259.8199999999997,8.007125771604938,0.0,4.666666666666667,0.0,0.6666666666666666,332.48749491611926,0.038930238332236154,SP,bofete,low_volume,low_volume,low_volume__low_volume
a0415d9b25ede3c4b1e477e9916ffc03,10,4247.98,4044.1,203.88,424.79799999999994,8.927204218106997,0.0,3.9,0.2,0.9,1069.040259940548,0.06603193929738763,RJ,nova iguacu,low_volume,low_volume,low_volume__low_volume
a066df7361163e7ddc5d7452dd17448b,15,1344.62,1078.3,266.32,89.64133333333332,15.738050154320986,0.2,4.4,0.13333333333333333,0.6666666666666666,587.2388083491254,0.21056971827320148,SP,franca,low_volume,low_volume,low_volume__low_volume
a06c8ff043abea0528ee44171e2140a2,8,606.9300000000001,514.5,92.42999999999999,75.86625000000001,3.8793865740740743,0.0,4.75,0.0,0.625,278.38324303544374,0.20164375079719032,MG,divinopolis,low_volume,low_volume,low_volume__low_volume
a080fc8a850289b27500f6b49cca2553,4,435.57,383.0,52.57,108.8925,5.423171296296296,0.0,4.75,0.0,0.5,266.43990955390876,0.1270566514508575,SP,sao paulo,low_volume,low_volume,low_volume__low_volume
a08692680c77d30a0b4280da5df01c5a,6,2660.91,2433.0,227.91,443.48499999999996,9.340208333333335,0.0,5.0,0.0,0.5,263.6842704392788,0.08326987234610451,SP,sao paulo,low_volume,low_volume,low_volume__low_volume
a09a13f18ed27932d08438aa6f12756e,1,46.01,29.9,16.11,46.01,8.917627314814816,0.0,3.0,0.0,1.0,835.8123684203941,0.35014127363616604,RS,sapiranga,low_volume,low_volume,low_volume__low_volume
a0a14e50070f3225b3eabba5b85da517,4,248.64,176.2,72.44,62.16,6.053330439814815,0.0,4.5,0.0,1.0,388.0713741015694,0.2913449163449163,PR,curitiba,low_volume,low_volume,low_volume__low_volume
a0d7fbb07bb5ebc3b05980e750db56f3,3,1085.18,848.99,236.19,361.7266666666667,16.224313271604938,0.0,2.3333333333333335,0.6666666666666666,1.0,949.5278492244415,0.21368718681845977,SP,ferraz de vasconcelos,low_volume,low_volume,low_volume__low_volume
a0e19590a0923cdd0614ea9427713ced,2,397.41999999999996,258.29999999999995,139.12,198.70999999999998,,0.0,1.0,1.0,0.5,325.26466210671356,0.3185575195853003,PR,sao jose dos pinhais,low_volume,low_volume,low_volume__low_volume
a1040efe9ff4a6f93c28b0499eada8f5,1,1693.31,1658.83,34.48,1693.31,17.278831018518517,0.0,5.0,0.0,1.0,1126.5818781032806,0.020362485309836944,SP,jundiai,low_volume,low_volume,low_volume__low_volume
a1043bafd471dff536d0c462352beb48,715,133177.14,101454.16,31722.98,186.26173426573428,13.669212665343915,0.055944055944055944,4.222377622377622,0.10909090909090909,0.737062937062937,529.9263192889666,0.23919703064108552,MG,ilicinea,high_value,standard_risk,high_value__standard_risk
a11a0e0ca67423425691db355cff69b0,2,476.97999999999996,448.9,28.080000000000002,238.48999999999998,5.527760416666666,0.5,5.0,0.0,0.5,280.74611782010925,0.061935101298090454,SP,indaiatuba,low_volume,low_volume,low_volume__low_volume
a13580f0e8f782b7a543885a0ef99f08,10,1563.68,1304.9,258.78,156.368,25.04871990740741,0.2,4.4,0.0,1.0,1294.8114057515713,0.16684445512891727,RJ,rio de janeiro,low_volume,low_volume,low_volume__low_volume
a13aaf2d2886ab9fb30fb9a920160b8f,4,1085.83,1011.52,74.31,271.4575,9.351059027777778,0.25,4.5,0.0,1.0,243.2954994499684,0.06829380841948272,SC,joinville,low_volume,low_volume,low_volume__low_volume
a1474fd46fd3430168f7ec202da39408,12,3413.52,2752.5,661.02,284.46,17.97502411265432,0.16666666666666666,4.333333333333333,0.08333333333333333,0.75,1514.3578549200854,0.19833956793306604,SP,pinhais,low_volume,low_volume,low_volume__low_volume
a150c540f572d0fb53992264bc5c10b5,1,135.49,119.9,15.59,135.49,10.858275462962965,0.0,4.0,0.0,1.0,915.3292730728342,0.11506384234998893,SP,sorocaba,low_volume,low_volume,low_volume__low_volume
a1544b9ea0b2390e020537d4daa89049,8,948.53,841.2,107.33,118.56625,10.917319155092592,0.0,3.875,0.125,0.625,780.3353035099846,0.14802305257396184,SP,jundiai,low_volume,low_volume,low_volume__low_volume
a154d7316f158bb42e6fa18bbe3afd3a,2,190.13,139.8,50.33,95.065,47.48453125,0.5,3.0,0.5,1.0,1393.1435691130846,0.2607910945232754,SP,sao paulo,low_volume,low_volume,low_volume__low_volume
a17f621c590ea0fab3d5d883e1630ec6,63,3774.96,2708.2599999999998,1066.7,59.92,11.658367486338797,0.07936507936507936,4.063492063492063,0.1746031746031746,0.5238095238095238,413.6734626475828,0.3065949127693463,SP,sorocaba,standard_value,standard_risk,standard_value__standard_risk
a1bea7061f61f6fdd9a85a6325ba1033,9,910.88,810.95,99.93,101.2088888888889,4.491721965020576,0.1111111111111111,4.444444444444445,0.0,0.3333333333333333,219.19435314969945,0.1649789055132137,SP,carapicuiba / sao paulo,low_volume,low_volume,low_volume__low_volume
a1bea9970d8f65b240555f99c2214f7f,1,102.48,75.0,27.48,102.48,9.306875,0.0,3.0,0.0,1.0,1125.2596299092747,0.2681498829039813,PR,pinhais,low_volume,low_volume,low_volume__low_volume
a1ed30492b3b798bc121845bc4aa7366,1,65.5,41.8,23.7,65.5,,0.0,3.0,0.0,0.0,310.1017474493225,0.3618320610687023,SP,sao paulo,low_volume,low_volume,low_volume__low_volume
a20d8058c866dbaeca014d2cd20ac62e,2,1238.9,1194.0,44.9,619.45,23.55626736111111,0.5,5.0,0.0,1.0,886.9706018279137,0.03624059672757568,SP,sao jose dos campos,low_volume,low_volume,low_volume__low_volume
a213f1bd6458f4a158f3746cb2514559,1,55.95,41.52,14.43,55.95,8.3459375,0.0,5.0,0.0,1.0,446.69525962972415,0.2579088471849866,PR,maringa,low_volume,low_volume,low_volume__low_volume
a218df5c097b0ca409cfaac1488cc7f6,4,240.7,130.69,110.00999999999999,60.175,11.561912615740741,0.0,2.75,0.25,0.25,356.5904421653418,0.5381377339964983,SP,araraquara,low_volume,low_volume,low_volume__low_volume
a21c11ec5c3f03e7cc9f9203bff9e1c6,3,475.88,385.0,90.88,158.62666666666667,9.542469135802468,0.0,3.6666666666666665,0.3333333333333333,0.6666666666666666,816.0487258862626,0.22526199398636104,SP,santana de parnaiba,low_volume,low_volume,low_volume__low_volume
a23266650e7c84bb93fbbba502137478,11,1791.44,1512.4,279.03999999999996,162.85818181818183,11.293031355218856,0.0,3.8181818181818183,0.18181818181818182,0.9090909090909091,1015.2861718655793,0.22466018505654783,RS,porto alegre,low_volume,low_volume,low_volume__low_volume
a247197e2e9c19a6a53a6888cb8b660f,2,941.0699999999999,798.0,143.07,470.53499999999997,,0.0,1.0,1.0,1.0,1331.1423949211187,0.15147027190287546,SP,sao jose do rio preto,low_volume,low_volume,low_volume__low_volume
a254c682cc01e119f83530446f1df9a9,6,809.4200000000001,569.4,240.02,134.90333333333334,15.069197530864196,0.16666666666666666,4.0,0.16666666666666666,0.8333333333333334,935.8678093065996,0.29531436632907737,SP,cafelandia,low_volume,low_volume,low_volume__low_volume
a2a41aedb70551d4a85aa04dc2fced48,2,79.73,52.79,26.94,39.865,8.864953703703703,0.0,4.0,0.0,0.5,357.51481237942147,0.32978297237565485,SP,sao paulo,low_volume,low_volume,low_volume__low_volume
a2b5b6105ea5942300631d2e76f4ffe0,16,4009.3399999999997,3286.6899999999996,722.65,250.58374999999998,8.46931495949074,0.125,4.75,0.0,0.5625,599.5101919777613,0.1949761598882282,SP,osasco,low_volume,low_volume,low_volume__low_volume
a2b911e9ad40dc7d61c142a4683e2d85,1,120.3,85.9,34.4,120.3,12.782881944444444,0.0,5.0,0.0,1.0,1892.9812551384382,0.28595178719867,RJ,barra mansa,low_volume,low_volume,low_volume__low_volume
a2deecd5398f5df4987110c80a1972a3,16,1119.53,827.4300000000001,292.1,69.970625,8.307628205128205,0.0,3.65625,0.25,0.8125,594.6286344595823,0.29585147171418175,SP,sao paulo,low_volume,low_volume,low_volume__low_volume
a2e85714b56b1cb6bb24a9a6e6cad36f,2,380.44000000000005,339.70000000000005,40.74,190.22000000000003,,0.0,1.0,1.0,0.0,369.5110978385711,0.10598720883083781,SP,miguelopolis,low_volume,low_volume,low_volume__low_volume
a2e874074c877c5a05abae80ad6e488f,44,9274.8,8071.9800000000005,1202.82,210.79090909090908,19.23790740740741,0.045454545454545456,3.9545454545454546,0.1590909090909091,0.3409090909090909,585.5527404485744,0.19098018268827063,SP,sao jose do rio preto,standard_value,standard_risk,standard_value__standard_risk
a2fa0bdc798ee84cdb08281337cf4fb6,10,611.02,392.75,218.27,61.102,18.204419849537036,0.0,4.0,0.2,0.9,866.2298552727967,0.40100722004514555,SC,florianopolis,low_volume,low_volume,low_volume__low_volume
a3082f442524a1be452e3189e003b361,3,399.25,301.6,97.65,133.08333333333334,11.537480709876542,0.0,4.333333333333333,0.0,1.0,1176.6457228452095,0.2365322337777986,SP,curitiba,low_volume,low_volume,low_volume__low_volume
a35124e2d763d7ca3fbe3b97d143200f,4,490.39,411.5,78.89,122.5975,10.707777777777778,0.0,4.75,0.0,0.25,472.2622800289939,0.18341806599596203,SP,sao paulo,low_volume,low_volume,low_volume__low_volume
a353b1083c9863d756d9404695016d64,1,137.09,120.0,17.09,137.09,20.71329861111111,0.0,5.0,0.0,1.0,398.7611993251442,0.12466263038879567,ES,cariacica,low_volume,low_volume,low_volume__low_volume
a35ef466c6fd6d052f5d241240d3c5e2,3,649.55,569.9,79.65,216.51666666666665,11.831080246913581,0.0,4.666666666666667,0.0,1.0,1246.234747307987,0.19927514406695632,RS,novo hamburgo,low_volume,low_volume,low_volume__low_volume
a369d693961cb93b61ca2cc518872a85,11,3213.79,2597.0,616.79,292.1627272727273,11.026400462962961,0.0,3.909090909090909,0.18181818181818182,0.36363636363636365,683.2924288979606,0.19598140426691713,SP,sao jose do rio preto,low_volume,low_volume,low_volume__low_volume
a36ac007a4d18f865c8d32c3b2402c2d,9,1536.97,1359.7800000000002,177.19,170.77444444444444,9.652709780092593,0.0,2.5555555555555554,0.5555555555555556,0.3333333333333333,463.6074545300159,0.126227110066053,SP,barueri,low_volume,low_volume,low_volume__low_volume
a36b125ac6d5fdbc7f50de85c9157bdc,24,2232.63,1843.64,388.99,93.02625,12.984740841384863,0.125,3.9583333333333335,0.125,0.5,519.6649655711255,0.22500604258227966,SP,ribeirao preto,low_volume,low_volume,low_volume__low_volume
a37c340b91cb0169e8b029db6440fba2,5,439.95000000000005,345.0,94.95,87.99000000000001,11.123074074074074,0.0,4.8,0.0,0.6,702.1933476817518,0.2072428682431477,SP,sao paulo,low_volume,low_volume,low_volume__low_volume
a3a38f4affed601eb87a97788c949667,251,31407.08,26239.43,5167.65,125.12780876494024,12.45481021307452,0.043824701195219126,4.386454183266932,0.08366533864541832,0.9561752988047809,689.2475548701199,0.18450285804801844,SC,joinville,high_value,standard_risk,high_value__standard_risk
a3b0df0065e264a91b7bbf5f844af5cd,2,218.75,186.69,32.06,109.375,13.61945023148148,0.0,5.0,0.0,1.0,357.3122733071623,0.16065472031612105,SP,sao bernardo do capo,low_volume,low_volume,low_volume__low_volume
a3b42d266fa8afc874b909422ce88582,1,921.2400000000001,839.4000000000001,81.84,921.2400000000001,3.5071296296296297,0.0,5.0,0.0,0.0,295.3177771819411,0.08883678520255307,SP,orlandia,low_volume,low_volume,low_volume__low_volume
a3dd39f583bc80bd8c5901c95878921e,34,5412.16,4607.81,804.35,159.18117647058824,12.463181168300654,0.029411764705882353,4.588235294117647,0.029411764705882353,0.9117647058823529,1179.92993123315,0.1842901915358974,BA,salvador,standard_value,standard_risk,standard_value__standard_risk
a3e9a2c700480d9bb01fba070ba80a0e,128,16162.54,13326.8,2835.7400000000002,126.26984375,13.224390310586177,0.1015625,3.99609375,0.1640625,0.5546875,521.3605586785951,0.19169862725771075,SP,ibitinga,standard_value,standard_risk,standard_value__standard_risk
a3f0b55de503387383c7b1de3ad7f678,24,5577.74,4348.400000000001,1229.34,232.40583333333333,10.704299768518519,0.041666666666666664,4.416666666666667,0.041666666666666664,0.9583333333333334,633.3735585205725,0.20556011651721004,PR,curitiba,low_volume,low_volume,low_volume__low_volume
a3fa18b3f688ec0fca3eb8bfcbd2d5b3,1,84.25999999999999,47.8,36.46,84.25999999999999,14.268726851851852,0.0,5.0,0.0,1.0,720.8630452184541,0.4327082838832187,SP,são paulo,low_volume,low_volume,low_volume__low_volume
a414555ce331b8c8aea4a9cb8395194d,6,1630.1699999999998,1400.96,229.20999999999998,271.695,7.792652391975309,0.0,3.3333333333333335,0.3333333333333333,0.16666666666666666,181.32926001867733,0.18963029889180882,SP,sao paulo,low_volume,low_volume,low_volume__low_volume
a416b6a846a11724393025641d4edd5e,162,28670.52,25670.72,2999.8,176.9785185185185,12.49271017633876,0.12345679012345678,4.154320987654321,0.15432098765432098,0.5432098765432098,612.6695566419064,0.13617573957177756,SP,sao paulo,high_value,standard_risk,high_value__standard_risk
a420f60ff1aa9acc80d0e42959f2b313,65,8423.19,7346.3,1076.89,129.58753846153846,11.70356801994302,0.09230769230769231,3.953846153846154,0.15384615384615385,0.6,606.0438605186001,0.18513456714348897,SP,sao paulo,standard_value,standard_risk,standard_value__standard_risk
a425f92c199eb576938df686728acd20,17,1474.75,1165.8,308.95,86.75,17.149074074074075,0.0,4.294117647058823,0.17647058823529413,0.8235294117647058,454.3166016358434,0.2209701929667592,PR,curitiba,low_volume,low_volume,low_volume__low_volume
a435b009cd956ea60748b5cfbddf2e24,3,406.39,361.18,45.209999999999994,135.46333333333334,30.40936342592593,0.6666666666666666,4.333333333333333,0.0,0.6666666666666666,835.4781486261069,0.13956098531866112,SP,franca,low_volume,low_volume,low_volume__low_volume
a44fb5a447105f8469bdf16bf9159f25,19,4292.71,3706.1,586.61,225.9321052631579,14.242983065302143,0.2631578947368421,4.052631578947368,0.15789473684210525,0.8421052631578947,904.5959497398619,0.18250497816411176,RS,porto alegre,low_volume,low_volume,low_volume__low_volume
a45314082d50d578a4721c9787ce09ab,2,453.92,424.9,29.020000000000003,226.96,5.23833912037037,0.0,5.0,0.0,0.0,211.30558029511124,0.06258255059992261,SP,mirassol,low_volume,low_volume,low_volume__low_volume
a45765f8afb1e594b22bf9e974b46765,1,88.91999999999999,79.99,8.93,88.91999999999999,4.976712962962963,0.0,4.0,0.0,0.0,17.49571989602939,0.10042735042735043,SP,sao paulo,low_volume,low_volume,low_volume__low_volume
a478c7961d6a992065b24e63b366f90b,8,1451.56,1281.5,170.06,181.445,9.856011284722221,0.0,4.875,0.0,1.0,550.6435339854673,0.15436364907740827,SC,blumenau,low_volume,low_volume,low_volume__low_volume
a49928bcdf77c55c6d6e05e09a9b4ca5,98,10574.25,8816.7,1757.55,107.90051020408163,16.933884910300925,0.25510204081632654,3.010204081632653,0.40816326530612246,0.5102040816326531,578.8422993125495,0.16689648191222908,SP,sao paulo,standard_value,high_risk,standard_value__high_risk
a4b6b9b992b46e9ef863637af96e04bc,7,7452.36,7147.0,305.36,1064.6228571428571,18.31079475308642,0.14285714285714285,3.2857142857142856,0.2857142857142857,1.0,888.5786469360612,0.0678163165719491,SC,florianopolis,low_volume,low_volume,low_volume__low_volume
a4b8d97cd5d3674eeff96abc99d8ed67,1,233.38,214.08,19.3,233.38,6.10394675925926,0.0,1.0,1.0,1.0,390.652493476267,0.08269774616505271,SP,sumare,low_volume,low_volume,low_volume__low_volume
a4bd6e9adf39b63f43dc545d3ca1f53d,4,1960.97,1848.59,112.38000000000001,490.2425,10.501377314814814,0.0,4.5,0.0,1.0,851.4904291322903,0.06711956989343816,RJ,rio de janeiro,low_volume,low_volume,low_volume__low_volume
a4e634166243bbb3a13fa584463fa468,2,201.18,155.55,45.629999999999995,100.59,,0.0,2.0,1.0,0.0,49.829696732333986,0.28161716909898604,SP,osasco,low_volume,low_volume,low_volume__low_volume
a4fc6eadaff1576af888509a53420f6a,1,121.62,100.86,20.76,121.62,28.985127314814815,0.0,3.0,0.0,1.0,2130.3318718384144,0.17069560927479033,SP,sao caetano do sul,low_volume,low_volume,low_volume__low_volume
a513150f33f99a06569e9cd5c4bb889b,2,711.25,677.0,34.25,355.625,9.656533564814815,0.0,4.5,0.0,1.0,348.43208424032235,0.06837157878628018,SP,sao paulo,low_volume,low_volume,low_volume__low_volume
a5259c149128e82c9d6d46e0c1c812bb,8,1621.13,1182.26,438.87,202.64125,19.34989728009259,0.0,3.875,0.25,1.0,2183.143677095334,0.38677932308229435,RO,ji parana,low_volume,low_volume,low_volume__low_volume
a53f60f05f822b5c621a50ff6a5cb362,3,395.96000000000004,290.5,105.46,131.98666666666668,12.776242283950618,0.0,3.6666666666666665,0.3333333333333333,0.6666666666666666,531.3122040163229,0.3474151517754815,MG,uberlandia,low_volume,low_volume,low_volume__low_volume
a56a8043ebf66e42119618fb8cf232c6,1,106.73,83.0,23.73,106.73,10.828888888888889,0.0,5.0,0.0,1.0,872.2660541986722,0.2223367375620725,SC,joinville,low_volume,low_volume,low_volume__low_volume
a56e351445e5863fc8960640ba9190c7,3,825.98,760.9200000000001,65.06,275.32666666666665,11.723136574074074,0.3333333333333333,4.333333333333333,0.0,0.6666666666666666,388.65115133068093,0.08914253319413852,SC,itajai,low_volume,low_volume,low_volume__low_volume
a5a1bfcf728ab0e19182959cf0771ee4,21,2160.85,1812.96,347.89,102.89761904761905,13.414981261022929,0.09523809523809523,4.333333333333333,0.047619047619047616,0.38095238095238093,366.10476005473294,0.17558064024700343,SP,socorro,low_volume,low_volume,low_volume__low_volume
a5bff0f43eb51f0cad7c37fac7244c8a,4,541.27,445.0,96.27000000000001,135.3175,15.874427083333332,0.0,4.75,0.0,1.0,1028.5723050328077,0.16644934703758033,SP,sao paulo,low_volume,low_volume,low_volume__low_volume
a5cba26a62b8b4d0145b68b841e62e7f,54,16120.66,14737.84,1382.82,298.5307407407407,13.183294898672257,0.018518518518518517,4.518518518518518,0.05555555555555555,0.9259259259259259,899.2824618265416,0.1013467338008564,PR,campo mourao,standard_value,standard_risk,standard_value__standard_risk
a5dd1946fb63ada8bcaa0c9cd8f11e22,6,426.33,219.62,206.71,71.05499999999999,16.939828317901235,0.0,3.8333333333333335,0.16666666666666666,0.6666666666666666,1075.6070494827861,0.42702325311481865,PE,caruaru,low_volume,low_volume,low_volume__low_volume
a5ff20ff766e7f50bd5066f33da14413,2,110.17,66.59,43.58,55.085,5.640086805555555,0.0,3.0,0.5,0.5,797.6537355268633,0.39498410770702547,SP,sao paulo,low_volume,low_volume,low_volume__low_volume
a61cc04793308395a840807104365121,1,38.37,14.63,23.74,38.37,8.368773148148149,0.0,5.0,0.0,0.0,67.48130181763949,0.618712535835288,SP,jarinu,low_volume,low_volume,low_volume__low_volume
a63bfbaa882c8f4542891b4e2246cc7f,7,7036.1900000000005,6772.0,264.19,1005.1700000000001,11.69019097222222,0.14285714285714285,4.428571428571429,0.14285714285714285,0.7142857142857143,991.4458422488506,0.036519926917631715,RJ,niteroi,low_volume,low_volume,low_volume__low_volume
a64e44665225d19dfc0277eeeaaccc57,6,426.76,335.0,91.76,71.12666666666667,7.929162808641976,0.16666666666666666,5.0,0.0,0.3333333333333333,483.1230309961488,0.27595016442725784,SP,sao paulo,low_volume,low_volume,low_volume__low_volume
a663d9c3797e90eac99ff60939416a56,1,249.08,235.0,14.08,249.08,5.360590277777778,0.0,5.0,0.0,0.0,41.23811917748778,0.056528023125100364,SP,sao paulo,low_volume,low_volume,low_volume__low_volume
a673821011d0cec28146ea42f5ab767f,124,15579.62,13064.31,2515.31,125.64209677419356,12.798831401132537,0.0967741935483871,4.004032258064516,0.18548387096774194,0.5080645161290323,336.32328216936355,0.17228380077284108,SP,sao paulo,standard_value,high_risk,standard_value__high_risk
a67780aba9dd436e7ac0aa1f889e73ec,6,1041.04,863.0,178.04000000000002,173.50666666666666,21.632880015432097,0.3333333333333333,3.6666666666666665,0.16666666666666666,0.6666666666666666,763.0116164804541,0.1952671412747046,SP,presidente prudente,low_volume,low_volume,low_volume__low_volume
a69aa24cec11168e7e39a3fbc727e925,3,140.29000000000002,105.97,34.32,46.76333333333334,8.651388888888889,0.0,5.0,0.0,0.3333333333333333,258.23922863263124,0.23747268096153426,SP,carapicuiba,low_volume,low_volume,low_volume__low_volume
a6bd7d1ccdac48c6b33b28596b7eb122,15,14105.51,13469.11,636.4,940.3673333333334,15.664679232804232,0.13333333333333333,3.3333333333333335,0.4,1.0,1579.7116672733157,0.04942429292181554,PB,mamanguape,low_volume,low_volume,low_volume__low_volume
a6fe7de3d16f6149ffe280349a8535a0,50,3582.4199999999996,2854.9,727.52,71.6484,14.862674083522297,0.16,3.98,0.18,0.4,481.15421210530127,0.202894027021144,SP,franca,standard_value,standard_risk,standard_value__standard_risk
a70e9066dbfd10b6b97a3f54a1356762,2,2027.4,1716.0,311.4,1013.7,18.28829861111111,0.0,5.0,0.0,0.5,395.3190723699843,0.15290341212904546,PR,mandaguari,low_volume,low_volume,low_volume__low_volume
a72c2f59332659e361d647515c698798,5,933.9300000000001,802.9,131.03,186.786,10.203472222222222,0.0,4.8,0.0,1.0,1046.897057026293,0.14572532169969293,RS,flores da cunha,low_volume,low_volume,low_volume__low_volume
a72f15980dc3e9bfd1a49ac9b2f3af65,1,108.63,89.9,18.73,108.63,5.1416203703703705,0.0,4.0,0.0,1.0,426.26735734840594,0.17242014176562645,SP,marilia,low_volume,low_volume,low_volume__low_volume
a7a9b880c49781da66651ccf4ba9ac38,3,373.07,307.6,65.47,124.35666666666667,9.482303240740741,0.0,3.6666666666666665,0.0,0.3333333333333333,256.62418649297956,0.17897380975036503,SP,itirapina,low_volume,low_volume,low_volume__low_volume
a7b7354cc588f7566a848bcbb1ce3d96,2,104.87,79.8,25.07,52.435,11.876527777777778,0.0,4.0,0.0,0.5,312.7417981303737,0.2383707143264348,SP,sao paulo,low_volume,low_volume,low_volume__low_volume
a7c53f6b3b61adbdaa99dda97e8cbd56,1,110.3,99.0,11.3,110.3,6.837638888888889,0.0,4.0,0.0,0.0,402.68779967671514,0.10244786944696284,SP,barretos,low_volume,low_volume,low_volume__low_volume
a7c88262832dfc683781d6a421edefae,5,1602.42,1520.0,82.42,320.48400000000004,11.176726851851852,0.0,4.2,0.0,0.8,580.5840773446331,0.05340946663343055,SP,mogi das cruzes,low_volume,low_volume,low_volume__low_volume
a7d0f8dd44f57ef6de7f7f02e3d82630,2,99.67,73.78999999999999,25.88,49.835,6.127939814814814,0.0,4.5,0.0,0.5,216.1442309014254,0.24770232985792867,SP,sao paulo,low_volume,low_volume,low_volume__low_volume
a7dc4098e4da6e41b426269d12ae7e91,2,554.45,518.0,36.45,277.225,6.348055555555556,0.0,3.0,0.5,0.0,107.06169567109433,0.07315724376200215,SP,sao paulo,low_volume,low_volume,low_volume__low_volume
a7ecf689b40a44361e259b28939023e4,1,410.91,389.0,21.91,410.91,10.922962962962965,0.0,5.0,0.0,1.0,467.7053937421617,0.053320678494074125,ES,vila velha,low_volume,low_volume,low_volume__low_volume
a7f13822ceb966b076af67121f87b063,74,15331.04,12300.67,3030.37,207.17621621621623,22.12357735339506,0.05405405405405406,3.3378378378378377,0.2972972972972973,0.6756756756756757,601.4500472981687,0.19476580512471553,SP,itaquaquecetuba,standard_value,high_risk,standard_value__high_risk
a806a4bb063ea7ca6d374eafa50a6058,5,405.27,294.4,110.87,81.054,12.707159722222224,0.0,4.0,0.0,1.0,1084.1149387033565,0.2978073486281688,ES,serra,low_volume,low_volume,low_volume__low_volume
a81466620e46a6970b22ef40379fdfc9,2,354.78,321.8,32.98,177.39,7.190133101851853,0.0,5.0,0.0,0.5,497.34439290008265,0.09281821103638611,SC,sao ludgero,low_volume,low_volume,low_volume__low_volume
a8739afb32aaa45e01815ca76f76f54b,13,563.56,298.83,264.73,43.350769230769224,9.569594017094017,0.07692307692307693,3.769230769230769,0.23076923076923078,0.8461538461538461,538.6274383257543,0.4536530734060349,SP,sao bernardo do campo,low_volume,low_volume,low_volume__low_volume
a888faf2d1baececa6baf9c3d603ee1f,54,18887.32,17765.8,1121.52,349.7651851851852,18.016654437456324,0.14814814814814814,4.037037037037037,0.16666666666666666,0.9814814814814815,926.9909502699164,0.06404151204262915,PR,umuarama,high_value,standard_risk,high_value__standard_risk
a89e143d5211473ae18db9577ee34b64,2,159.68,140.0,19.68,79.84,9.211030092592592,0.0,3.0,0.5,0.0,134.97148289611874,0.12324511756026701,SP,limeira,low_volume,low_volume,low_volume__low_volume
a90a5da8b09e44264a177c0374a5ac87,3,147.3,74.69999999999999,72.6,49.1,9.380806327160492,0.0,4.333333333333333,0.0,1.0,488.13232724155614,0.5107584439636396,PR,ponta grossa,low_volume,low_volume,low_volume__low_volume
a938325a4b357fd23a6a4d5bb126408e,24,3791.81,3231.0,560.81,157.99208333333334,13.239615162037039,0.041666666666666664,3.8333333333333335,0.20833333333333334,0.7916666666666666,718.9831636400751,0.16204284208831468,RJ,nilopolis,low_volume,low_volume,low_volume__low_volume
a9415cf907dfa12f9ed18693244f5329,1,385.42,210.0,175.42,385.42,11.134502314814815,0.0,5.0,0.0,0.0,143.9381116289644,0.45513984743915725,MG,prados,low_volume,low_volume,low_volume__low_volume
a99504ac23ed125aaf5302af6cc30af9,1,1025.24,978.0,47.24,1025.24,16.25554398148148,0.0,5.0,0.0,1.0,769.3234485784055,0.046077016113300305,SP,batatais,low_volume,low_volume,low_volume__low_volume
a9ae440659f48b7849df83e82734150b,1,312.02,285.0,27.02,312.02,13.342361111111112,0.0,5.0,0.0,1.0,2725.4117509197013,0.08659701301198641,SP,santo andre,low_volume,low_volume,low_volume__low_volume
a9b533a26e898b12e8b8d4c07279bf4d,4,191.06,119.6,71.46,47.765,15.162638888888889,0.0,5.0,0.0,1.0,844.7859441929078,0.3683462580390981,RJ,rio de janeiro,low_volume,low_volume,low_volume__low_volume
aa17b35ce4de7b565be3249ba838944f,2,114.0,79.8,34.2,57.0,16.367667824074076,0.0,4.5,0.0,1.0,622.2648584437128,0.29994613312812624,SP,jundiai,low_volume,low_volume,low_volume__low_volume
aa1eb17b9fdf6dfd546e25c45c7b9235,3,154.26,117.99,36.269999999999996,51.419999999999995,7.751797839506172,0.0,4.666666666666667,0.0,0.3333333333333333,113.01357316878911,0.24342976508711608,SP,sao paulo,low_volume,low_volume,low_volume__low_volume
aa2640d851ec322526f1295bbeb20092,1,182.34,159.98,22.36,182.34,3.9644328703703704,0.0,3.0,0.0,0.0,134.17634904924785,0.12262805747504661,SP,sao paulo,low_volume,low_volume,low_volume__low_volume
aa762680c40618316a896838866140ea,3,323.46,261.0,62.46,107.82,22.5642862654321,0.3333333333333333,3.3333333333333335,0.3333333333333333,1.0,1454.5944383821034,0.191333146430812,PR,curitiba,low_volume,low_volume,low_volume__low_volume
aa8af66c623d7d544dfe4bb85b5ebe3b,1,114.57,99.0,15.57,114.57,8.003946759259259,0.0,5.0,0.0,1.0,477.79257648742134,0.13589945011783192,MG,betim,low_volume,low_volume,low_volume__low_volume
aac29b1b99776be73c3049939652091d,96,9263.0,6668.4800000000005,2594.52,96.48958333333333,14.910116860812424,0.09375,4.104166666666667,0.11458333333333333,0.84375,697.4070200131522,0.31062516916957844,MG,uberlandia,standard_value,standard_risk,standard_value__standard_risk
aac51c486b672a9850d59f3e84b1cf88,10,859.5699999999999,728.28,131.29,85.957,4.651243055555556,0.0,4.8,0.0,0.2,251.3281128934912,0.1782405198443485,SP,sao paulo,low_volume,low_volume,low_volume__low_volume
aadfe0417e61315688b6bd7043361e25,1,304.17999999999995,289.9,14.28,304.17999999999995,6.484421296296296,0.0,4.0,0.0,1.0,185.91632392861678,0.04694588730357026,GO,goiania,low_volume,low_volume,low_volume__low_volume
aae3bfea055532c57fb453ed3ec80b30,47,3809.08,3024.93,784.15,81.04425531914893,12.515532407407408,0.0,3.595744680851064,0.2127659574468085,0.6808510638297872,853.8149213274646,0.22558445354604897,SP,santo andre,standard_value,high_risk,standard_value__high_risk
aae5953b9edddf14749c0d65d60eb4b9,2,202.90000000000003,173.0,29.9,101.45000000000002,12.825434027777778,0.0,5.0,0.0,1.0,413.44772509419136,0.23719265287051994,MG,belo horizonte,low_volume,low_volume,low_volume__low_volume
aae5e7b457a3c72ee230a47d98fceda5,5,745.5699999999999,604.8,140.77,149.11399999999998,11.924442129629629,0.0,4.2,0.0,1.0,1011.3534639865882,0.260141636831827,PR,sao jose dos pinhas,low_volume,low_volume,low_volume__low_volume
aaed1309374718fdd995ee4c58c9dfcd,105,11708.02,9376.95,2331.07,111.50495238095239,12.235572471509972,0.02857142857142857,4.066666666666666,0.13333333333333333,0.9428571428571428,788.6409051033966,0.23090053390657697,SC,timbo,standard_value,standard_risk,standard_value__standard_risk
aafe36600ce604f205b86b5084d3d767,129,11673.2,9251.4,2421.8,90.48992248062017,12.49871348334769,0.046511627906976744,4.403100775193798,0.09302325581395349,0.9147286821705426,732.6018066790814,0.22449353576185616,SC,sao jose,standard_value,standard_risk,standard_value__standard_risk
ab27bbbad5239bc31a34709275a70db4,3,485.04999999999995,382.9,102.15,161.6833333333333,8.455354938271606,0.0,5.0,0.0,0.0,164.70636647517856,0.20543562532226234,SP,tatui,low_volume,low_volume,low_volume__low_volume
ab3e0c171fe84a7ba7de130f19cfb485,7,1035.7,863.42,172.28,147.95714285714286,20.710918209876542,0.2857142857142857,3.5714285714285716,0.2857142857142857,1.0,658.8149820007487,0.16595528650774916,PR,colorado,low_volume,low_volume,low_volume__low_volume
ab75b89cc49c9ab3160d0c91565a442a,2,53.83,37.98,15.85,26.915,9.102488425925928,0.0,1.5,1.0,1.0,781.9284194784963,0.24046953308825825,SP,tupa,low_volume,low_volume,low_volume__low_volume
ab91571efab27993ff2f6b36e38055c3,3,158.93,102.24,56.69,52.97666666666667,12.996577932098766,0.3333333333333333,4.666666666666667,0.0,0.3333333333333333,285.86608827840956,0.32508893624557367,SP,sao paulo,low_volume,low_volume,low_volume__low_volume
ab9db4cf53b08b828b64dccaafc2d9f0,5,403.43,277.67,125.76,80.686,11.719855324074075,0.0,4.2,0.2,0.8,925.9644993975946,0.33876798756969445,RS,paraiso do sul,low_volume,low_volume,low_volume__low_volume
aba1721a889e04decc910aa13b768ef4,83,15352.47,14103.3,1249.17,184.96951807228916,9.325860107095048,0.10843373493975904,4.445783132530121,0.0963855421686747,0.5421686746987951,504.09249818080826,0.1397127234395584,SP,sao paulo,standard_value,standard_risk,standard_value__standard_risk
abbf6046bbdf1028606a5bc7f00c99e7,7,2393.14,2217.15,175.99,341.8771428571428,11.785158179012347,0.0,4.142857142857143,0.14285714285714285,0.8571428571428571,1105.7212303455776,0.07361875096302563,SC,xanxere,low_volume,low_volume,low_volume__low_volume
abc015ebac1d283a323ca9db35ede4b9,12,1329.65,1106.8,222.85000000000002,110.80416666666667,10.813035300925925,0.0,4.416666666666667,0.08333333333333333,0.6666666666666666,832.8844121132003,0.2024276551214201,SP,ribeirao preto,low_volume,low_volume,low_volume__low_volume
abcd2cb37d46c2c8fb1bf071c859fc5b,45,6200.62,4880.22,1320.4,137.79155555555556,13.89348879419192,0.044444444444444446,4.2444444444444445,0.044444444444444446,0.9555555555555556,1311.9847062380636,0.23999633694733669,MT,cuiaba,standard_value,standard_risk,standard_value__standard_risk
abe021b01ba992245271b9aa422032df,2,6837.24,6720.0,117.24000000000001,3418.62,17.93034722222222,0.0,3.5,0.5,1.0,1771.58101014145,0.017510885984649616,PR,curitiba,low_volume,low_volume,low_volume__low_volume
abe42c5d03695b4257b5c6cbf4e6784e,49,17702.41,16720.0,982.41,361.27367346938775,14.020838155864197,0.14285714285714285,3.9183673469387754,0.1836734693877551,0.8979591836734694,743.6061506590218,0.06109391017940334,RJ,rio de janeiro,standard_value,high_risk,standard_value__high_risk
ac137bac82ffa8548e62bd9d01d2a14f,1,58.94,49.6,9.34,58.94,,0.0,1.0,1.0,0.0,14.661383055121114,0.15846623685103495,SP,sao paulo,low_volume,low_volume,low_volume__low_volume
ac1ed5fc15901fbc92920361eb4ab350,1,124.04,110.25,13.79,124.04,,0.0,1.0,1.0,0.0,376.125218490218,0.11117381489841985,SP,sao paulo,low_volume,low_volume,low_volume__low_volume
ac3508719a1d8f5b7614b798f70af136,101,15469.49,12486.140000000001,2983.35,153.16326732673267,9.476279282407408,0.0297029702970297,4.603960396039604,0.039603960396039604,0.8811881188118812,1025.342891881425,0.1945251634143615,RS,canoas,standard_value,standard_risk,standard_value__standard_risk
ac51cac5e20d69ff485a54746488ef48,4,833.77,759.9,73.87,208.4425,16.31224922839506,0.0,3.5,0.25,0.75,895.4696728790134,0.10769674559698238,SP,ribeirao preto,low_volume,low_volume,low_volume__low_volume
ac6417315ae5da8f9a38ee11de6f7780,8,971.43,788.9,182.53,121.42875,11.468726851851853,0.125,3.75,0.25,0.125,125.56409818281831,0.19981200085222636,SP,aruja,low_volume,low_volume,low_volume__low_volume
ac9b01377919cdbd2a1bbb8d5837c70b,1,79.44,55.9,23.54,79.44,9.7975,0.0,3.0,0.0,1.0,1244.2880912072733,0.29632426988922456,SP,mogi das cruzes,low_volume,low_volume,low_volume__low_volume
acadd4d36859671cb635527c6c977533,12,2646.94,2381.0,265.94,220.57833333333335,17.891220100308644,0.16666666666666666,4.25,0.08333333333333333,0.5,432.94364429711936,0.18546875017915085,SP,santa rosa de viterbo,low_volume,low_volume,low_volume__low_volume
acb6c2ca5c82411c1fdb88d5fd5eb95e,10,575.49,413.88,161.61,57.549,10.168471064814813,0.0,3.9,0.2,0.6,348.43795849601383,0.3068146933044342,SP,sao paulo,low_volume,low_volume,low_volume__low_volume
acce39e832338debb07b02385cde5967,44,5923.660000000001,4748.1,1175.56,134.6286363636364,7.04824626473064,0.0,4.4772727272727275,0.06818181818181818,0.8636363636363636,608.8188650351523,0.19968163255340618,MG,contagem,standard_value,standard_risk,standard_value__standard_risk
ace601496e211a664100321f038f50af,1,179.92,165.0,14.92,179.92,,0.0,2.0,1.0,0.0,378.73522390099794,0.08292574477545576,SP,sao paulo,low_volume,low_volume,low_volume__low_volume
aced59e9b31ef866a94f9e7f29d8d418,61,8315.8,7268.5,1047.3,136.3245901639344,9.736964936247723,0.08196721311475409,4.426229508196721,0.06557377049180328,0.4426229508196721,472.55268541232346,0.22283727559984176,SP,sao paulo,standard_value,standard_risk,standard_value__standard_risk
acf974e4d5950ad143a247471b831eb9,4,638.74,358.6,280.14,159.685,10.823321759259258,0.0,4.75,0.0,1.0,989.6858499484321,0.4309931075736204,RS,caxias do sul,low_volume,low_volume,low_volume__low_volume
ad14615bdd492b01b0d97922e87cb87f,1,19.21,8.25,10.96,19.21,13.583900462962964,0.0,5.0,0.0,0.0,245.4200353696408,0.5705361790733993,SC,tubarao,low_volume,low_volume,low_volume__low_volume
ad273c9eb54ecb4532de4bf75bae9e4e,10,829.75,645.0,184.75,82.975,12.209924768518519,0.0,4.1,0.1,1.0,352.2020608005325,0.25244846745318916,PR,curitiba,low_volume,low_volume,low_volume__low_volume
ad420dd0c4f92f8af951ac24b86d0cf5,40,5255.59,4380.29,875.3,131.38975,11.723797164351852,0.05,4.125,0.15,0.9,694.5864171062525,0.2283061834191908,MG,fronteira,standard_value,standard_risk,standard_value__standard_risk
ad738d3fcf42655ed15c4960b7b6c601,1,80.89,65.0,15.89,80.89,,0.0,1.0,1.0,1.0,820.4223487411515,0.19643960934602547,RS,novo hamburgo,low_volume,low_volume,low_volume__low_volume
ad75519a07f039025e83795a4418470f,3,417.92,302.1,115.82,139.30666666666667,9.542349537037039,0.0,3.6666666666666665,0.3333333333333333,0.6666666666666666,656.7530763155852,0.2823082685862021,GO,santa terezinha de goias,low_volume,low_volume,low_volume__low_volume
ad781527c93d00d89a11eecd9dcad7c1,44,9279.26,6899.570000000001,2379.69,210.89227272727274,25.504659478557503,0.2727272727272727,3.0681818181818183,0.4090909090909091,0.5681818181818182,754.4989621466958,0.24758073771151332,SP,sao jose do rio preto,standard_value,high_risk,standard_value__high_risk
ad87df7699e83b8a91822a4a0b765c3a,6,438.62,349.9,88.72,73.10333333333334,10.893604166666666,0.0,3.8333333333333335,0.0,0.5,617.8027237236811,0.23091404203506785,SP,jaguariuna,low_volume,low_volume,low_volume__low_volume
ad8ada0ffa993cb1197d102d9ab21a3e,1,656.16,599.8,56.36,656.16,,0.0,1.0,1.0,1.0,479.334581583373,0.08589368446720312,MG,araguari,low_volume,low_volume,low_volume__low_volume
ad8b531ae67582f096925cff5630d0d1,3,275.91,208.35000000000002,67.56,91.97000000000001,20.48488425925926,0.0,3.0,0.3333333333333333,1.0,887.5441540437861,0.48986474983712985,PR,castro,low_volume,low_volume,low_volume__low_volume
ad97a199236354e53fcd91a5a913e9a2,17,14074.7,13205.9,868.8,827.9235294117648,15.631237702546295,0.11764705882352941,4.529411764705882,0.058823529411764705,0.8235294117647058,491.65827383252275,0.06626563134309531,SC,brusque,low_volume,low_volume,low_volume__low_volume
adbc26658d6c7b4b6219f9d934598091,88,13692.25,11806.4,1885.85,155.59375,17.258289141414142,0.1590909090909091,4.125,0.1590909090909091,0.875,523.105994639848,0.13890127739238034,PR,curitiba,standard_value,standard_risk,standard_value__standard_risk
adbe70ab2c97442046d393988c8d1d27,4,285.40999999999997,229.6,55.81,71.35249999999999,6.744048032407408,0.0,5.0,0.0,0.75,373.0711450955731,0.19582893249965727,SP,maua,low_volume,low_volume,low_volume__low_volume
adcf50477d6a1f5d91bb9d54c4903cb5,19,2223.7999999999997,1425.14,798.66,117.04210526315788,23.489960214120373,0.15789473684210525,3.263157894736842,0.3157894736842105,0.7368421052631579,572.9562466086912,0.4213049550709619,MG,claudio,low_volume,low_volume,low_volume__low_volume
ade45994b717ccee333492330fbf037b,10,7479.63,7196.0,283.63,747.963,8.410002314814815,0.0,4.5,0.0,1.0,1025.6007308833591,0.038928934382235166,PR,umuarama,low_volume,low_volume,low_volume__low_volume
aded58c8142dedc5494a81f948431fab,4,379.48,289.5,89.98,94.87,8.741727430555557,0.0,3.75,0.25,0.75,312.803809315031,0.26424064127153785,RJ,rio de janeiro,low_volume,low_volume,low_volume__low_volume
ae45ad30c2d2e5913094769690a239d2,1,283.06,251.8,31.26,283.06,19.199479166666663,0.0,5.0,0.0,1.0,685.744196838013,0.11043594997527026,SP,franca,low_volume,low_volume,low_volume__low_volume
ae45df84722b1d15c5f32b23a095746c,9,1065.49,901.8299999999999,163.66,118.38777777777779,7.418199588477366,0.0,4.777777777777778,0.0,0.5555555555555556,469.4044359990298,0.16994016035090806,SP,sao paulo,low_volume,low_volume,low_volume__low_volume
ae7ab174effdead6c241e547e4ca13f0,6,3574.06,2778.6,795.46,595.6766666666666,9.565426311728395,0.0,4.333333333333333,0.16666666666666666,1.0,473.01849854471266,0.22514182626924642,PR,arapongas,low_volume,low_volume,low_volume__low_volume
ae8bfdbf1c2a2a2dee92d799db0a31c6,8,486.14,339.92,146.22,60.7675,8.8746875,0.0,4.125,0.0,1.0,898.5887948581677,0.3296496726220401,PR,toledo,low_volume,low_volume,low_volume__low_volume
ae9690c6e8fee182c28c9ff8e11ca52c,1,59.81,47.4,12.41,59.81,4.4846875,0.0,5.0,0.0,0.0,11.907030974444183,0.2074903862230396,SP,sao paulo,low_volume,low_volume,low_volume__low_volume
aeb36d67f1414f234d42a29e27cf1f17,4,3548.1,3263.8,284.3,887.025,19.47006076388889,0.25,4.5,0.0,0.5,871.0306900841936,0.07683266717427868,SP,santo andre,low_volume,low_volume,low_volume__low_volume
aec99834ab5d38ead22766ada8497e87,1,476.51,459.0,17.51,476.51,7.261747685185185,0.0,5.0,0.0,1.0,199.2533898967356,0.03674634320371031,PR,colombo,low_volume,low_volume,low_volume__low_volume
af3ef48d0e13835e529c29ac573c63e5,21,1873.13,1405.63,467.5,89.19666666666667,7.9285300925925934,0.047619047619047616,3.761904761904762,0.23809523809523808,0.23809523809523808,288.54254881494523,0.24930393660886122,SP,araraquara,low_volume,low_volume,low_volume__low_volume
af4a0e4cfe1d9c26b6712b1be25a72e5,21,9351.6,8757.98,593.62,445.31428571428575,13.361939484126983,0.09523809523809523,3.4285714285714284,0.38095238095238093,0.9523809523809523,688.3422121642659,0.07372679675000479,MG,mateus leme,low_volume,low_volume,low_volume__low_volume
af7cdac9d9897cddead9c6b08976c642,6,694.01,543.54,150.47,115.66833333333334,15.225084876543207,0.16666666666666666,3.6666666666666665,0.16666666666666666,0.5,500.09134365883483,0.2190777949756512,SP,laranjal paulista,low_volume,low_volume,low_volume__low_volume
afa6714acee029b2dfdf357e5579cc03,16,3603.58,3220.7599999999998,382.82,225.22375,12.73338179976852,0.125,4.25,0.125,0.6875,724.0035802064058,0.13092148337601153,SP,descalvado,low_volume,low_volume,low_volume__low_volume
afac9f6b0c4e5f0a7ee87e922cd0f873,1,32.839999999999996,20.99,11.85,32.839999999999996,,0.0,1.0,1.0,0.0,285.2869290543871,0.3608404384896468,SP,bauru,low_volume,low_volume,low_volume__low_volume
afe0067131b73e40875c9b6c10bd2e21,45,6153.1900000000005,5040.5,1112.69,136.73755555555556,15.58997711489899,0.044444444444444446,4.2,0.1111111111111111,0.8888888888888888,779.8425562968282,0.178701491414066,MG,lagoa da prata,standard_value,standard_risk,standard_value__standard_risk
b00af24704019bd2e1b335e70ad11f7c,1,207.25,189.0,18.25,207.25,15.554780092592592,0.0,5.0,0.0,1.0,760.3234791271241,0.08805790108564536,BA,salvador,low_volume,low_volume,low_volume__low_volume
b01c2b7b8599b325103ebcddc67413e1,4,242.12,169.45,72.67,60.53,8.455002893518518,0.0,4.75,0.0,0.75,797.7178190773194,0.29863514925779305,RS,venancio aires,low_volume,low_volume,low_volume__low_volume
b026643914f651e8371425e5b8a1e780,1,43.0,27.9,15.1,43.0,10.41914351851852,0.0,5.0,0.0,1.0,695.634722977075,0.3511627906976744,RJ,rio de janeiro,low_volume,low_volume,low_volume__low_volume
b0398568231ba5e6734af1881671a317,4,770.12,656.77,113.35,192.53,13.211869212962963,0.0,4.0,0.25,1.0,804.511314050726,0.2360162781518718,ES,colatina,low_volume,low_volume,low_volume__low_volume
b05b432bf68945d4d9783f9e3ca29ee8,2,250.89,224.8,26.09,125.445,5.414924768518519,0.0,4.5,0.0,0.0,467.317260009527,0.11204823028782414,SP,birigui,low_volume,low_volume,low_volume__low_volume
b080809eaacb49e5ca07290981472431,11,567.4,424.0,143.4,51.58181818181818,10.537906144781145,0.0,4.818181818181818,0.0,0.6363636363636364,352.6689053602108,0.2514606806909924,MG,belo horizonte,low_volume,low_volume,low_volume__low_volume
b0b346d3a89f5eb4c2968af3f083cd43,11,826.6,614.0,212.60000000000002,75.14545454545454,23.350222479423866,0.36363636363636365,3.272727272727273,0.36363636363636365,0.6363636363636364,593.7255844496659,0.2521692112725999,SP,campinas,low_volume,low_volume,low_volume__low_volume
b0f2a6122a90a93eb03e68653dd960e3,6,1758.28,1620.3,137.98,293.0466666666667,7.8698900462962955,0.0,4.833333333333333,0.0,1.0,333.4924204524552,0.13879290927459498,PR,curitiba,low_volume,low_volume,low_volume__low_volume
b1204cfda1d4948679db3cfc0d3cb95c,7,3078.1500000000005,2903.7,174.45000000000002,439.7357142857144,9.825545910493828,0.0,4.0,0.2857142857142857,0.8571428571428571,540.3724179467548,0.20851343465334732,SP,guarulhos,low_volume,low_volume,low_volume__low_volume
b127efdabeffb5d559349c7b172eb75d,10,421.27,308.5,112.77,42.126999999999995,9.848835648148148,0.1,4.8,0.0,0.8,554.5217790240868,0.26239950283001867,SP,sao paulo,low_volume,low_volume,low_volume__low_volume
b12cfd255810394b60caef18ae163547,2,726.15,560.0,166.14999999999998,363.075,15.839143518518519,0.0,4.5,0.0,1.0,680.3630430708315,0.22750060226776753,PR,cascavel,low_volume,low_volume,low_volume__low_volume
b14db04aa7881970e83ffa9426897925,80,7583.48,5474.2,2109.28,94.7935,16.225766820987655,0.1125,3.7125,0.2,0.6375,696.2614788305725,0.2658844463657961,SP,sorocaba,standard_value,high_risk,standard_value__high_risk
b16d3dadc47d4eb18be3d88bad0775ce,10,900.54,722.1,178.44,90.054,6.42946875,0.1,4.3,0.1,0.8,579.836708728098,0.2614001730467604,RS,estancia velha,low_volume,low_volume,low_volume__low_volume
b17b679f4f5ce2e03ce6968c62648246,55,5160.82,4084.75,1076.07,93.8330909090909,19.22530671296296,0.16363636363636364,3.709090909090909,0.23636363636363636,0.6727272727272727,779.8853026721052,0.2415619259250461,SP,ribeirao preto,standard_value,high_risk,standard_value__high_risk
b18871c324516afa228a13e8f1ef0ae9,9,1308.4,1064.6,243.8,145.3777777777778,8.933315329218107,0.1111111111111111,3.4444444444444446,0.4444444444444444,0.4444444444444444,235.10331064554396,0.19289377565195726,SP,sao paulo,low_volume,low_volume,low_volume__low_volume
b18dc380845b24038cfc48006478f099,43,9037.02,8153.41,883.61,210.1632558139535,12.756521164021164,0.13953488372093023,4.1395348837209305,0.11627906976744186,0.5813953488372093,634.4878432837677,0.1194824691674007,SP,diadema,standard_value,standard_risk,standard_value__standard_risk
b19c48688808720822399ffa9f2dbe2f,1,984.81,959.99,24.82,984.81,6.303900462962963,0.0,5.0,0.0,1.0,899.9608042066674,0.025202831002934578,SP,sao paulo,low_volume,low_volume,low_volume__low_volume
b19f3ca2ea475913750f25a5c37c8d8f,24,7549.55,6202.91,1346.6399999999999,314.56458333333336,18.389999390838206,0.25,2.7916666666666665,0.5,0.625,420.21447199622645,0.18060977484358834,MG,divinopolis,low_volume,low_volume,low_volume__low_volume
b1a81260566c1bac3114a6d124413f27,51,10250.2,8684.69,1565.51,200.9843137254902,8.565282543572986,0.0196078431372549,4.2745098039215685,0.13725490196078433,0.8627450980392157,950.3138836709436,0.16391145644437974,RS,carazinho,standard_value,standard_risk,standard_value__standard_risk
b1aaae6b66ad3c40f54b389d7ea4bee0,15,1569.24,1176.5,392.74,104.616,8.024413580246913,0.0,4.4,0.06666666666666667,0.7333333333333333,547.6368270962419,0.22414654479094773,SP,sao paulo,low_volume,low_volume,low_volume__low_volume
b1ac6ea7895bc3dd6f0f6f4abbdd2821,40,3964.33,3139.0,825.33,99.10825,10.18083455165692,0.0,4.35,0.075,0.825,958.0436750042733,0.2133361709397057,RS,canoas,standard_value,standard_risk,standard_value__standard_risk
b1b3948701c5c72445495bd161b83a4c,18,25185.489999999998,24699.19,486.3,1399.1938888888888,23.403023313492064,0.5,1.7222222222222223,0.7777777777777778,0.4444444444444444,404.5540683265216,0.02639870052989784,SP,sao paulo,low_volume,low_volume,low_volume__low_volume
b1fc4f64df5a0e8b6913ab38803c57a9,105,9976.3,7869.76,2106.54,95.01238095238095,15.734006613756613,0.12380952380952381,3.857142857142857,0.20952380952380953,0.8095238095238095,834.8187612792873,0.20693299025932949,RJ,sao goncalo,standard_value,high_risk,standard_value__high_risk
b1fecf4da1fa2689bccffa0121953643,19,4066.72,3669.64,397.08,214.0378947368421,10.201297514619883,0.0,4.947368421052632,0.0,1.0,1065.446841236347,0.10573515180602033,MS,campo grande,low_volume,low_volume,low_volume__low_volume
b2479f944e1b90cf8a5de1bbfde284d6,102,6931.63,4709.52,2222.11,67.9571568627451,15.336380787037037,0.13725490196078433,3.450980392156863,0.3137254901960784,0.5,545.4157793386773,0.321374291723599,SP,ibitinga,standard_value,high_risk,standard_value__high_risk
b248792ac0b60ec3f93d80af1b4fae47,7,608.35,454.5,153.85,86.90714285714286,6.652924933862434,0.14285714285714285,3.857142857142857,0.14285714285714285,0.42857142857142855,589.0061437854649,0.25719144442644787,SP,sao caetano do sul,low_volume,low_volume,low_volume__low_volume
b26741d31a563d769b4af0465ab20c56,2,695.03,648.0,47.03,347.515,12.684010416666666,0.0,4.0,0.0,1.0,1806.5507604080465,0.06666051508595874,SC,florianopolis,low_volume,low_volume,low_volume__low_volume
b274baf5bbd142410eb2958cf685d684,7,734.57,585.9,148.67000000000002,104.93857142857144,6.354259259259259,0.0,4.285714285714286,0.14285714285714285,1.0,1146.3258436618062,0.19792711099408883,RS,montenegro,low_volume,low_volume,low_volume__low_volume
b29d3380981c51df13fc6fbe87e1763d,6,533.88,435.3,98.58,88.98,8.02613425925926,0.0,3.8333333333333335,0.16666666666666666,0.0,300.9615448590935,0.20775833206003913,SP,ribeirao preto,low_volume,low_volume,low_volume__low_volume
b2a6d334e2833acea353624840e25a0e,25,2038.59,1650.98,387.61,81.5436,10.790025,0.0,4.48,0.08,0.72,646.166646019619,0.23660289864862583,SP,sao paulo,low_volume,low_volume,low_volume__low_volume
b2ac621f0d0322434d04a12b078b9369,30,10356.89,9575.5,781.39,345.2296666666667,14.670295524691358,0.1,4.4,0.06666666666666667,0.9666666666666667,1112.937129248188,0.12508598547606103,PR,curitiba,standard_value,standard_risk,standard_value__standard_risk
b2ba3715d723d245138f291a6fe42594,334,56038.24,49752.18,6286.06,167.7791616766467,14.013644102630668,0.08383233532934131,4.098802395209581,0.1467065868263473,0.5059880239520959,459.80566101065307,0.14312757296579953,SP,sao paulo,high_value,standard_risk,high_value__standard_risk
b2bdc5e7940a7d7ca8c4a37953b27a42,1,312.49,250.0,62.49,312.49,,0.0,4.5,0.0,1.0,1007.4686154686822,0.19997439918077378,SP,vargem grande do sul,low_volume,low_volume,low_volume__low_volume
b2c97074649f92197d9387d9033dda5f,10,964.0799999999999,684.71,279.37,96.40799999999999,12.233510416666666,0.1,4.7,0.0,0.8,1085.5391714851437,0.2850291703670861,SP,botucatu,low_volume,low_volume,low_volume__low_volume
b2eecf5ea250510da76590ca79d60e5d,9,1213.15,1060.0,153.15,134.79444444444445,6.1671476337448565,0.0,5.0,0.0,0.4444444444444444,281.84651807709906,0.18944125533426887,SP,sao paulo,low_volume,low_volume,low_volume__low_volume
b2f4d63c7203f539a78252565ca32257,1,35.74,14.9,20.84,35.74,13.007511574074076,0.0,5.0,0.0,1.0,388.8805464171842,0.583100167879127,RJ,armacao dos buzios,low_volume,low_volume,low_volume__low_volume
b32be1695eb7ec5f10f72d9610a12527,44,29501.53,26575.0,2926.53,670.4893181818181,12.319629091300605,0.045454545454545456,4.068181818181818,0.13636363636363635,0.7954545454545454,863.8318665494353,0.13150829466066571,RS,caxias do sul,high_value,standard_risk,high_value__standard_risk
b335c59ab742f751a85db9c411a86739,33,3480.7200000000003,2873.34,607.38,105.47636363636364,16.15451427469136,0.030303030303030304,3.8484848484848486,0.12121212121212122,0.7575757575757576,614.059277580411,0.22582013052064318,MG,araguari,standard_value,standard_risk,standard_value__standard_risk
b33aaadd1a8891d2dfef0c4c3bdf0371,16,1863.04,1504.0,359.04,116.44,14.021278211805555,0.125,3.9375,0.1875,0.4375,440.0217144820804,0.18732516619468983,SP,limeira,low_volume,low_volume,low_volume__low_volume
b33e7c55446eabf8fe1a42d037ac7d6d,152,47710.24,44985.17,2725.07,313.8831578947368,16.27741144668158,0.125,4.1644736842105265,0.13815789473684212,0.6381578947368421,681.2273279705734,0.06871978456730442,SP,pradopolis,high_value,standard_risk,high_value__standard_risk
b347677812ea483b0f528eaf8cbc09b7,21,8051.34,7288.99,762.35,383.39714285714285,13.219165564373899,0.0,4.523809523809524,0.047619047619047616,0.9047619047619048,784.5418004172011,0.09772175773213015,PR,curitiba,low_volume,low_volume,low_volume__low_volume
b372ee768ed69e46ca8cdbd267aa7a38,63,13813.84,12630.0,1183.84,219.2673015873016,12.494652410346854,0.0,4.436507936507937,0.09523809523809523,0.6666666666666666,760.2042694021537,0.1326616424998526,SP,sao jose do rio preto,standard_value,standard_risk,standard_value__standard_risk
b37c4c02bda3161a7546a4e6d222d5b2,4,24487.6,24075.0,412.6,6121.9,18.67324074074074,0.25,2.25,0.75,1.0,677.5243544892587,0.03260382439383504,SP,sao paulo,low_volume,low_volume,low_volume__low_volume
b3809b8d4394588a47c8470ea331e135,1,96.88,89.0,7.88,96.88,5.049641203703704,0.0,4.0,0.0,0.0,40.86315318290108,0.08133773740710157,SP,sao paulo,low_volume,low_volume,low_volume__low_volume
b39d7fe263ef469605dbb32608aee0af,43,6068.45,5033.2,1035.25,141.1267441860465,13.443218143738978,0.046511627906976744,3.883720930232558,0.16279069767441862,0.5116279069767442,546.9945547233094,0.17758414605702094,SP,ibitinga,standard_value,standard_risk,standard_value__standard_risk
b3b17aab11f273023a5f22ca52e1eb70,7,7325.35,6850.0,475.34999999999997,1046.4785714285715,16.551684854497356,0.14285714285714285,4.857142857142857,0.0,1.0,833.6049674007635,0.057892731001373945,PR,londrina,low_volume,low_volume,low_volume__low_volume
b3e2faf2c1004d674f16a3aa3197f0e1,3,95.24000000000001,61.47,33.77,31.74666666666667,6.792133487654321,0.0,5.0,0.0,0.0,201.18449612288566,0.367544065757817,SP,ribeirao preto,low_volume,low_volume,low_volume__low_volume
b3f19518fcec265b2e97af287725f981,9,624.48,486.91,137.57,69.38666666666667,10.66591724537037,0.0,4.222222222222222,0.0,0.6666666666666666,677.4909752725707,0.2351703817922328,SP,tanabi,low_volume,low_volume,low_volume__low_volume
b410bdd36d5db7a65dcd42b7ead933b8,44,8733.61,7726.9,1006.71,198.49113636363637,9.202473820546738,0.022727272727272728,4.659090909090909,0.045454545454545456,0.8863636363636364,710.5336151738207,0.1151996372218552,GO,goiania,standard_value,standard_risk,standard_value__standard_risk
b416191c9813d821a295cfabafff4161,2,150.14,117.8,32.34,75.07,19.298738425925926,0.0,2.5,0.5,1.0,489.8312634014806,0.2153989609697616,SP,franca,low_volume,low_volume,low_volume__low_volume
b43d8b707f887a30f4675391098354a0,3,1526.7600000000002,1342.0,184.76,508.9200000000001,24.6128125,0.3333333333333333,3.0,0.3333333333333333,1.0,899.4637983452212,0.11894219061513929,SP,ipira,low_volume,low_volume,low_volume__low_volume
b44dbfbf62e52125f3c15d230569ea91,4,699.06,609.37,89.69000000000001,174.765,4.995295138888889,0.0,4.75,0.0,0.5,269.43443628389355,0.1745542145485434,SP,sao paulo,low_volume,low_volume,low_volume__low_volume
b452cb0ae35044c4a53179c39f49fb06,2,101.98999999999998,63.699999999999996,38.29,50.99499999999999,16.722858796296297,0.0,4.0,0.0,0.5,465.0983719963888,0.36535967466097574,SP,sorocaba,low_volume,low_volume,low_volume__low_volume
b45d7ebfb7378630f1bcd74b6ff86ff7,5,1110.01,1007.5,102.51,222.002,29.70025077160494,0.0,3.8,0.2,0.6,671.9697026727532,0.13845431537093106,MG,belo horizonte,low_volume,low_volume,low_volume__low_volume
b494891378bd8f4560abe576c52deacd,20,3270.82,2958.9,311.92,163.541,5.474568104288499,0.05,4.65,0.05,0.5,544.4803630726933,0.11114946149006721,SP,sao paulo,low_volume,low_volume,low_volume__low_volume
b499c00f28f4b7069ff6550af8c1348a,152,12905.08,10327.130000000001,2577.95,84.90184210526316,11.269584986772488,0.125,4.125,0.13157894736842105,0.4407894736842105,413.3401952919097,0.2212489859967368,SP,limeira,standard_value,standard_risk,standard_value__standard_risk
b4a476fbd28de64b1e347abf9089366a,32,6320.93,5329.04,991.89,197.5290625,12.26843271072797,0.09375,3.84375,0.1875,0.625,692.5059009264223,0.24898066771275346,SP,itapevi,standard_value,high_risk,standard_value__high_risk
b4b447d715f9ab302a188fb43d3e96b3,5,779.6600000000001,685.9300000000001,93.73,155.93200000000002,3.623861111111111,0.2,4.8,0.0,0.2,203.81156672200032,0.11701658826502177,SP,sao paulo,low_volume,low_volume,low_volume__low_volume
b4f8921fcc4ff77b66bea6dda43dcd51,18,12863.41,11395.05,1468.3600000000001,714.6338888888889,7.78515367798354,0.05555555555555555,4.555555555555555,0.1111111111111111,0.8333333333333334,625.2632701793013,0.12159251238216534,RS,caxias do sul,low_volume,low_volume,low_volume__low_volume
b4ffb71f0cb1b1c3d63fad021ecf93e1,144,9176.07,6656.09,2519.98,63.72270833333333,10.105635926573427,0.020833333333333332,4.225694444444445,0.11805555555555555,0.6319444444444444,713.4816622715175,0.33835281139084306,SP,sao paulo,standard_value,standard_risk,standard_value__standard_risk
b55638ad525e906c698fa2ce742c1742,11,1385.67,1094.8,290.87,125.97000000000001,23.431376262626262,0.18181818181818182,4.181818181818182,0.0,1.0,875.1663975397273,0.22478718399070238,SC,imbituba,low_volume,low_volume,low_volume__low_volume
b561927807645834b59ef0d16ba55a24,85,5807.03,4501.99,1305.04,68.318,12.612163671023964,0.1411764705882353,4.341176470588235,0.09411764705882353,0.5411764705882353,512.9951435194505,0.2758932765158101,SP,sao paulo,standard_value,standard_risk,standard_value__standard_risk
b566ab0ef88016e00422755e305103c6,5,1428.22,1208.0,220.21999999999997,285.644,13.048136574074073,0.2,3.2,0.4,0.8,565.3049745681615,0.2042454465864393,MG,extrema,low_volume,low_volume,low_volume__low_volume
b56828a9f9027f3c918c04ca720d9e3c,3,471.61,360.0,111.61000000000001,157.20333333333335,16.972858796296297,0.3333333333333333,2.6666666666666665,0.3333333333333333,0.3333333333333333,818.4846741031384,0.22604450406462817,SP,praia grande,low_volume,low_volume,low_volume__low_volume
b56906f7fd1696e043f1bcce164c487b,40,2995.42,2148.49,846.93,74.88550000000001,12.87296412037037,0.05,4.0,0.2,0.725,855.9468143191158,0.29072436432260745,SP,echapora,standard_value,high_risk,standard_value__high_risk
b57e8460909fa137df7951b4a3b5ea84,1,282.14,198.0,84.14,282.14,,0.0,2.0,1.0,1.0,849.0900243898204,0.2982207414758631,RS,porto alegre,low_volume,low_volume,low_volume__low_volume
b586cd24c010a13916af621b0325fbba,6,1372.93,1108.94,263.99,228.8216666666667,5.270991512345678,0.0,3.8333333333333335,0.16666666666666666,0.6666666666666666,482.938291443731,0.19972435033978442,SC,rio do sul,low_volume,low_volume,low_volume__low_volume
b5abf4f36adc043117b4fca82c22984c,11,1531.79,1247.8,283.99,139.25363636363636,19.701410590277778,0.18181818181818182,2.5454545454545454,0.5454545454545454,0.8181818181818182,773.4436452871313,0.22154200911981217,DF,brasilia,low_volume,low_volume,low_volume__low_volume
b5b800c4065bebf4d3442311c9857344,1,88.81,79.9,8.91,88.81,6.455601851851852,0.0,5.0,0.0,0.0,71.25962613549103,0.10032653980407612,SP,sao paulo,low_volume,low_volume,low_volume__low_volume
b5bb2b985208834bd5bd86c7a402bbad,2,659.72,621.06,38.66,329.86,11.335590277777778,0.0,5.0,0.0,1.0,1109.9894963380514,0.058596133245759144,RS,venancio aires,low_volume,low_volume,low_volume__low_volume
b5d034ac251546e25afe9067f05c1539,1,85.27000000000001,69.9,15.37,85.27000000000001,12.577013888888889,0.0,5.0,0.0,1.0,385.5033605379336,0.18025096751495248,SP,itapecerica da serra,low_volume,low_volume,low_volume__low_volume
b5dd7151a92ccaaa282cbe9681a05f44,1,103.7,85.0,18.7,103.7,13.437083333333334,0.0,5.0,0.0,1.0,714.0993288642219,0.180327868852459,SP,ribeirao preto,low_volume,low_volume,low_volume__low_volume
b5e3e38609125694d2ea2417522a60b7,16,1296.18,995.04,301.14,81.01125,18.195497685185185,0.25,4.3125,0.0625,0.875,1023.6633637268594,0.27394020008389425,SC,florianopolis,low_volume,low_volume,low_volume__low_volume
b5f0712d22a873b6797ab6cc65c3fcba,1,21.28,12.99,8.29,21.28,3.2610069444444445,0.0,4.0,0.0,0.0,15.832260695687918,0.3895676691729323,SP,sao paulo,low_volume,low_volume,low_volume__low_volume
b5f49fe968dff6b112861e6cd8e192ef,1,237.67000000000002,194.70000000000002,42.97,237.67000000000002,13.995439814814814,0.0,5.0,0.0,1.0,822.0911481704135,0.18079690326923883,PR,curitiba,low_volume,low_volume,low_volume__low_volume
b64d51f0435e884e8de603b1655155ae,17,773.54,416.17999999999995,357.36,45.50235294117647,7.401608796296296,0.17647058823529413,4.294117647058823,0.11764705882352941,0.29411764705882354,193.58490760578147,0.4628480354323398,SP,garulhos,low_volume,low_volume,low_volume__low_volume
b67d6c666e8dce1d078c882825e12704,7,457.03000000000003,352.84,104.19,65.29,7.684325396825396,0.0,4.857142857142857,0.0,0.42857142857142855,581.4225558399414,0.3114023284174362,SP,sao paulo,low_volume,low_volume,low_volume__low_volume
b6c6854d4d92a5f6f46be8869da3fa1a,1,87.82000000000001,69.9,17.92,87.82000000000001,,0.0,1.0,1.0,1.0,344.1181012150798,0.20405374629924847,SP,sao paulo,low_volume,low_volume,low_volume__low_volume
b6d44737c043328708f6749c2dbe50bd,62,6935.2,5369.6,1565.6,111.85806451612903,8.211718085913782,0.06451612903225806,4.467741935483871,0.0967741935483871,0.4838709677419355,295.71088652543034,0.23165949523831908,SP,santo andre,standard_value,standard_risk,standard_value__standard_risk
b6dc74ed30f124f95227bed4e43a3bed,11,747.59,518.9599999999999,228.63,67.96272727272728,18.03835390946502,0.09090909090909091,4.0,0.18181818181818182,0.7272727272727273,829.9912932261642,0.3128441095065981,PR,arapongas,low_volume,low_volume,low_volume__low_volume
b6e1504972665f739dec4facb9943775,14,1710.37,1484.48,225.89,122.1692857142857,11.147410714285714,0.07142857142857142,4.357142857142857,0.14285714285714285,0.5,461.59964639508604,0.17886384113443113,SP,piracicaba,low_volume,low_volume,low_volume__low_volume
b6f52e346160519c24a23af05410ad32,1,143.25,129.9,13.35,143.25,12.60994212962963,0.0,4.0,0.0,0.0,123.78371931878297,0.0931937172774869,SP,sao paulo,low_volume,low_volume,low_volume__low_volume
b74d1c09cb380e1d03a6f859c6f4224b,31,3053.2,2221.6,831.6,98.49032258064516,10.78025424382716,0.12903225806451613,4.258064516129032,0.0967741935483871,0.8709677419354839,602.5024769829823,0.31115535245007064,RJ,rio de janeiro,standard_value,standard_risk,standard_value__standard_risk
b76a1f8356322f12529c37b67d5c96c2,5,354.89000000000004,298.5,56.39,70.97800000000001,7.468219907407407,0.0,4.8,0.0,0.2,192.78828415522233,0.18922758352908015,SP,santos,low_volume,low_volume,low_volume__low_volume
b76dba6c951ab00dc4edf0a1aa88037e,157,4829.33,2552.8,2276.53,30.760063694267515,10.324203853046596,0.03184713375796178,4.178343949044586,0.11464968152866242,0.5987261146496815,532.3393400848804,0.47097808532472935,SP,sao paulo,standard_value,standard_risk,standard_value__standard_risk
b76f4d90e85657a240495c876313adc5,1,318.3,299.0,19.3,318.3,2.6615972222222224,0.0,5.0,0.0,0.0,90.4637795281479,0.06063462142632736,SP,hortolandia,low_volume,low_volume,low_volume__low_volume
b77a27b1864483e721dc831d5ba4afa0,2,70.42,41.8,28.619999999999997,35.21,8.473414351851853,0.0,3.5,0.5,1.0,623.4307086551958,0.4063975155279503,RJ,duque de caxias,low_volume,low_volume,low_volume__low_volume
b7ba853e9551f4558440881fd3e5c815,2,414.78999999999996,376.8,37.989999999999995,207.39499999999998,34.95599537037037,0.0,1.0,1.0,0.5,856.1278733892032,0.10339483931339571,RS,santo antonio da patrulha,low_volume,low_volume,low_volume__low_volume
b7cc6c5e001441ae8cdd5c69a480cbe4,6,872.3,651.8,220.49999999999997,145.38333333333333,12.828016203703703,0.0,4.166666666666667,0.16666666666666666,0.8333333333333334,693.9274228005584,0.310312110158464,SC,curitibanos,low_volume,low_volume,low_volume__low_volume
b7d5b4b87af9d42b601865d3f3810bff,2,1090.02,1049.0,41.019999999999996,545.01,8.628703703703703,0.0,2.0,0.5,1.0,729.3996145993752,0.04203862132735083,SC,florianopolis,low_volume,low_volume,low_volume__low_volume
b7e1750c1157341d2abd0251e07c186b,3,220.56,159.6,60.96,73.52,10.344594907407407,0.0,4.333333333333333,0.0,1.0,614.4024886264082,0.3195641480855365,SP,sao paulo,low_volume,low_volume,low_volume__low_volume
b7ed9fb14c8eadb37adb9c45d67ab0fb,7,787.75,566.0,221.75,112.53571428571429,12.56320105820106,0.0,3.2857142857142856,0.42857142857142855,0.8571428571428571,1039.4984073574717,0.25211776375648615,SP,jacarei,low_volume,low_volume,low_volume__low_volume
b8114f2f589a6804810f04f99b36b498,8,1692.03,1399.62,292.41,211.50375,4.987507233796296,0.0,4.75,0.0,0.375,337.72866382161834,0.1697892983597165,SP,sao bernardo do campo,low_volume,low_volume,low_volume__low_volume
b81e3a6c866a764974fe849821abeebd,8,1053.01,836.1500000000001,216.86,131.62625,6.141940104166666,0.0,4.625,0.0,0.25,288.48008170029897,0.25891327019063437,SP,maua,low_volume,low_volume,low_volume__low_volume
b839e41795b7f3ad94cc2014a52f6796,33,43749.93,42829.0,920.93,1325.7554545454545,6.671601430976431,0.030303030303030304,4.090909090909091,0.18181818181818182,0.48484848484848486,279.87272322695924,0.024522405515649878,SP,sao caetano do sul,high_value,high_risk,high_value__high_risk
b83cedfb587e7911540e3f576d6917ce,24,2568.75,2224.95,343.8,107.03125,10.15885368441358,0.08333333333333333,4.208333333333333,0.125,0.4583333333333333,426.8738106653985,0.16690234622176878,SP,sao paulo,low_volume,low_volume,low_volume__low_volume
b8555308bfdb4ca1ed54325a58da9a97,26,3630.03,3047.2000000000003,582.83,139.61653846153848,10.219418625356125,0.07692307692307693,4.0,0.11538461538461539,0.5769230769230769,642.4666917222047,0.16079342448812564,SP,sao bernardo do campo,low_volume,low_volume,low_volume__low_volume
b8578d2d823bd8e251f6fdd02b40902d,9,1499.6,1255.6,244.0,166.6222222222222,9.916325874485597,0.0,4.444444444444445,0.1111111111111111,1.0,826.4634755294314,0.19915505473684586,SC,blumenau,low_volume,low_volume,low_volume__low_volume
b8630e1121437d41cb08e3c749c2c2e2,12,7334.1,6988.0,346.1,611.1750000000001,11.137473958333333,0.16666666666666666,4.333333333333333,0.16666666666666666,0.6666666666666666,400.13121172567065,0.1308277213459481,RJ,duque de caxias,low_volume,low_volume,low_volume__low_volume
b86a47b3366e3b5424a7b225781f4908,1,106.35,86.5,19.85,106.35,14.259398148148149,0.0,3.0,0.0,1.0,1218.1364772547486,0.18664786083685944,MG,passos,low_volume,low_volume,low_volume__low_volume
b87a7ea0c30fad2dd6781b74a0064859,9,637.75,515.4,122.35,70.86111111111111,15.243249742798351,0.3333333333333333,3.4444444444444446,0.3333333333333333,0.5555555555555556,676.5872123757299,0.23002333592814272,SP,sao paulo,low_volume,low_volume,low_volume__low_volume
b88e7c57cb2d8b973b7dd4a2bfa14b36,4,419.6700000000001,353.9,65.77,104.91750000000002,9.365081018518518,0.0,4.25,0.0,1.0,620.2635734061873,0.32573520104878717,PR,curitiba,low_volume,low_volume,low_volume__low_volume
b8a0adc91af209270c2c725168eb00fd,6,388.49,281.4,107.09,64.74833333333333,11.105634645061729,0.0,4.0,0.16666666666666666,0.3333333333333333,421.9381154215545,0.278699385525777,SP,ibitinga,low_volume,low_volume,low_volume__low_volume
b8bc237ba3788b23da09c0f1f3a3288c,44,15315.890000000001,13426.710000000001,1889.18,348.0884090909091,11.626847906144782,0.022727272727272728,4.318181818181818,0.06818181818181818,0.9772727272727273,623.0606101225626,0.12158776409230233,SC,itajai,standard_value,standard_risk,standard_value__standard_risk
b8d890108a7a80e4f5d59eea9f362438,2,124.28999999999999,89.69999999999999,34.59,62.144999999999996,13.931145833333334,0.5,3.5,0.0,0.5,209.42675296100896,0.2907072898476872,PR,curitiba,low_volume,low_volume,low_volume__low_volume
b906dd0e57f282c7089171b6ed07982e,2,210.75,175.0,35.75,105.375,6.987065972222222,0.0,4.0,0.0,1.0,716.8038395624704,0.18112445062130433,PR,parana,low_volume,low_volume,low_volume__low_volume
b90e891671cffd9557f33a97dc523645,34,5081.3099999999995,4449.0,632.31,149.45029411764705,7.635536832788671,0.0,4.323529411764706,0.08823529411764706,0.8235294117647058,475.27298480134675,0.148138975782184,PR,sao jose dos pinhais,standard_value,standard_risk,standard_value__standard_risk
b92e3c8f9738272ff7c59e111e108d7c,62,10645.3,8231.09,2414.21,171.69838709677418,16.729624402628435,0.03225806451612903,4.161290322580645,0.1774193548387097,0.8064516129032258,588.0349967099432,0.22584837339394795,MG,uba,standard_value,standard_risk,standard_value__standard_risk
b94cc9f10ddc85e4ba73a6f7974e7101,37,25077.82,24096.3,981.52,677.7789189189189,10.237647334834834,0.05405405405405406,4.297297297297297,0.13513513513513514,0.8378378378378378,718.7741105676938,0.03862207333871408,RJ,macae,high_value,standard_risk,high_value__standard_risk
b98b715fe9e276204e2a3464f48cd796,6,517.62,450.58000000000004,67.03999999999999,86.27,11.317511574074075,0.16666666666666666,3.3333333333333335,0.3333333333333333,0.3333333333333333,139.24836220747113,0.1522297425904212,SP,sao paulo,low_volume,low_volume,low_volume__low_volume
b9a03475e6447e631b6799ec8274800f,10,1644.0800000000002,1349.1,294.98,164.40800000000002,10.848541666666666,0.0,4.2,0.1,1.0,982.2446387543708,0.20392002818292845,PR,formosa do oeste,low_volume,low_volume,low_volume__low_volume
b9c0ffa92f3ff9a5a3d45ef7213c0842,3,572.17,490.0,82.17,190.72333333333333,21.183537808641976,0.0,5.0,0.0,1.0,1766.7525293007056,0.1537953684532042,SP,sao paulo,low_volume,low_volume,low_volume__low_volume
b9ca8e8baa5d4aa038394a700f63e69f,14,1677.95,1289.77,388.18,119.85357142857143,9.672949735449736,0.07142857142857142,4.214285714285714,0.07142857142857142,0.5,415.4459448822609,0.21405738435443192,SP,sao paulo,low_volume,low_volume,low_volume__low_volume
b9de031b671cd48b28fae9d828cbf2b4,1,198.69,155.32,43.37,198.69,9.232627314814817,0.0,5.0,0.0,1.0,1708.2036658172735,0.2182797322462127,SP,sao paulo,low_volume,low_volume,low_volume__low_volume
b9ec22de23f18567de0e09d776ca0309,2,382.47,341.98,40.49,191.235,6.534861111111111,0.0,5.0,0.0,1.0,897.4216744083607,0.10878564119781965,DF,brasilia,low_volume,low_volume,low_volume__low_volume
ba143b05f0110f0dc71ad71b4466ce92,84,7390.47,6056.59,1333.88,87.98178571428572,10.241654395359214,0.15476190476190477,4.416666666666667,0.09523809523809523,0.5,392.91224282180866,0.18635342730233895,SP,sao paulo,standard_value,standard_risk,standard_value__standard_risk
ba5daa4041e1f15cdf34b76e3e18a450,15,959.35,806.8000000000001,152.55,63.95666666666667,5.692246141975308,0.0,4.266666666666667,0.13333333333333333,0.2,299.5980420485048,0.18852150367485546,SP,sao paulo,low_volume,low_volume,low_volume__low_volume
ba6b4a237f92479743cf0ca06b67a9ac,8,913.71,801.89,111.82,114.21375,12.598758680555555,0.125,4.25,0.125,0.625,553.7441274443432,0.14760636894015516,RJ,rio de janeiro,low_volume,low_volume,low_volume__low_volume
ba6b68b55fe8704377a7d43c8e5c0185,5,832.22,739.77,92.44999999999999,166.44400000000002,10.590298611111113,0.0,4.2,0.2,1.0,597.2282164390889,0.12788972954619135,MG,belo horizonte,low_volume,low_volume,low_volume__low_volume
ba6ce6de456f6c11d08c17701ba5c26f,6,874.51,744.35,130.16,145.75166666666667,12.412860725308642,0.16666666666666666,4.166666666666667,0.16666666666666666,0.16666666666666666,221.1609424847371,0.14776335325728385,SP,sorocaba,low_volume,low_volume,low_volume__low_volume
ba89796db68db180bd389de96b2ff3b6,2,353.26,309.8,43.46,176.63,8.601232638888888,0.0,5.0,0.0,0.5,297.0119503855643,0.1502426818756956,SP,sao paulo,low_volume,low_volume,low_volume__low_volume
ba8e85df286308fe68a2ce83a8f8b2d6,1,97.66,80.9,16.76,97.66,9.845416666666669,0.0,5.0,0.0,1.0,338.82514953720835,0.17161580995289782,SC,santa catarina,low_volume,low_volume,low_volume__low_volume
ba90964cff9b9e0e6f32b23b82465f7b,38,45523.5,44212.5,1311.0,1197.9868421052631,10.018161245126706,0.05263157894736842,4.421052631578948,0.05263157894736842,0.6578947368421053,543.7633198374085,0.03433598082346248,SP,guarulhos,high_value,standard_risk,high_value__standard_risk
baa49d93c8c8841e27400a300f5d74b2,6,334.42,246.39999999999998,88.02,55.73666666666667,12.282937885802468,0.16666666666666666,4.5,0.0,1.0,540.3297560301992,0.26378478119590054,SC,sao jose,low_volume,low_volume,low_volume__low_volume
bab0a8cd684e41ba6e2637dca0979d3b,1,289.03999999999996,269.9,19.14,289.03999999999996,13.315324074074072,0.0,5.0,0.0,1.0,737.592359082346,0.06621920841406034,RJ,rio de janeiro,low_volume,low_volume,low_volume__low_volume
babcc0ab201e4c60188427cae51a5b8b,1,93.13,79.0,14.13,93.13,8.19707175925926,0.0,5.0,0.0,0.0,220.02090207464371,0.1517233974014818,SP,porto ferreira,low_volume,low_volume,low_volume__low_volume
bac44fa8e13424950488659b5f765c41,1,34.42,19.9,14.52,34.42,8.709305555555556,0.0,5.0,0.0,1.0,530.6161185886398,0.4218477629285299,SP,sao paulo,low_volume,low_volume,low_volume__low_volume
bac692d6c0ed08467878018e6cc9c26c,1,559.23,477.0,82.23,559.23,7.197361111111111,0.0,4.0,0.0,1.0,598.3709397304925,0.1470414677324178,SC,blumenau,low_volume,low_volume,low_volume__low_volume
bacb1f0ed56ad24198f5810d2b3fe9a5,40,7358.33,6510.56,847.77,183.95825,9.876972284784785,0.025,4.075,0.15,0.7,623.1058941999561,0.11731869101915866,SP,jacarei,standard_value,standard_risk,standard_value__standard_risk
baeda7047354773262ba2405f97038ba,1,50.1,35.0,15.1,50.1,23.479270833333334,0.0,5.0,0.0,1.0,426.0956951485254,0.3013972055888223,SP,americana,low_volume,low_volume,low_volume__low_volume
baf15155e37ef5492731459bdc05be8a,1,55.72,47.0,8.72,55.72,33.05329861111111,0.0,5.0,0.0,0.0,3.7076791186413596,0.1564967695620962,SP,sao paulo,low_volume,low_volume,low_volume__low_volume
bafc5aa11e413978be29040f51342e70,9,1829.47,1679.55,149.92,203.27444444444444,13.440901491769546,0.1111111111111111,3.7777777777777777,0.3333333333333333,0.6666666666666666,543.8480649587451,0.08993220302885217,MG,belo horizonte,low_volume,low_volume,low_volume__low_volume
bb135baca94c82fcb731335ad5b04a03,18,1522.68,1049.8,472.88,84.59333333333333,9.276137474279835,0.0,3.0555555555555554,0.3888888888888889,0.3888888888888889,342.46409149840105,0.3334848371442895,SP,sao paulo,low_volume,low_volume,low_volume__low_volume
bb2afe2061d53c6968aa0cffa233a8ec,5,644.02,549.4,94.62,128.804,4.431162037037037,0.0,4.8,0.0,0.6,409.1601950504625,0.16002384883107432,SP,sao paulo,low_volume,low_volume,low_volume__low_volume
bb3dca718920a4d7ec3cc9ffb025108b,2,201.7,108.0,93.7,100.85,11.942725694444444,0.0,3.0,0.5,1.0,907.5732701926402,0.47954814978593396,SP,sao paulo,low_volume,low_volume,low_volume__low_volume
bb5bd94c8f59cc050072d2930c869cac,16,2846.64,2543.87,302.77000000000004,177.915,14.669749710648148,0.0625,4.1875,0.0625,0.8125,499.28277347427576,0.13861314318456264,SP,sao paulo,low_volume,low_volume,low_volume__low_volume
bb5d956dece964a06c12bceb66b923ae,2,1328.5,1278.36,50.14,664.25,10.383778935185186,0.0,5.0,0.0,1.0,848.984870833559,0.054077950002128394,RJ,rio de janeiro,low_volume,low_volume,low_volume__low_volume
bb7a14e229b1c95156719c3d9552eeee,11,3519.45,3190.1,329.34999999999997,319.95,11.600447916666667,0.09090909090909091,4.181818181818182,0.18181818181818182,0.6363636363636364,551.9286469798312,0.11834064354678703,RJ,rio de janeiro,low_volume,low_volume,low_volume__low_volume
bb7ad8a45c027be8ab075b8e465f8ca0,2,52.62,19.98,32.64,26.31,5.669924768518518,0.0,5.0,0.0,1.0,383.33141323111346,0.6202964652223489,SC,floranopolis,low_volume,low_volume,low_volume__low_volume
bba3293d6f5d5af2f415e004e8b93ae3,17,12028.79,11702.1,326.69,707.5758823529412,12.072742374727667,0.058823529411764705,4.294117647058823,0.11764705882352941,0.6470588235294118,632.9989494508251,0.03118679807859035,SP,sao paulo,low_volume,low_volume,low_volume__low_volume
bba74270a87732727b5a3b4fd9ac1c39,36,6760.44,6001.59,758.85,187.79,9.715594576719576,0.0,3.9722222222222223,0.16666666666666666,0.9166666666666666,745.075063966741,0.18481207482669756,MG,betim,standard_value,standard_risk,standard_value__standard_risk
bba8d0c234a52b87b3957037a215d1a4,1,139.53,120.0,19.53,139.53,23.839618055555555,0.0,5.0,0.0,1.0,924.3186183205848,0.13996989894646314,GO,goiania,low_volume,low_volume,low_volume__low_volume
bbad7e518d7af88a0897397ffdca1979,68,5766.42,4442.32,1324.1,84.80029411764706,13.47879888750691,0.16176470588235295,3.161764705882353,0.4117647058823529,0.6176470588235294,506.6291887783239,0.24838275516711347,SP,sao paulo,standard_value,high_risk,standard_value__high_risk
bbaff50f3b708fda865918715276cd87,12,651.77,449.7,202.07,54.314166666666665,10.197382330246914,0.16666666666666666,4.75,0.0,0.5833333333333334,397.0789290002113,0.3515569747733618,SP,atibaia,low_volume,low_volume,low_volume__low_volume
bbd3acfe6de99892e73940d3fdceaf68,2,93.55000000000001,69.0,24.55,46.775000000000006,3.2957581018518516,0.0,3.0,0.5,0.0,100.60223655177603,0.261834453676729,SP,santo andre,low_volume,low_volume,low_volume__low_volume
bbe87dce25ba8b38bb61cc7210a3f10b,2,355.39,287.0,68.39,177.695,6.258229166666666,0.0,5.0,0.0,1.0,793.9375359301241,0.21236490247662038,SP,sao joao da boa vista,low_volume,low_volume,low_volume__low_volume
bbf4a892cac7b82422baa711dffb8997,1,105.34,70.0,35.34,105.34,3.0054398148148147,0.0,5.0,0.0,1.0,168.7105560211707,0.33548509588000763,PR,curitiba,low_volume,low_volume,low_volume__low_volume
bbf9ad41dca6603e614efcdad7aab8c4,14,8622.26,7846.0,776.26,615.8757142857143,13.931492228835978,0.0,4.5,0.07142857142857142,1.0,2104.5447208961473,0.08862665989493872,CE,fortaleza,low_volume,low_volume,low_volume__low_volume
bc07d855eac23aab5ac8a120f21d16b2,12,1496.1799999999998,1283.1100000000001,213.07,124.68166666666666,13.383661616161616,0.16666666666666666,4.166666666666667,0.16666666666666666,0.5,621.8001611303549,0.1742045856593353,SP,mogi das cruzes,low_volume,low_volume,low_volume__low_volume
bc2ac6b95e1accce9858528ee566c17e,18,2279.56,2045.0,234.56,126.64222222222222,4.748575102880658,0.0,4.555555555555555,0.1111111111111111,0.16666666666666666,142.42660183551814,0.10552421739183226,SP,campinas,low_volume,low_volume,low_volume__low_volume
bc302730ea8cf49b5c74f579febb5bbf,11,2930.17,2640.9,289.27,266.3790909090909,11.243857323232323,0.09090909090909091,3.8181818181818183,0.18181818181818182,0.45454545454545453,538.3298454622488,0.22490079910889837,SP,campinas,low_volume,low_volume,low_volume__low_volume
bc30de0d71bd6260b936a026b5cf7200,3,482.84999999999997,392.37,90.47999999999999,160.95,12.237530864197531,0.0,4.666666666666667,0.0,0.6666666666666666,389.9985168428116,0.15534480831698946,SP,pedreira,low_volume,low_volume,low_volume__low_volume
bc39d8938f90a3a2b98193723ed59774,1,161.34,153.4,7.94,161.34,4.046238425925926,0.0,4.0,0.0,0.0,15.760545091730782,0.04921284244452709,SP,cajamar,low_volume,low_volume,low_volume__low_volume
bc47d5d1490df2b36add65d733eafaba,24,1419.91,1004.8,415.11,59.16291666666667,12.853864087301588,0.08333333333333333,3.25,0.375,0.625,751.0232053841265,0.3350593580582086,SP,santo andre,low_volume,low_volume,low_volume__low_volume
bc503e244f187939d10c92a5c8e378ce,7,859.8,637.6700000000001,222.13,122.82857142857142,11.930763888888889,0.14285714285714285,3.2857142857142856,0.42857142857142855,0.7142857142857143,698.6698590758052,0.2615615245539962,SP,birigui,low_volume,low_volume,low_volume__low_volume
bc8c8d665ec4664d286be0d521722b19,1,30.82,22.5,8.32,30.82,8.033923611111112,1.0,2.0,1.0,0.0,20.478193613836368,0.2699545749513303,SP,sao paulo,low_volume,low_volume,low_volume__low_volume
bca9230d3bbb4efa51872bf605a2f1ad,5,168.2,117.57,50.63,33.64,7.055643518518518,0.2,4.0,0.2,0.2,127.19551458081685,0.293337455404629,SP,sao paulo,low_volume,low_volume,low_volume__low_volume
bcc9dd23e2a8bd8267cf92b19304a1b9,3,246.22000000000003,202.79000000000002,43.43,82.07333333333334,22.549660493827158,0.6666666666666666,2.3333333333333335,0.6666666666666666,0.6666666666666666,520.7056522889067,0.17848472726731246,SP,ibitinga,low_volume,low_volume,low_volume__low_volume
bccf933e006e9b94a6184af782963e77,44,4875.68,4012.75,862.93,110.81090909090909,11.617177241161615,0.022727272727272728,4.5227272727272725,0.06818181818181818,0.6136363636363636,678.827756682971,0.19695761581866816,SP,assis,standard_value,standard_risk,standard_value__standard_risk
bce6a5ecf98e99fd2a8868b15c51f04b,14,3706.5,3464.9,241.60000000000002,264.75,11.760042162698413,0.21428571428571427,4.071428571428571,0.21428571428571427,0.5,426.8613495072652,0.07881297928657353,SP,guarulhos,low_volume,low_volume,low_volume__low_volume
bcf5566870987da7bc811fbc8c5b9fd9,1,127.12,96.0,31.12,127.12,,0.0,1.0,1.0,0.0,94.19673019855921,0.2448080553807426,SP,sao paulo,low_volume,low_volume,low_volume__low_volume
bd0389da23d89b726abf911cccc54596,87,9128.47,7472.160000000001,1656.31,104.92494252873563,13.635255826947636,0.08045977011494253,4.172413793103448,0.11494252873563218,0.9425287356321839,915.0047630139286,0.2047702259545456,DF,brasilia,standard_value,standard_risk,standard_value__standard_risk
bd0a1b0aadca9a83d9304f7e8ff5fbd5,4,205.19,150.6,54.59,51.2975,5.896536458333333,0.0,4.5,0.0,0.5,390.5147739159358,0.2806712962755183,SP,sao paulo,low_volume,low_volume,low_volume__low_volume
bd149ed516d4c5d418d5781f8e18919f,8,555.94,414.0,141.94,69.4925,8.387290219907408,0.0,4.875,0.0,0.5,407.56758678996664,0.27720786882022624,SP,guarulhos,low_volume,low_volume,low_volume__low_volume
bd15ee794d5e640d9dd71b665b2ab15b,12,594.13,374.79999999999995,219.32999999999998,49.51083333333333,14.46503375771605,0.16666666666666666,4.0,0.16666666666666666,0.5833333333333334,698.97746497343,0.35936455809356754,SP,ribeirao preto,low_volume,low_volume,low_volume__low_volume
bd1d49a326abfa9b1036772e40445430,12,826.2,637.7,188.5,68.85000000000001,12.412584876543209,0.08333333333333333,4.083333333333333,0.08333333333333333,0.3333333333333333,424.02660307687876,0.24781175609552816,SP,bauru,low_volume,low_volume,low_volume__low_volume
bd23da7354813347129d751591d1a6e2,88,11896.1,10445.4,1450.7,135.18295454545455,9.812314814814815,0.045454545454545456,4.011363636363637,0.18181818181818182,0.48863636363636365,495.7170588485233,0.12875326603879797,SP,sao paulo,standard_value,high_risk,standard_value__high_risk
bd43e172d599bed47a85da877172ca8c,1,42.19,23.92,18.27,42.19,12.473587962962965,0.0,5.0,0.0,1.0,491.22429123962746,0.4330410049774828,SC,sao bento do sul,low_volume,low_volume,low_volume__low_volume
bd4431c1a8dfa744b59e1e2a8bc99b9e,7,1013.5899999999999,809.5,204.09,144.79857142857142,7.122043650793651,0.0,4.571428571428571,0.0,0.7142857142857143,296.57263361710056,0.19454759003457647,RJ,rio de janeiro,low_volume,low_volume,low_volume__low_volume
bd4889b5e9133b35b66e42a8665cea5c,35,7079.86,6119.0,960.86,202.2817142857143,10.536706018518519,0.0,4.4,0.08571428571428572,0.6571428571428571,583.6916975097489,0.15737540823095564,SP,sao paulo,standard_value,standard_risk,standard_value__standard_risk
bd4ff04377f974574f7f0bf9d6ce7dde,4,215.1,164.96,50.14,53.775,21.992728587962965,0.25,3.5,0.25,0.25,262.73562645038794,0.23501407471362698,SP,santa maria da serra,low_volume,low_volume,low_volume__low_volume
bd65d163ded559eb90a10cd09fec178f,1,38.48,19.8,18.68,38.48,4.471331018518518,0.0,4.0,0.0,0.0,77.20686402124136,0.4854469854469855,SP,sao paulo,low_volume,low_volume,low_volume__low_volume
bd697db56ff8e7c9cd1abeb7f72029b2,22,3415.2000000000003,3069.78,345.42,155.23636363636365,10.883916997354497,0.0,4.181818181818182,0.13636363636363635,0.7272727272727273,841.8098875780156,0.14575326214041942,SP,sao paulo,low_volume,low_volume,low_volume__low_volume
bdae679a9b282249bc23b9b69dae9a99,6,851.98,663.15,188.82999999999998,141.99666666666667,10.398778935185184,0.0,3.5,0.3333333333333333,1.0,787.3876157135373,0.29039346215756234,DF,brasilia,low_volume,low_volume,low_volume__low_volume
bdb3edbaee43a761e2d4f258dc08f348,5,328.36,259.5,68.86,65.672,11.946273148148148,0.2,3.8,0.2,0.4,301.47946002622007,0.253253906281994,SP,lencois paulista,low_volume,low_volume,low_volume__low_volume
bdf0d02d36a1d839d0c39c4a887cdd49,5,215.95000000000002,120.0,95.94999999999999,43.190000000000005,8.347087962962963,0.0,5.0,0.0,0.6,502.48173647918065,0.46623742875491214,SP,birigui,low_volume,low_volume,low_volume__low_volume
be1e9e378700cecaa4ebf71433d7915c,2,157.51,119.89000000000001,37.62,78.755,48.17583912037037,1.0,3.0,0.5,0.5,1109.3930193635367,0.23049349072267744,SP,ribeirao preto,low_volume,low_volume,low_volume__low_volume
be3b4b0f050a6aa1b2d901c4b77e979f,3,733.7199999999999,578.1999999999999,155.52,244.5733333333333,8.301018518518518,0.0,4.0,0.3333333333333333,0.6666666666666666,538.5484094151467,0.20643212239357575,PR,imbituva,low_volume,low_volume,low_volume__low_volume
be67f78487e2cecb0d55bc769709e4f5,1,125.64,102.0,23.64,125.64,10.03462962962963,0.0,5.0,0.0,1.0,850.3017132898724,0.18815663801337154,MG,ibirite,low_volume,low_volume,low_volume__low_volume
be7a093e5b4d147b36b72bb1f9e415e5,1,83.25999999999999,60.9,22.36,83.25999999999999,5.3288773148148145,0.0,5.0,0.0,1.0,1118.4618440137704,0.2685563295700216,PR,toledo,low_volume,low_volume,low_volume__low_volume
be8e909810184b9b19e886129149d8e5,15,846.08,629.85,216.23,56.40533333333334,15.356016203703705,0.2,3.7333333333333334,0.2,0.6,612.2883140623511,0.254502857617804,SP,piracicaba,low_volume,low_volume,low_volume__low_volume
be9a160a9011f627c3e121d076c1ec7b,7,3182.52,2934.0,248.52,454.6457142857143,14.817761574074074,0.0,3.5714285714285716,0.2857142857142857,1.0,832.5800777011037,0.08344387510686643,SC,jaragua do sul,low_volume,low_volume,low_volume__low_volume
beadbee30901a7f61d031b6b686095ad,64,5311.5199999999995,4373.98,937.54,82.99249999999999,14.098720160590277,0.25,3.90625,0.1875,0.578125,539.3962110881229,0.1985404684822609,SP,guarulhos,standard_value,high_risk,standard_value__high_risk
bec568278124768c474ee90971ca94d1,2,249.06,219.9,29.16,124.53,3.4400520833333337,0.0,4.5,0.0,0.0,94.73762650130094,0.25179411015886316,SP,sao paulo,low_volume,low_volume,low_volume__low_volume
bede56095ba33c42038fb85f707b8a42,2,4184.77,3973.9,210.87,2092.385,12.575914351851853,0.0,4.5,0.0,1.0,1218.2232412416047,0.04740639507529219,SP,valinhos,low_volume,low_volume,low_volume__low_volume
bee36b4f9a2b9fdcaff6ec05df202ed0,2,53.48,33.8,19.68,26.74,13.397164351851853,0.0,3.0,0.5,0.0,48.34626071622789,0.36687732181594945,SP,sao paulo,low_volume,low_volume,low_volume__low_volume
bf00385a5f7fc1ef39a13c2e9ee50a5f,29,1213.03,870.3,342.73,41.828620689655175,5.772894758597884,0.0,4.310344827586207,0.10344827586206896,0.3103448275862069,269.25138831901756,0.3057042004060624,SP,sao paulo,low_volume,low_volume,low_volume__low_volume
bf0045791395e66460eb04749c68672a,2,155.25,119.8,35.45,77.625,14.245839120370372,0.0,4.0,0.0,0.5,1418.1602000552543,0.22255821678962423,SP,sao paulo,low_volume,low_volume,low_volume__low_volume
bf0d50a6410d487dc97d2baac0a8c0be,1,37.16,27.9,9.26,37.16,,0.0,2.0,1.0,0.0,121.3991823134837,0.24919268030139938,SP,piracicaba,low_volume,low_volume,low_volume__low_volume
bf100ecb7997df312b285358fb32f92c,18,1996.38,1692.1000000000001,304.28,110.91000000000001,9.320434670781893,0.0,4.444444444444445,0.0,0.8888888888888888,416.56522108484603,0.17938867725486513,PR,sao jose dos pinhais,low_volume,low_volume,low_volume__low_volume
bf3c6d2a28b2b5501e6c15448982dcc9,35,4648.150000000001,3956.5,691.65,132.80428571428573,11.815347552910053,0.02857142857142857,4.6,0.02857142857142857,0.7714285714285715,760.292083598084,0.16421998339235624,SP,sao paulo,standard_value,standard_risk,standard_value__standard_risk
bf84056e679dbe9c69929847a40e338f,36,2477.32,2024.04,453.28000000000003,68.81444444444445,12.677086640211641,0.08333333333333333,3.75,0.16666666666666666,0.3055555555555556,260.914264211776,0.1829021661530069,SP,sao paulo,standard_value,standard_risk,standard_value__standard_risk
bf961104a38e01b9062ee026bb657dee,4,665.46,585.56,79.9,166.365,9.057149884259259,0.0,4.5,0.0,0.5,295.68545167901334,0.11984482905140528,SP,ribeirao preto,low_volume,low_volume,low_volume__low_volume
bfd27a966d91cfaafdb25d076585f0da,115,22240.3,19547.0,2693.3,193.39391304347825,12.473881309406751,0.05217391304347826,4.278260869565218,0.11304347826086956,0.6956521739130435,577.1131098402477,0.14353477468130407,SP,serra negra,high_value,standard_risk,high_value__standard_risk
bfd938b22bc99bce1ae60dc602889f52,6,1118.26,922.8000000000001,195.46,186.37666666666667,11.562456597222223,0.0,3.8333333333333335,0.3333333333333333,0.8333333333333334,612.8641970773407,0.21099974592670664,RJ,rio de janeiro,low_volume,low_volume,low_volume__low_volume
bff9deb0ec77d437f3305a79cf25529e,5,242.74,161.95,80.78999999999999,48.548,6.972201388888888,0.0,4.0,0.2,0.8,543.9338702321836,0.3271261504487808,SP,limeira,low_volume,low_volume,low_volume__low_volume
c003204e1ab016dfa150abc119207b24,196,29726.62,24998.190000000002,4728.43,151.66642857142855,9.627084223646722,0.0663265306122449,4.448979591836735,0.05102040816326531,0.5867346938775511,558.3271133574472,0.15886813148369916,SP,cajamar,high_value,standard_risk,high_value__standard_risk
c00396cbdd2e088fe4281baa5920aef1,1,905.8500000000001,832.4100000000001,73.44,905.8500000000001,12.10460648148148,0.0,5.0,0.0,1.0,364.1785561695172,0.0810730253353204,PR,campo magro,low_volume,low_volume,low_volume__low_volume
c004e5ea15737026cecaee0447e00b75,2,4874.32,4700.0,174.32,2437.16,33.83170138888889,0.5,1.0,1.0,1.0,560.14436748616,0.035710570877385536,SP,sao paulo,low_volume,low_volume,low_volume__low_volume
c0098efcf800861dcae589affca31408,9,1376.74,1189.28,187.46,152.9711111111111,11.417037037037037,0.1111111111111111,4.777777777777778,0.0,0.3333333333333333,342.03463871936,0.15754427528992135,SP,ribeirao preto,low_volume,low_volume,low_volume__low_volume
c013e57c075a06e5b5c48ee03c525719,42,2828.66,1971.55,857.11,67.34904761904761,9.190875220458555,0.07142857142857142,4.238095238095238,0.09523809523809523,0.47619047619047616,501.51230014560645,0.3009184256167347,SP,sao carlos,standard_value,standard_risk,standard_value__standard_risk
c026ef0d72e9132d9fa112308090c8dc,1,557.72,520.0,37.72,557.72,11.181145833333334,0.0,4.0,0.0,1.0,386.81601267173386,0.06763250376533027,RJ,rio de janeiro,low_volume,low_volume,low_volume__low_volume
c03121937e54a93fcc1825c3098bbb6e,7,1197.94,1043.0,154.94,171.1342857142857,11.15910052910053,0.0,5.0,0.0,0.8571428571428571,892.4842781385939,0.12853510314569166,PR,curitiba,low_volume,low_volume,low_volume__low_volume
c04d70d515d15a7e3db3a73320598566,3,214.82,158.2,56.62,71.60666666666667,6.294768518518519,0.0,5.0,0.0,0.6666666666666666,540.7214563978073,0.24723030594287435,RJ,niteroi,low_volume,low_volume,low_volume__low_volume
c0563dd588b775f2e37747ef6ad6c92c,28,4094.68,3697.2000000000003,397.47999999999996,146.23857142857142,10.860574156746031,0.10714285714285714,4.357142857142857,0.14285714285714285,0.5357142857142857,407.9188422389652,0.09794015772370306,SP,santo andre,low_volume,low_volume,low_volume__low_volume
c092292535a57dacd95a8765f5518f87,1,143.98,125.0,18.98,143.98,8.097824074074074,0.0,5.0,0.0,1.0,445.12029036746674,0.13182386442561467,RJ,paracambi,low_volume,low_volume,low_volume__low_volume
c0aff2da32c17759d30b22fb0af6649d,4,272.33000000000004,188.8,83.53,68.08250000000001,7.762465277777777,0.0,3.75,0.0,1.0,636.8861987415048,0.4232947474652157,SC,florianopolis,low_volume,low_volume,low_volume__low_volume
c0e0b73d039eb9a99b6ce4cb7a429cd3,1,37.56,29.88,7.68,37.56,4.986238425925926,0.0,5.0,0.0,1.0,522.2548798641036,0.20447284345047922,SC,laurentino,low_volume,low_volume,low_volume__low_volume
c0e6839516f5398edc34adf5f1d53d1a,3,520.84,432.92,87.92,173.61333333333334,5.102037037037037,0.0,2.6666666666666665,0.6666666666666666,0.0,294.00928092400903,0.20025754915459193,SP,guaruja,low_volume,low_volume,low_volume__low_volume
c0f3eea2e14555b6faeea3dd58c1b1c3,1,95.65,79.99,15.66,95.65,5.6671875,0.0,5.0,0.0,1.0,359.38760915335075,0.1637219027705175,SP,sao paulo,low_volume,low_volume,low_volume__low_volume
c0f783394e37cd9c9d7f5f81141450fa,5,271.75,199.5,72.25,54.35,11.801877314814814,0.0,3.6,0.2,0.8,387.5854515681624,0.2706438550191854,SP,piracicaba,low_volume,low_volume,low_volume__low_volume
c113b8df1fc375bc3d73d29c1b1144d1,3,400.87,333.0,67.87,133.62333333333333,6.7548109567901236,0.0,4.333333333333333,0.0,0.6666666666666666,666.6326297423926,0.16525696369787177,SP,sao paulo,low_volume,low_volume,low_volume__low_volume
c12b92bf1c350f3e6bf88d3596219c86,17,5252.84,4808.78,444.06,308.9905882352941,10.782504084967321,0.058823529411764705,3.8823529411764706,0.23529411764705882,0.6470588235294118,781.4469713523592,0.10090258469095885,SP,garca,low_volume,low_volume,low_volume__low_volume
c12d7463a579237ffb9248bd7cff378b,1,34.62,25.9,8.72,34.62,11.243993055555556,0.0,4.0,0.0,0.0,16.558720359045964,0.25187752744078573,SP,sao paulo,low_volume,low_volume,low_volume__low_volume
c13ef0cfbe42f190780f621ce81f2234,1,451.28,390.0,61.28,451.28,28.06305555555555,1.0,3.0,0.0,1.0,749.0507422614647,0.13579152632511968,SP,sao paulo sp,low_volume,low_volume,low_volume__low_volume
c13fb473e7cb8b83ccd543c094df0608,2,83.52,54.8,28.72,41.76,12.762152777777779,0.0,3.5,0.0,0.5,1191.2875939947123,0.33449038274278,SP,sao paulo,low_volume,low_volume,low_volume__low_volume
c1552b1dab6e6f760950368ae61fb600,2,68.69,53.8,14.89,34.345,5.066215277777777,0.0,2.5,0.5,0.0,77.89940773477682,0.22899113300846152,SP,sao jose dos campos,low_volume,low_volume,low_volume__low_volume
c157bdeedcbc9a8e3c8bf0d87ff24428,7,722.97,514.27,208.7,103.28142857142858,12.136866732804233,0.0,4.428571428571429,0.0,0.5714285714285714,560.8298011854214,0.2995528166792922,SP,mairinque,low_volume,low_volume,low_volume__low_volume
c161d1327ebc3a156c09582ab2f59f6c,3,76.33,52.99,23.34,25.44333333333333,3.5126793981481486,0.0,3.0,0.3333333333333333,0.0,9.916285064935268,0.3108615216004295,SP,sao paulo,low_volume,low_volume,low_volume__low_volume
c18309219e789960add0b2255ca4b091,1,24.0,9.9,14.1,24.0,14.187407407407408,0.0,5.0,0.0,1.0,345.0282217140493,0.5875,RJ,rio de janeiro,low_volume,low_volume,low_volume__low_volume
c1849d4d32d7a6cecd5aa471809d3135,3,430.71,388.98,41.730000000000004,143.57,5.419305555555556,0.0,4.333333333333333,0.0,0.0,50.33621243520491,0.2664084436674075,SP,santo andre,low_volume,low_volume,low_volume__low_volume
c1d1ebb4745cc43cb6f05e9c8a705c9a,3,77.17,34.5,42.67,25.723333333333333,26.52927083333333,0.3333333333333333,2.3333333333333335,0.6666666666666666,0.3333333333333333,79.99204479139027,0.5501857432554699,SP,sao paulo,low_volume,low_volume,low_volume__low_volume
c1dde11f12d05c478f5de2d7319ad3b2,1,19.89,12.5,7.39,19.89,3.2347337962962963,0.0,1.0,1.0,0.0,54.82569863679312,0.37154348919054797,SP,sao paulo,low_volume,low_volume,low_volume__low_volume
c1ed9e3daf6154542826a6996af0fb8c,9,1300.64,971.25,329.39,144.51555555555558,16.930416666666666,0.1111111111111111,3.888888888888889,0.2222222222222222,1.0,815.1442255528171,0.317987001866705,SC,itajai,low_volume,low_volume,low_volume__low_volume
c1f12f926d0ba950578b4fa41115cbb6,2,556.56,479.6,76.96,278.28,36.750966435185184,0.5,4.0,0.0,1.0,836.5786825870196,0.13813179061658498,SP,sao paulo,low_volume,low_volume,low_volume__low_volume
c200c73f9d7e5a08ca439d6a0803da7c,1,68.2,40.0,28.2,68.2,,0.0,1.0,1.0,1.0,330.0646794426688,0.4134897360703812,PR,almirante tamandare,low_volume,low_volume,low_volume__low_volume
c240c4061717ac1806ae6ee72be3533b,1,73.89,59.9,13.99,73.89,6.056956018518519,0.0,4.0,0.0,1.0,365.39446850702933,0.18933549871430505,RJ,rio de janeiro,low_volume,low_volume,low_volume__low_volume
c24173065483e421f9e5e7f599de101d,9,491.21000000000004,373.91,117.3,54.57888888888889,15.815204475308642,0.1111111111111111,3.5555555555555554,0.2222222222222222,0.6666666666666666,679.1837039096531,0.24417765710684117,SP,sao paulo,low_volume,low_volume,low_volume__low_volume
c26a2be5b53b7db6b276280da212a779,13,8288.85,7482.0,806.85,637.6038461538462,14.082574786324786,0.0,3.3846153846153846,0.38461538461538464,0.7692307692307693,843.5128511148905,0.0922921515414495,RJ,nova friburgo,low_volume,low_volume,low_volume__low_volume
c26ba52cf8d2f34915f2f6b7ffa0a3f3,4,172.65,125.96,46.69,43.1625,7.716890432098765,0.0,4.0,0.25,0.5,181.56626464259227,0.2907890770541728,RJ,rio de janeiro,low_volume,low_volume,low_volume__low_volume
c273175f7c6c80fb02f051e2fc6d0d72,14,1443.45,1188.23,255.22,103.10357142857143,10.586340112433861,0.07142857142857142,3.7857142857142856,0.21428571428571427,0.5714285714285714,797.8947584673645,0.2029657783439307,SP,sao paulo,low_volume,low_volume,low_volume__low_volume
c286ec035ee04ba81c97508f0b5df544,2,565.9,493.0,72.9,282.95,14.242025462962962,0.0,2.5,0.5,1.0,599.2380358532328,0.12374692159688763,PR,curitiba,low_volume,low_volume,low_volume__low_volume
c2bda99904207edd1834f03e0022b007,2,101.68,79.8,21.88,50.84,12.421550925925926,0.0,2.5,0.5,0.5,185.88917335507634,0.21214112602535423,SP,sao paulo,low_volume,low_volume,low_volume__low_volume
c2d70ce2c5d0a2eb75e78668236e6dc8,13,2699.92,2470.9,229.01999999999998,207.68615384615384,8.32455039173789,0.0,4.615384615384615,0.0,0.6153846153846154,420.2428887169895,0.1613432997177054,SP,sao paulo,low_volume,low_volume,low_volume__low_volume
c31eff8334d6b3047ed34bebd4d62c36,121,15454.880000000001,13072.5,2382.38,127.72628099173555,12.694779898070339,0.14049586776859505,3.8512396694214877,0.18181818181818182,0.48760330578512395,473.8184519244282,0.15349504287610746,SP,salto,standard_value,high_risk,standard_value__high_risk
c3251e13f1bbda6c74e37c160f991e19,2,513.08,437.79999999999995,75.28,256.54,13.26116898148148,0.0,5.0,0.0,0.5,1112.664232794482,0.13180490599025682,SP,porto ferreira,low_volume,low_volume,low_volume__low_volume
c32fc744b9160ac853450488e3cfea93,3,223.52,185.70000000000002,37.82,74.50666666666667,15.516493055555557,0.0,2.3333333333333335,0.6666666666666666,0.6666666666666666,694.3984120675728,0.15618911003258773,SP,ribeirao preto,low_volume,low_volume,low_volume__low_volume
c33847515fa6305ce6feb1e818569f13,114,19894.260000000002,15519.85,4374.41,174.51105263157896,9.288727461013647,0.043859649122807015,3.8508771929824563,0.21052631578947367,0.9385964912280702,630.3142397473307,0.22031276509596365,SC,brusque,high_value,high_risk,high_value__high_risk
c33a5c3c983090c8b78a28e65052a20d,9,774.1600000000001,629.1,145.06,86.01777777777778,11.570222800925926,0.0,4.222222222222222,0.2222222222222222,0.4444444444444444,426.912158542677,0.18686142884603907,SC,criciuma,low_volume,low_volume,low_volume__low_volume
c353f8fc0ce8344999f17d578eb69a5e,2,212.57,175.98,36.59,106.285,9.96112847222222,0.0,5.0,0.0,1.0,1237.896404286138,0.17171795124279543,RS,porto alegre,low_volume,low_volume,low_volume__low_volume
c35672b10ad50968f567ea3f4b91e877,18,1515.35,1150.57,364.78,84.1861111111111,11.607548868312756,0.05555555555555555,4.5,0.05555555555555555,0.7222222222222222,744.7049690570583,0.24016119487662266,RJ,mesquita,low_volume,low_volume,low_volume__low_volume
c35affa65afd250151285c5917fc1c8a,9,5993.92,5279.91,714.01,665.9911111111111,17.261034432870368,0.1111111111111111,4.0,0.2222222222222222,0.6666666666666666,689.9670039306619,0.1128745359254213,SP,sao paluo,low_volume,low_volume,low_volume__low_volume
c360e4787614ed31ac7a2f95d3b22dc6,1,218.95,188.9,30.05,218.95,12.66162037037037,0.0,2.0,1.0,0.0,240.91334864271528,0.1372459465631423,SP,lencois paulista,low_volume,low_volume,low_volume__low_volume
c37b2059d4f90d4feead554e5246565e,12,1061.28,839.3,221.98,88.44,17.34350212191358,0.25,3.3333333333333335,0.4166666666666667,0.75,501.7024118643237,0.20325902205973392,SP,sao paulo,low_volume,low_volume,low_volume__low_volume
c3867b4666c7d76867627c2f7fb22e21,243,41869.06,36855.4,5013.66,172.30065843621398,15.40501756596198,0.10699588477366255,3.905349794238683,0.205761316872428,0.51440329218107,616.5707296506806,0.13925832868601692,SP,guara,high_value,high_risk,high_value__high_risk
c394e193cda3b4225ff2094d32184849,3,3611.4400000000005,3419.88,191.56000000000003,1203.8133333333335,11.452471064814816,0.0,3.6666666666666665,0.3333333333333333,0.6666666666666666,369.33454883539724,0.04428752709010308,SP,sao paulo,low_volume,low_volume,low_volume__low_volume
c398bc00a606d33758afd91f4e64fd15,2,165.5,150.0,15.5,82.75,3.7029050925925926,0.0,4.5,0.0,0.0,18.790829745923073,0.09365029468687397,RJ,rio de janeiro,low_volume,low_volume,low_volume__low_volume
c3aad7dc65449ae90a5e9c3c6c1e78e0,6,640.36,510.0,130.36,106.72666666666667,7.48622299382716,0.0,4.666666666666667,0.0,0.5,631.7326162644794,0.20567816686392626,SP,auriflama/sp,low_volume,low_volume,low_volume__low_volume
c3acdfac4e3e97ff87529454fbc03642,12,17057.28,16788.0,269.28000000000003,1421.4399999999998,11.161102430555557,0.08333333333333333,4.25,0.08333333333333333,0.5,515.0304486108104,0.016973777069278485,SP,sao paulo,low_volume,low_volume,low_volume__low_volume
c3cfdc648177fdbbbb35635a37472c53,277,48926.83,42868.19,6058.64,176.63115523465706,9.654966197018318,0.02527075812274368,4.469314079422382,0.07581227436823104,0.8808664259927798,600.130625971566,0.14307479506061044,PR,curitiba,high_value,standard_risk,high_value__standard_risk
c3e1abd72a42fe690fcd89cf5720fe29,13,1967.58,1798.61,168.97,151.35230769230768,4.309395477207977,0.0,4.461538461538462,0.07692307692307693,0.3076923076923077,307.7667781622418,0.08658119082036861,SP,mogi guacu,low_volume,low_volume,low_volume__low_volume
c3e2398fcc7e581cda2e546557bf6968,1,30.130000000000003,14.9,15.23,30.130000000000003,11.83542824074074,0.0,5.0,0.0,1.0,880.0379237612957,0.5054762694988384,SP,sao paulo,low_volume,low_volume,low_volume__low_volume
c3ee2331a724e6fc02c4b698b57a73f3,2,1487.88,1347.0,140.88,743.94,6.262175925925925,0.0,3.0,0.0,0.0,85.27325502014261,0.09807240776569673,SP,sao paulo,low_volume,low_volume,low_volume__low_volume
c3f5668699a1b04c0fa61ecea1e2bff6,3,514.9300000000001,407.81,107.12,171.64333333333335,12.12863811728395,0.0,5.0,0.0,0.6666666666666666,488.2129342629967,0.2013638560345067,PR,apucarana,low_volume,low_volume,low_volume__low_volume
c3fe93ba3085f92855c97e57f38c8c05,7,358.97,245.0,113.97,51.28142857142858,13.222635030864199,0.0,5.0,0.0,1.0,582.9717800459116,0.33573196132527655,PR,curitiba,low_volume,low_volume,low_volume__low_volume
c42fd8e4d47dfb18ce5222f2dd7752f9,5,423.13,336.99,86.14,84.626,21.181002314814815,0.2,3.8,0.2,0.6,394.79452508875784,0.2281509206579396,SP,osasco,low_volume,low_volume,low_volume__low_volume
c43d924a0f1688ee9fae0efcd6f539d4,1,45.01,29.9,15.11,45.01,21.502858796296294,0.0,4.0,0.0,1.0,354.5767991032124,0.33570317707176184,RJ,rio de janeiro,low_volume,low_volume,low_volume__low_volume
c447f8dd3ed213f291d65ef074a268eb,7,777.23,655.0,122.22999999999999,111.03285714285714,11.032149470899471,0.0,3.7142857142857144,0.2857142857142857,0.5714285714285714,681.2967303262149,0.19513650965814924,SP,assis,low_volume,low_volume,low_volume__low_volume
c458e2045a8aa8964f8879af03fdcce6,4,691.7,494.91,196.79000000000002,172.925,16.03906539351852,0.0,2.75,0.5,0.75,1290.1481986319532,0.27246865442253343,SP,sao caetano do sul,low_volume,low_volume,low_volume__low_volume
c4af86330efa7a2620772227d2d670c9,3,4384.51,4097.0,287.51,1461.5033333333333,14.441419753086421,0.0,4.333333333333333,0.0,1.0,792.7593920959863,0.0659557666193806,SP,mogi das cruzes,low_volume,low_volume,low_volume__low_volume
c4b911d06343b21dd906651f8101cb49,2,141.33,90.98,50.349999999999994,70.665,,0.0,1.0,1.0,0.5,1315.3903348197275,0.3680491901325703,SP,vera cruz,low_volume,low_volume,low_volume__low_volume
c4d51195486dc781531876a7d00453d8,17,12038.35,11468.98,569.37,708.1382352941176,23.733787445533768,0.29411764705882354,3.9411764705882355,0.11764705882352941,0.8235294117647058,1363.592746982638,0.06899670681335508,SP,presidente prudente,low_volume,low_volume,low_volume__low_volume
c4f7fee5b0db50e87766f5a4d1b1b758,8,12533.599999999999,11961.829999999998,571.77,1566.6999999999998,11.528446759259259,0.0,2.875,0.5,1.0,557.9610852490682,0.08046266620013506,SP,sorocaba,low_volume,low_volume,low_volume__low_volume
c4fabeea6e569d42d02993bb1f4f1cbc,11,1136.52,859.3000000000001,277.22,103.32,21.726757154882154,0.09090909090909091,4.0,0.18181818181818182,1.0,2129.1457302823187,0.24096706533257664,CE,fortaleza,low_volume,low_volume,low_volume__low_volume
c4fb51fb1c5b7c07bc5e67be6e7e8f6e,15,2126.61,1567.9,558.71,141.774,16.625010030864196,0.13333333333333333,3.533333333333333,0.2,1.0,990.250930347136,0.29633821495145235,PR,curitiba,low_volume,low_volume,low_volume__low_volume
c500367424994318b9e779ff1ae9a330,9,4658.39,4346.4,311.98999999999995,517.598888888889,16.712573302469135,0.1111111111111111,3.7777777777777777,0.2222222222222222,0.8888888888888888,1222.833133748194,0.10449380625447124,SP,paulinia,low_volume,low_volume,low_volume__low_volume
c510bc1718f0f2961eaa42a23330681a,13,13211.87,12251.0,960.87,1016.2976923076924,6.957580054012346,0.0,4.0,0.23076923076923078,0.5384615384615384,298.42565693602506,0.09911183004048853,SP,indaiatuba,low_volume,low_volume,low_volume__low_volume
c522be04e020c1e7b79f3acff36513d5,7,838.3000000000001,739.9300000000001,98.37,119.75714285714287,15.649359567901236,0.2857142857142857,3.5714285714285716,0.2857142857142857,0.42857142857142855,683.0117606796604,0.11206841549693995,SP,santana de parnaiba,low_volume,low_volume,low_volume__low_volume
c52c644cc0dc85121207a27013efc6af,1,680.96,397.8,283.16,680.96,7.146863425925926,0.0,5.0,0.0,1.0,366.5268984454804,0.4158247180451128,MG,tiradentes,low_volume,low_volume,low_volume__low_volume
c53bcd3be457a342a97e39e5a9f0be22,5,695.59,509.5,186.09,139.118,12.383395833333333,0.0,3.2,0.4,1.0,1045.1909976564104,0.26974820427456303,SE,neopolis,low_volume,low_volume,low_volume__low_volume
c542f5a8c64d973f30e9df8d06f70b4a,1,98.31,81.0,17.31,98.31,,0.0,1.0,1.0,1.0,366.5236901236964,0.17607567897467194,SP,sao paulo,low_volume,low_volume,low_volume__low_volume
c54679b132454625907c773d273d4126,7,1139.93,1032.0,107.92999999999999,162.84714285714287,6.164588293650794,0.0,4.857142857142857,0.0,0.2857142857142857,308.173919096689,0.09813052854194779,SP,guaruja,low_volume,low_volume,low_volume__low_volume
c5e60e39c0f42b8e827daa13cff74afa,6,223.1,134.0,89.1,37.18333333333333,3.7670466820987656,0.16666666666666666,4.5,0.0,0.0,66.07503482765766,0.3570773434081316,SP,sao paulo,low_volume,low_volume,low_volume__low_volume
c5ebe6598748b0aeaa61cfb820478b92,3,337.16999999999996,297.0,40.17,112.38999999999999,4.9036535493827165,0.0,4.666666666666667,0.0,0.3333333333333333,362.0997086173474,0.12605140762474362,RS,lajeado,low_volume,low_volume,low_volume__low_volume
c5f7e746b7e6d07def6c0dae9903279b,10,1658.9199999999998,1429.0,229.92000000000002,165.892,5.686640046296296,0.0,4.4,0.0,1.0,541.8076327670275,0.20205987930179758,PR,curitiba,low_volume,low_volume,low_volume__low_volume
c5f7feb04a6a1fb3596322bfc3cf1917,11,2058.46,1720.6,337.86,187.13272727272727,10.024396043771043,0.09090909090909091,4.2727272727272725,0.18181818181818182,0.45454545454545453,413.8103408115609,0.21916212635382062,SP,sao caetano do sul,low_volume,low_volume,low_volume__low_volume
c60b801f2d52c7f7f91de00870882a75,41,13652.89,12913.5,739.39,332.99731707317073,16.103873160018995,0.1951219512195122,3.317073170731707,0.3170731707317073,0.7073170731707317,616.4851395013897,0.06997004262803809,SP,guarulhos,standard_value,high_risk,standard_value__high_risk
c611f4ce9ce875bcc063fa97fd4d7d12,1,332.25,319.0,13.25,332.25,4.072800925925926,1.0,4.0,0.0,0.0,47.94841568347145,0.0398796087283672,SP,atibaia,low_volume,low_volume,low_volume__low_volume
c6218512d16fcac0af02fe92691cf274,8,868.64,674.0,194.64,108.58,14.866530671296298,0.125,4.0625,0.125,0.875,554.2918456955605,0.23440923441199635,MG,contagem,low_volume,low_volume,low_volume__low_volume
c6381b1321d7d97717a5bb4ed5b77882,2,100.00999999999999,66.0,34.01,50.004999999999995,4.809027777777778,0.0,3.0,0.5,0.0,273.51479329299247,0.3839931896162522,SP,sao paulo,low_volume,low_volume,low_volume__low_volume
c6381d2d013342748761e906d45aff76,15,2614.26,2042.98,571.28,174.28400000000002,16.018105709876544,0.0,3.8666666666666667,0.26666666666666666,0.8666666666666667,932.0099891699118,0.25151344372562157,RS,portao,low_volume,low_volume,low_volume__low_volume
c64a2aec32cc408a8a4c6d7c46017f91,9,3628.17,3221.5,406.67,403.13,21.510210905349794,0.0,3.888888888888889,0.1111111111111111,0.8888888888888888,1541.727051958608,0.1111917938537582,RS,imbe,low_volume,low_volume,low_volume__low_volume
c66dccfb3f109511246da627dd5a2498,45,13682.25,12708.55,973.7,304.05,11.345025252525254,0.044444444444444446,4.488888888888889,0.08888888888888889,0.6666666666666666,855.1936422770907,0.08386372705222253,SP,registro,standard_value,standard_risk,standard_value__standard_risk
c679fb69a36e1d8349e8c50a217b4d58,13,2156.73,1790.7,366.03,165.9023076923077,11.399554843304843,0.15384615384615385,3.8461538461538463,0.23076923076923078,0.9230769230769231,738.9896695108332,0.23012273364452265,RS,caxias do sul,low_volume,low_volume,low_volume__low_volume
c68fb906c8f4b4b946d8386bfa6e5467,44,5294.66,4422.28,872.38,120.33318181818181,10.834643834175084,0.022727272727272728,4.5227272727272725,0.06818181818181818,0.5909090909090909,635.6739238914713,0.19033337880785678,SP,jaboticabal,standard_value,standard_risk,standard_value__standard_risk
c6a7539d424a8402232c2228d7a03c5e,10,1001.32,607.5,393.82,100.132,14.271766203703702,0.1,3.1,0.4,0.8,689.9381813755979,0.39392287630954925,SP,sao paulo,low_volume,low_volume,low_volume__low_volume
c6bda72e4dbf5c5866b13cb1810c6d03,59,15196.12,14059.380000000001,1136.74,257.5613559322034,10.208053005335843,0.03389830508474576,4.398305084745763,0.0847457627118644,0.576271186440678,519.3667077632957,0.10876555958321926,SP,sao paulo,standard_value,standard_risk,standard_value__standard_risk
c70a353f02429c00775a46a75fb787da,6,336.94,242.0,94.94,56.156666666666666,6.758491512345678,0.0,4.666666666666667,0.0,0.6666666666666666,1056.578758737059,0.2782951564277539,SP,sao paulo,low_volume,low_volume,low_volume__low_volume
c70c1b0d8ca86052f45a432a38b73958,259,40110.63,36206.409999999996,3904.22,154.86729729729728,8.102353036175712,0.08494208494208494,4.359073359073359,0.09266409266409266,0.3436293436293436,327.08816875168077,0.09753248456133966,SP,hortolandia,high_value,standard_risk,high_value__standard_risk
c714262700f93defc16bf17a51a4cb23,4,491.33000000000004,421.8,69.53,122.83250000000001,10.20859375,0.0,3.75,0.25,1.0,748.5686822410884,0.15100161418080713,SP,sao paulo,low_volume,low_volume,low_volume__low_volume
c716e0b86ed568878475b60fbb6323ad,1,50.23,35.0,15.23,50.23,7.47505787037037,0.0,5.0,0.0,0.0,333.70144897858967,0.3032052558232132,SP,rio de janeiro,low_volume,low_volume,low_volume__low_volume
c7246702dc991a06d788120dc7544391,1,72.52,54.86,17.66,72.52,20.98670138888889,0.0,5.0,0.0,1.0,2187.1423368387977,0.24351902923331498,CE,fortaleza,low_volume,low_volume,low_volume__low_volume
c72de06d72748d1a0dfb2125be43ba63,21,18733.18,17522.0,1211.18,892.0561904761905,9.696403218694886,0.0,4.476190476190476,0.047619047619047616,0.9523809523809523,1030.7458712380492,0.10108250778494583,BA,guanambi,low_volume,low_volume,low_volume__low_volume
c731d18cea9bf687ffee82a241c25b11,23,4135.54,3525.0,610.54,179.80608695652174,7.642821054750402,0.0,4.217391304347826,0.17391304347826086,0.8695652173913043,641.913966808414,0.15805498025052228,SC,concordia,low_volume,low_volume,low_volume__low_volume
c747d5b92c7648417faea95d36d763e8,1,224.75,139.0,85.75,224.75,12.949432870370371,0.0,5.0,0.0,1.0,2521.7498111996574,0.38153503893214685,CE,pacatuba,low_volume,low_volume,low_volume__low_volume
c74f14c1e26cf1bd5bd34b6a1e274426,1,55.79,39.0,16.79,55.79,24.23091435185185,0.0,5.0,0.0,1.0,1155.4152685598099,0.3009499910378204,SC,sao miguel do oeste,low_volume,low_volume,low_volume__low_volume
c76d418370990614e89e956c7a7567d9,2,369.77,305.24,64.53,184.885,10.554403935185185,0.0,3.5,0.0,1.0,1286.4714976394207,0.17355331915487127,SP,taboao da serra,low_volume,low_volume,low_volume__low_volume
c79151301b9d90985d1fa52879213105,4,453.11,322.3,130.81,113.2775,9.062461419753086,0.0,3.75,0.25,1.0,759.6284462277663,0.2603201020775945,PR,maringa,low_volume,low_volume,low_volume__low_volume
c794dab4928dd97beb41d05514441e86,16,1544.59,1312.3999999999999,232.19,96.536875,13.794497974537038,0.125,4.375,0.0625,0.5,648.7128124677891,0.19948277982580692,SP,artur nogueira,low_volume,low_volume,low_volume__low_volume
c7a0a13cbcf29d5ce51c8f80afdc0b89,8,657.8000000000001,483.08000000000004,174.72,82.22500000000001,10.866258680555555,0.0,4.125,0.125,0.75,524.1670205504428,0.39225478533824576,SC,laurentino,low_volume,low_volume,low_volume__low_volume
c7b7db6c8f3c64a7cc1afa634db21d50,1,1511.86,1489.0,22.86,1511.86,33.21452546296296,1.0,1.0,1.0,0.0,104.70823119787525,0.015120447660497666,SP,sao paulo,low_volume,low_volume,low_volume__low_volume
c7bb64409aa480bb7d0335faaaf3d242,4,165.16,97.6,67.56,41.29,5.879091435185185,0.0,2.25,0.5,0.75,445.2962271400004,0.4317442615397674,SC,joinville,low_volume,low_volume,low_volume__low_volume
c7c7b2682c648339a0e9846bb1023a39,2,199.68,168.0,31.68,99.84,10.275578703703703,0.0,4.5,0.0,0.5,245.77439536857148,0.17074784525624803,SP,braganca paulista,low_volume,low_volume,low_volume__low_volume
c7dcd301ecfe5ab7f778ac172cf74be7,4,519.83,457.69,62.14,129.9575,25.347723765432097,0.0,2.5,0.5,0.5,367.95915413008674,0.17579808401636268,MG,belo horizonte,low_volume,low_volume,low_volume__low_volume
c7fdb77fdbff3c41981bc52f787e959e,10,871.88,696.32,175.56,87.188,16.80525720164609,0.2,3.3,0.4,0.6,764.786772037203,0.222742119222561,SP,santo andre,low_volume,low_volume,low_volume__low_volume
c8025364abeecb115431bf95c11a747f,2,971.28,928.0,43.28,485.64,7.962546296296296,0.5,4.5,0.0,0.5,480.1314984444124,0.044180210048426385,RS,porto alegre,low_volume,low_volume,low_volume__low_volume
c8143b3069f6746a77421b5ce30a450c,1,185.88,142.47,43.41,185.88,24.404675925925925,0.0,5.0,0.0,1.0,1759.617790055754,0.23353776630083925,GO,abadia de goias,low_volume,low_volume,low_volume__low_volume
c826c40d7b19f62a09e2d7c5e7295ee2,352,50937.369999999995,45397.76,5539.61,144.70843749999997,13.23693072329576,0.09090909090909091,4.079545454545454,0.15625,0.6846590909090909,606.1862998988641,0.1133720314352093,SP,guarulhos,high_value,standard_risk,high_value__standard_risk
c840d3fdbba0790404fdae73d253b253,9,4881.93,4522.280000000001,359.65,542.4366666666667,12.156665380658437,0.0,3.5555555555555554,0.2222222222222222,0.7777777777777778,839.1992394185006,0.1068750262761306,PR,curitiba,low_volume,low_volume,low_volume__low_volume
c8417879a15366a17c30af34c798c332,25,2210.55,1748.2,462.34999999999997,88.42200000000001,8.737716531635803,0.08,4.28,0.08,0.56,383.28811429663045,0.2905607168895268,SP,sao paulo,low_volume,low_volume,low_volume__low_volume
c84592044b180dec206770c38603814b,15,736.2,511.94000000000005,224.26,49.080000000000005,12.918706183862435,0.0,4.2,0.13333333333333333,0.6,579.3383241731041,0.3355045488001061,SP,sao paulo,low_volume,low_volume,low_volume__low_volume
c8467937e403e76a8ee9f0ab13f6f5ef,28,2292.8199999999997,1751.09,541.73,81.88642857142857,16.841490988756615,0.10714285714285714,4.071428571428571,0.14285714285714285,0.7857142857142857,561.7353082796798,0.31076923334234563,MG,pocos de caldas,low_volume,low_volume,low_volume__low_volume
c847e075301870dd144a116762eaff9a,41,15202.82,14148.800000000001,1054.02,370.80048780487806,16.430178819444443,0.07317073170731707,4.170731707317073,0.14634146341463414,0.9512195121951219,848.7874120292867,0.16514487551721146,MG,uberaba,standard_value,standard_risk,standard_value__standard_risk
c85d7b477a709c85a1e8b8f25aa1b270,1,107.22,75.0,32.22,107.22,,0.0,1.0,1.0,1.0,405.35985962820297,0.3005036373810856,SP,sao bernardo do campo,low_volume,low_volume,low_volume__low_volume
c864036feaab8c1659f65ea4faebe1da,58,12299.77,10454.2,1845.57,212.065,12.280721982758621,0.034482758620689655,4.568965517241379,0.05172413793103448,0.896551724137931,658.2560243716035,0.14610509217679124,PR,campo largo,standard_value,standard_risk,standard_value__standard_risk
c8660dcf9ba70575f45d80fe28c27713,4,438.99,335.0,103.99,109.7475,14.991455439814814,0.25,4.5,0.0,1.0,602.1033634060666,0.23492780029973095,SP,sao paulo,low_volume,low_volume,low_volume__low_volume
c8665a4dd081a2c436b1cd921079d0d9,1,93.53,79.39,14.14,93.53,4.243194444444445,0.0,5.0,0.0,0.0,233.68870833458303,0.15118143911044585,SP,pitangueiras,low_volume,low_volume,low_volume__low_volume
c8771b1a10bb99bb34d3c459c5cffb53,1,96.1,64.9,31.2,96.1,6.815891203703703,0.0,5.0,0.0,0.0,454.4336224570375,0.32466181061394384,SP,tocantins,low_volume,low_volume,low_volume__low_volume
c878515173c84a492ebe50d6b493230b,9,1308.04,1118.84,189.2,145.33777777777777,16.798422067901235,0.2222222222222222,4.111111111111111,0.2222222222222222,1.0,1072.9902258261454,0.22153363064634007,PR,itaipulandia,low_volume,low_volume,low_volume__low_volume
c87abc38c8ed3240861729e1aeadf221,1,148.68,133.0,15.68,148.68,10.748113425925926,0.0,1.0,1.0,1.0,621.8451856689238,0.10546139359698681,SP,sao paulo,low_volume,low_volume,low_volume__low_volume
c88f62b4c386a59281014d677864d016,1,1350.5,1099.0,251.5,1350.5,,0.0,1.0,1.0,1.0,2113.3617021884093,0.1862273232136246,PR,arapongas,low_volume,low_volume,low_volume__low_volume
c89cf7c468a48af70aada384e722f9e2,13,912.74,695.0,217.74,70.21076923076923,14.193443732193732,0.07692307692307693,4.0,0.15384615384615385,0.7692307692307693,558.4592635008435,0.279195272914556,RJ,petropolis,low_volume,low_volume,low_volume__low_volume
c8b0e2b0a7095e5d8219575d5e7e1181,83,13414.54,11940.220000000001,1474.32,161.6209638554217,9.990980170682732,0.060240963855421686,4.0843373493975905,0.14457831325301204,0.6265060240963856,548.2314818920015,0.12130012236518281,SP,itaquaquecetuba,standard_value,standard_risk,standard_value__standard_risk
c8b3445d737de6befde0c88ede534a5e,30,3800.79,3149.04,651.75,126.693,11.700679398148148,0.03333333333333333,4.433333333333334,0.06666666666666667,0.5,689.8449182099138,0.17961154351143677,SP,sao paulo,standard_value,standard_risk,standard_value__standard_risk
c8c1bea22194a4eefa2dc9a9fa89f536,7,1558.73,1266.0,292.73,222.6757142857143,8.498819444444445,0.0,5.0,0.0,1.0,814.3834269234494,0.17910516060440843,SC,porto belo,low_volume,low_volume,low_volume__low_volume
c8cc60ffd415254af5d9b9f34f32c369,8,916.23,722.2,194.03,114.52875,5.47861255787037,0.0,4.75,0.0,0.375,246.36466341473044,0.22079153830313153,SP,sorocaba,low_volume,low_volume,low_volume__low_volume
c8e135e7b21ecbc36c1153a29d2f5a06,7,1267.48,1165.5,101.98,181.06857142857143,8.14822585978836,0.0,4.857142857142857,0.0,0.14285714285714285,105.96054222193989,0.08972429328949803,SP,sao paulo,low_volume,low_volume,low_volume__low_volume
c963a25b8671419c6ce9eebe8fd03218,1,68.32,49.0,19.32,68.32,6.8539814814814815,0.0,5.0,0.0,1.0,235.55310037736535,0.2827868852459017,RJ,angra dos reis rj,low_volume,low_volume,low_volume__low_volume
c97aa4ee7420f937da13b7f9e2228b99,1,36.56,29.9,6.66,36.56,10.80730324074074,0.0,1.0,1.0,1.0,1499.0250784064842,0.18216630196936542,RS,novo hamburgo,low_volume,low_volume,low_volume__low_volume
c990d6cf976a5718aaedc539f383ab88,10,341.99,200.9,141.09,34.199,19.757588252314815,0.3,3.3,0.3,0.5,640.7288744935663,0.4151588412644349,SP,paulinia,low_volume,low_volume,low_volume__low_volume
c9a06ece156bb057372c68718ec8909b,14,5229.62,4688.9,540.72,373.5442857142857,11.487320075757577,0.0,3.0,0.35714285714285715,1.0,658.8890118042385,0.11578382122226957,DF,brasilia,low_volume,low_volume,low_volume__low_volume
c9aafcd0621b2207c10e32c649cada4d,44,3885.9,2997.25,888.65,88.31590909090909,8.712135416666666,0.09090909090909091,4.0227272727272725,0.18181818181818182,0.38636363636363635,489.70458134339117,0.26073932260612237,SP,sao paulo,standard_value,high_risk,standard_value__high_risk
c9c7905cffc4ef9ff9f113554423e671,127,12766.71,10657.18,2109.53,100.52527559055117,11.093948035141441,0.10236220472440945,4.141732283464567,0.11023622047244094,0.5511811023622047,632.9458521322939,0.20777940315340865,SP,itapecerica da serra,standard_value,standard_risk,standard_value__standard_risk
c9d2ba8dde44a275ae06475ed1d2fafc,1,43.31,28.79,14.52,43.31,8.417430555555555,0.0,5.0,0.0,1.0,699.7745098265458,0.33525744631724774,MG,uberlandia,low_volume,low_volume,low_volume__low_volume
c9e5ad1f6647f5dbd1172adf6ae3cada,4,319.97999999999996,259.03,60.95,79.99499999999999,9.24521701388889,0.0,4.75,0.0,0.75,901.176309205444,0.1944332697836813,RS,porto alegre,low_volume,low_volume,low_volume__low_volume
ca3bd7cd9f149df75950150d010fe4a2,71,13171.37,9731.85,3439.52,185.51225352112678,13.584718137254903,0.04225352112676056,3.9577464788732395,0.18309859154929578,0.5774647887323944,416.4426077966109,0.2916488759895841,SP,sao paulo,standard_value,high_risk,standard_value__high_risk
ca4b77513ac2040591b0d8fae6958380,14,1973.6200000000001,1772.45,201.17000000000002,140.97285714285715,7.763539186507936,0.21428571428571427,4.5,0.07142857142857142,0.42857142857142855,396.9082028978231,0.10536002758475324,SP,sando andre,low_volume,low_volume,low_volume__low_volume
ca5832c6960267b71041f74bb39e8b12,1,97.71,79.9,17.81,97.71,45.16071759259259,1.0,1.0,1.0,1.0,787.0559805126161,0.18227407634837786,SC,xanxere,low_volume,low_volume,low_volume__low_volume
ca77545ca4d2dfd1431bf61334e2fa3c,6,973.7099999999999,760.0,213.71,162.285,13.23924189814815,0.0,4.666666666666667,0.0,1.0,864.9393231145242,0.2092901600559746,PR,maringa,low_volume,low_volume,low_volume__low_volume
ca7c6bd577e559472af1c699de9e764e,6,218.82,148.0,70.82,36.47,4.6808198302469135,0.0,4.333333333333333,0.16666666666666666,0.0,61.97307681901782,0.32599598381932265,SP,sao bernardo do campo,low_volume,low_volume,low_volume__low_volume
caa9bc43a9fe8cf9c564ddd8a03cc4a6,12,970.69,758.88,211.81,80.89083333333333,8.378774112654321,0.08333333333333333,4.666666666666667,0.0,0.4166666666666667,516.8913251834099,0.23919383620065085,SP,jacarei,low_volume,low_volume,low_volume__low_volume
cab85505710c7cb9b720bceb52b01cee,205,14217.56,11319.2,2898.36,69.3539512195122,10.157799421296296,0.024390243902439025,4.280487804878049,0.07804878048780488,0.5463414634146342,532.0419788350223,0.19920795484066087,SP,sao paulo,standard_value,standard_risk,standard_value__standard_risk
cac4c8e7b1ca6252d8f20b2fc1a2e4af,74,5651.03,4128.19,1522.84,76.36527027027027,18.116590087519025,0.21621621621621623,3.5472972972972974,0.2972972972972973,0.6351351351351351,636.8217003482441,0.3125843814277812,SP,indaiatuba,standard_value,high_risk,standard_value__high_risk
cac4e0bc1a3269fa2b6ea5e763f6115b,2,108.02000000000001,57.88,50.14,54.010000000000005,11.330792824074074,0.0,5.0,0.0,1.0,317.50499332450045,0.4659388769744627,SC,brusque,low_volume,low_volume,low_volume__low_volume
cac63f48c38cd7d002a7e846dcd99a23,10,1014.62,874.0,140.62,101.462,7.2265243055555555,0.0,4.8,0.0,0.5,433.8055427727594,0.13641273712356178,SP,sumare,low_volume,low_volume,low_volume__low_volume
cac876b37d3abcd6bd76caca30277996,26,2868.48,2161.87,706.61,110.32615384615384,10.055976673789173,0.038461538461538464,4.461538461538462,0.038461538461538464,0.8846153846153846,759.7903084293013,0.27500952353689023,PR,cascavel,low_volume,low_volume,low_volume__low_volume
cad10cc982ab6a391570c211b995c17c,1,60.19,47.4,12.79,60.19,4.2977893518518515,0.0,5.0,0.0,0.0,236.46707659273886,0.2124937697291909,SP,avare,low_volume,low_volume,low_volume__low_volume
cad9969167c09b48ae6f1d123f7fa68d,2,70.18,43.2,26.98,35.09,3.389236111111111,0.0,3.0,0.5,0.5,265.2241531151778,0.386237744009005,MG,pocos de caldas,low_volume,low_volume,low_volume__low_volume
cb0b3bcf14e0a709df412a99424a59d7,2,507.43,460.0,47.43,253.715,22.21970486111111,0.0,4.5,0.0,1.0,2099.6442313814177,0.09355459080385023,SP,sao paulo,low_volume,low_volume,low_volume__low_volume
cb162c8eef257253782d245c08d9097c,1,49.120000000000005,34.99,14.13,49.120000000000005,10.642743055555556,0.0,5.0,0.0,1.0,494.45300274596104,0.2876628664495114,SP,barueri,low_volume,low_volume,low_volume__low_volume
cb32766839f443db85c82a43c4a6c19e,2,265.51,234.0,31.51,132.755,19.473778935185187,0.0,3.0,0.5,1.0,547.6565917357213,0.11874104120111179,SP,rio claro,low_volume,low_volume,low_volume__low_volume
cb3dd9ce66268c7a3ca7241ac70ab58c,50,3725.71,2879.76,845.95,74.5142,14.009482060185185,0.06,4.15,0.14,0.5,523.658187997597,0.2638506017550476,SP,sao paulo,standard_value,standard_risk,standard_value__standard_risk
cb41bfbcbda0aea354a834ab222f9a59,12,4888.68,4002.0,886.68,407.39000000000004,37.56390677609427,0.3333333333333333,3.3333333333333335,0.3333333333333333,0.4166666666666667,749.7695137900814,0.17250664707792382,SP,sao paulo,low_volume,low_volume,low_volume__low_volume
cb4a705d00e100b9732d0ca34817d441,1,1080.56,998.0,82.56,1080.56,24.12673611111111,0.0,1.0,1.0,1.0,2200.3182285942758,0.07640482712667507,SC,florianopolis,low_volume,low_volume,low_volume__low_volume
cb5df0dcb9e280b1780e9d589889f2c7,15,3550.14,2836.73,713.41,236.676,19.051969907407408,0.06666666666666667,2.6,0.5333333333333333,0.6,655.5923531437774,0.19125413421584314,SP,bady bassitt,low_volume,low_volume,low_volume__low_volume
cb5ff1b9715e99589f3e0c7a6afab9e3,4,139.03000000000003,85.0,54.03,34.75750000000001,6.08377025462963,0.0,4.0,0.0,0.75,398.88775139410797,0.4072362067003554,PR,maringa,low_volume,low_volume,low_volume__low_volume
cb6c9f5888a7a090c75beaf615925792,11,1008.97,779.8900000000001,229.08,91.72454545454546,10.160455597643097,0.09090909090909091,3.8181818181818183,0.18181818181818182,1.0,816.4992064464003,0.23968506765652453,ES,vila velha,low_volume,low_volume,low_volume__low_volume
cb810bd318f51b3dc3c753944d61a1fa,1,1789.02,1750.0,39.02,1789.02,12.295810185185186,0.0,4.0,0.0,1.0,2072.764145707684,0.021810823802975932,RJ,niteroi,low_volume,low_volume,low_volume__low_volume
cb8bcce248bb1fb274ba762d8b971456,68,10635.02,9402.2,1232.82,156.39735294117648,12.631106551627385,0.014705882352941176,4.25,0.07352941176470588,0.8235294117647058,589.9965572507688,0.11538135432934288,MG,santa rita do sapucai,standard_value,standard_risk,standard_value__standard_risk
cb9fb4ca75d7ba8437480e8dde64fe98,10,705.56,532.14,173.42000000000002,70.556,9.250421296296297,0.0,4.0,0.2,0.7,366.2883214595764,0.2500088702879054,SP,sao paulo,low_volume,low_volume,low_volume__low_volume
cbbd5ae8f53de5f5097cd8217b529e24,2,422.25,351.8,70.44999999999999,211.125,20.768761574074073,0.0,2.5,0.5,1.0,1957.3896392017016,0.16667993194224745,SP,santana de parnaiba,low_volume,low_volume,low_volume__low_volume
cbd996ad3c1b7dc71fd0e5f5df9087e2,161,10655.48,7987.5,2667.98,66.18310559006211,12.848518887119605,0.08695652173913043,4.149068322981367,0.13043478260869565,0.484472049689441,539.5993664554668,0.27547173667294633,SP,sao jose do rio preto,standard_value,standard_risk,standard_value__standard_risk
cbf09e831b0c11f6f23ffb51004db972,10,1815.4,1535.2,280.2,181.54000000000002,5.281611111111111,0.0,4.4,0.0,0.4,336.2423133923491,0.19986259939725182,SP,sbc/sp,low_volume,low_volume,low_volume__low_volume
cc1f04647be106ba74e62b21f358af25,1,20.19,11.9,8.29,20.19,13.295810185185186,0.0,1.0,1.0,0.0,23.860126639770325,0.41059930658741944,SP,sao paulo,low_volume,low_volume,low_volume__low_volume
cc3d14116804f7209f3884f6367f1152,27,6060.59,5477.8,582.79,224.4662962962963,12.827609739368999,0.037037037037037035,4.62962962962963,0.037037037037037035,0.8148148148148148,694.0628621705156,0.10161644541923841,PR,curitiba,low_volume,low_volume,low_volume__low_volume
cc419e0650a3c5ba77189a1882b7556a,1698,129358.22,103791.5,25566.72,76.1826972909305,11.6005842412692,0.059481743227326266,4.074106792304672,0.1513545347467609,0.6054181389870436,610.3002846246314,0.2163369043267562,SP,santo andre,high_value,standard_risk,high_value__standard_risk
cc5a78bbad32776dc4e3af205218368c,33,5573.35,4269.18,1304.17,168.88939393939395,8.184648569023569,0.030303030303030304,4.454545454545454,0.09090909090909091,0.7272727272727273,422.6092764031407,0.3353013604104615,MG,divinopolis,standard_value,standard_risk,standard_value__standard_risk
cc63f0dd2acba93ffed4fe9f8e0321fa,55,8496.68,7096.71,1399.97,154.48509090909093,8.998671506734008,0.0,4.090909090909091,0.09090909090909091,0.6181818181818182,558.8369723930172,0.17679753279304258,SP,sao jose do rio preto,standard_value,standard_risk,standard_value__standard_risk
cc80e2f693fa6e2408f47ccf62413fc1,2,508.63,420.0,88.63,254.315,14.152598379629628,0.0,4.0,0.0,1.0,743.9055603126347,0.17417544674538132,PR,curitiba,low_volume,low_volume,low_volume__low_volume
cca3071e3e9bb7d12640c9fbe2301306,700,76857.4,62759.3,14098.1,109.7962857142857,14.11793767832149,0.055714285714285716,3.845,0.2057142857142857,0.5542857142857143,557.3768458350692,0.2032945812985832,SP,ibitinga,high_value,high_risk,high_value__high_risk
ccada0ef508e698917a6eab263375905,3,231.96,172.8,59.160000000000004,77.32000000000001,9.912824074074074,0.0,3.6666666666666665,0.3333333333333333,0.6666666666666666,819.0407419133359,0.3142532356443862,PR,pato bragado,low_volume,low_volume,low_volume__low_volume
ccb83a794700270fde70898fe9ff368b,12,12785.73,11062.0,1723.73,1065.4775,16.59214988425926,0.16666666666666666,4.333333333333333,0.08333333333333333,0.9166666666666666,857.5929929446096,0.13461845354845053,SC,sombrio,low_volume,low_volume,low_volume__low_volume
ccbd753e6863fe7314dc6c0ca5a074e7,1,596.56,495.0,101.56,596.56,11.860879629629627,0.0,4.0,0.0,1.0,2599.388416447877,0.17024272495641682,SC,blumenau,low_volume,low_volume,low_volume__low_volume
ccc4bbb5f32a6ab2b7066a4130f114e3,186,78882.99,73654.72,5228.2699999999995,424.10209677419357,15.867049496559401,0.07526881720430108,4.28494623655914,0.11827956989247312,0.9247311827956989,1253.8033565532571,0.06913247282487872,PR,curitiba,high_value,standard_risk,high_value__standard_risk
cce6ab8d1682639fe45ab70234f1665f,63,3690.14,2522.7,1167.44,58.57365079365079,15.35970267911354,0.047619047619047616,4.412698412698413,0.07936507936507936,0.6349206349206349,541.1072790568414,0.314855882448894,SP,curitiba,standard_value,standard_risk,standard_value__standard_risk
ccf8813e5a7d6c84d865cd38bfc2b130,26,3051.29,2635.5,415.79,117.35730769230769,11.43051549145299,0.07692307692307693,4.384615384615385,0.11538461538461539,0.38461538461538464,428.623797085141,0.13606667219345997,SP,taubate,low_volume,low_volume,low_volume__low_volume
cd06602b43d8800bd0afad514919d35c,44,3335.33,2588.07,747.26,75.80295454545454,12.598744616709734,0.045454545454545456,3.6818181818181817,0.2727272727272727,0.5,399.81473022653404,0.39358641036417696,SP,sao paulo,standard_value,high_risk,standard_value__high_risk
cd2169d9f31ff6fbb9ca3373b0c9e354,1,625.33,569.0,56.33,625.33,15.16494212962963,0.0,4.0,0.0,1.0,2203.2531426943,0.09008043752898469,RJ,nova friburgo,low_volume,low_volume,low_volume__low_volume
cd233f8bfa30ebfd651f47ee7d054951,1,98.56,79.9,18.66,98.56,9.33625,0.0,5.0,0.0,1.0,1047.937580068913,0.1893262987012987,SP,birigui,low_volume,low_volume,low_volume__low_volume
cd3d09fbe6e3e9ff0c0ac0c300e93ae7,12,880.23,651.04,229.19,73.3525,11.708241705246913,0.08333333333333333,4.166666666666667,0.16666666666666666,0.6666666666666666,933.7058050958094,0.2702919758996297,SP,nova odessa,low_volume,low_volume,low_volume__low_volume
cd52a8efd71af3336b14b5039b951cc1,3,230.54,170.8,59.74,76.84666666666666,11.198726851851852,0.0,2.3333333333333335,0.3333333333333333,0.6666666666666666,1123.80740416773,0.2560725189490199,SP,palhoca,low_volume,low_volume,low_volume__low_volume
cd68562d3f44870c08922d380acae552,124,20644.62,18453.7,2190.92,166.48887096774192,16.11492720768289,0.1693548387096774,3.943548387096774,0.18548387096774194,0.6209677419354839,686.8151273516461,0.14464527641657335,SP,ribeirao preto,high_value,high_risk,high_value__high_risk
cd6efc47efaabf134f8bdb654e10b4f1,31,4757.16,4158.55,598.61,153.45677419354837,8.592231556152926,0.0967741935483871,4.483870967741935,0.06451612903225806,0.7419354838709677,501.363280650963,0.1291409620794707,RJ,rio de janeiro,standard_value,standard_risk,standard_value__standard_risk
cd843d4cf8ef32827de0396605163ba3,5,2612.56,1915.0,697.56,522.512,16.075208333333332,0.0,3.8,0.0,0.8,519.0594125186981,0.25980272872944693,MG,juiz de fora,low_volume,low_volume,low_volume__low_volume
cda598c48d7c614bc1cad7d8ff6f0010,17,1420.2,1118.6000000000001,301.6,83.54117647058824,7.950499046840959,0.0,4.0588235294117645,0.058823529411764705,0.5882352941176471,537.5106774745108,0.2573116456109017,SP,mirassol,low_volume,low_volume,low_volume__low_volume
ce20a2ec1514c25e16f2b5b39bc818f0,4,496.03,287.0,209.03,124.0075,14.237659143518517,0.25,4.75,0.0,0.75,949.2590467032636,0.4163084098986558,SP,sao paulo,low_volume,low_volume,low_volume__low_volume
ce248b21cb2adc36282ede306b7660e5,65,17296.95,15230.06,2066.89,266.10692307692307,15.71954517505787,0.1076923076923077,4.184615384615385,0.13846153846153847,0.9692307692307692,701.7534875605022,0.20614907103205832,SC,jaragua do sul,standard_value,standard_risk,standard_value__standard_risk
ce27a3cc3c8cc1ea79d11e561e9bebb6,130,10126.1,8148.76,1977.34,77.89307692307693,10.078873852484964,0.015384615384615385,3.9153846153846152,0.19230769230769232,0.5230769230769231,563.7279569893295,0.2592389795688321,SP,sao paulo,standard_value,high_risk,standard_value__high_risk
ce33c6211beaa8fef4cae8b52db39862,1,63.52,49.0,14.52,63.52,18.732430555555556,0.0,3.0,0.0,1.0,499.959203934209,0.22858942065491183,SP,suzano,low_volume,low_volume,low_volume__low_volume
ce3ad9de960102d0677a81f5d0bb7b2d,1,174.21,158.0,16.21,174.21,4.042291666666666,0.0,5.0,0.0,1.0,338.4535673079713,0.09304861948223409,RJ,rio de janeiro,low_volume,low_volume,low_volume__low_volume
ce4755084bc097113867e6454f8f5e52,1,31.69,18.9,12.79,31.69,6.389606481481482,0.0,5.0,0.0,0.0,285.71585533800044,0.4035973493215525,SP,ribeirao preto,low_volume,low_volume,low_volume__low_volume
ce616e1913288884e7742faac9d981db,15,640.03,365.1,274.93,42.66866666666667,6.777799272486773,0.06666666666666667,4.466666666666667,0.0,0.3333333333333333,180.10767692848282,0.4501399627703589,SP,cotia,low_volume,low_volume,low_volume__low_volume
ce69a8021d18961dd2a40269b7c2c293,19,5289.05,4818.0,471.05,278.37105263157895,10.203286427875245,0.10526315789473684,4.473684210526316,0.10526315789473684,0.9473684210526315,593.3724280458628,0.15013854757875694,PR,curitiba,low_volume,low_volume,low_volume__low_volume
ce7d1888639e6fb06b2749cbfdac1ff7,78,14876.54,11793.89,3082.65,190.7248717948718,14.550741185897436,0.08974358974358974,4.166666666666667,0.16666666666666666,0.8589743589743589,408.0118592437801,0.20396356509072516,MG,baependi,standard_value,standard_risk,standard_value__standard_risk
cea729054f157f5870bdd321a958d994,24,2831.62,2482.1,349.52,117.98416666666667,7.273115837191358,0.041666666666666664,4.125,0.125,0.3333333333333333,473.7712090908037,0.19351955017065817,SP,sao paulo,low_volume,low_volume,low_volume__low_volume
ceaec5548eefc6e23e6607c5435102e7,199,58311.11,52062.19,6248.92,293.02065326633164,12.915919634377968,0.05527638190954774,4.1457286432160805,0.12562814070351758,0.6683417085427136,624.5554721484987,0.11064583759298419,SP,sao paulo,high_value,standard_risk,high_value__standard_risk
ceb7b4fb9401cd378de7886317ad1b47,1,416.45,399.9,16.55,416.45,,0.0,3.0,0.0,1.0,364.496601493757,0.03974066514587586,RJ,04482255,low_volume,low_volume,low_volume__low_volume
cecd97bc34ed8330bd4cd15713eda670,1,76.5,57.99,18.51,76.5,7.138460648148148,0.0,1.0,1.0,1.0,704.9539211968344,0.2419607843137255,SC,cordilheira alta,low_volume,low_volume,low_volume__low_volume
cee48807215b30a12ca2ca10ffb5f250,39,8125.52,7212.2300000000005,913.29,208.34666666666666,23.632062856125355,0.15384615384615385,3.769230769230769,0.23076923076923078,0.7692307692307693,640.2860388483585,0.1556566739528134,SP,guaruja,standard_value,high_risk,standard_value__high_risk
cf1313c6e2c01c2f4b014f97db4bcd2b,5,397.0,315.70000000000005,81.3,79.4,8.240326388888889,0.2,5.0,0.0,0.6,464.4972273977426,0.20212671954865655,RJ,rio de janeiro \rio de janeiro,low_volume,low_volume,low_volume__low_volume
cf2384dd2f1dddea3f838efed0945e65,16,2534.94,2101.5,433.44,158.43375,14.251440248842593,0.0,3.9375,0.125,0.875,662.7740597242175,0.1695199980815504,SP,serra negra,low_volume,low_volume,low_volume__low_volume
cf281cf8b7affbdfe751b29cc85580e1,1,90.23,64.9,25.33,90.23,,0.0,1.0,1.0,1.0,2362.8097007264114,0.28072703092097967,CE,eusebio,low_volume,low_volume,low_volume__low_volume
cf654707ed6a99f112c7ec3d6f314b8b,3,789.5400000000001,756.0,33.54,263.18,5.250501543209876,0.0,4.666666666666667,0.0,0.0,37.359557939433934,0.042794814055179486,SP,sao paulo,low_volume,low_volume,low_volume__low_volume
cf6f6bc4df3999b9c6440f124fb2f687,1,12.22,3.5,8.72,12.22,,0.0,5.0,0.0,0.0,18.81109869668368,0.7135842880523732,SP,sao paulo,low_volume,low_volume,low_volume__low_volume
cf8ab1616079e2793aa29d524df01bb1,9,15150.37,14391.0,759.37,1683.3744444444446,26.40703896604938,0.1111111111111111,2.0,0.7777777777777778,0.6666666666666666,770.5044563412922,0.049870109188305506,SP,sao paulo,low_volume,low_volume,low_volume__low_volume
cfa5ab0e4d3fc212fd0b3410e7081c62,16,7219.81,6180.8,1039.01,451.238125,11.974913580246914,0.0,3.6875,0.25,0.6875,490.1711624601948,0.21795076684541448,MG,uba,low_volume,low_volume,low_volume__low_volume
cfb1a033743668a192316f3c6d1d2671,146,16010.5,12596.64,3413.86,109.66095890410959,12.156709865675534,0.11643835616438356,3.9760273972602738,0.1780821917808219,0.4931506849315068,406.79660476219243,0.25564450572716835,SP,votorantim,standard_value,standard_risk,standard_value__standard_risk
cfd7ddab722b902f7ac5b5f3ba6d723d,12,4058.11,3385.0299999999997,673.0799999999999,338.17583333333334,5.445188078703704,0.0,4.75,0.08333333333333333,0.6666666666666666,478.67437248277275,0.24738160964925415,MG,contagem,low_volume,low_volume,low_volume__low_volume
cfe94489ddd337d1e29e12f2a7205d10,20,2672.8199999999997,2376.0,296.82,133.641,6.922806134259259,0.1,4.3,0.05,0.5,240.399216660105,0.11010002019504184,SP,sao paulo,low_volume,low_volume,low_volume__low_volume
d03698c2efd04a549382afa6623e27fb,18,9644.619999999999,8865.47,779.15,535.8122222222222,14.709746013374485,0.05555555555555555,4.5,0.05555555555555555,0.9444444444444444,1232.1297529730975,0.10115759684909827,BA,ilheus,low_volume,low_volume,low_volume__low_volume
d05ae8f7a5bd1d2a690a44cd079e4e27,77,14407.23,13257.0,1150.23,187.10688311688313,11.426147356237816,0.09090909090909091,3.857142857142857,0.22077922077922077,0.6883116883116883,477.91837406940897,0.08520567255643675,RJ,rio de janeiro,standard_value,high_risk,standard_value__high_risk
d06d019f72a04e5497a0b64190af170c,17,2641.44,2415.93,225.51,155.37882352941176,8.503113425925926,0.058823529411764705,4.529411764705882,0.058823529411764705,0.47058823529411764,257.44136062254165,0.114991055003913,SP,cotia,low_volume,low_volume,low_volume__low_volume
d0d70d21e2234dd7cd3cf63fe414148a,8,964.99,598.4,366.59000000000003,120.62375,9.144545717592592,0.0,4.25,0.125,1.0,1439.84176376999,0.39745668392143013,PB,sao bento,low_volume,low_volume,low_volume__low_volume
d101c6da914ae3d53f7bee42283f2fe2,13,1557.55,1297.4,260.15,119.81153846153846,13.331282941595443,0.07692307692307693,3.6153846153846154,0.3076923076923077,0.46153846153846156,375.73073402585646,0.16939344774366943,SP,sao paulo,low_volume,low_volume,low_volume__low_volume
d12c926d74ceff0a90a21184466ce161,78,5192.82,3944.18,1248.6399999999999,66.57461538461538,8.724073617202729,0.01282051282051282,4.32051282051282,0.08974358974358974,0.5897435897435898,504.6771452454847,0.25580303620622796,SP,sao paulo,standard_value,standard_risk,standard_value__standard_risk
d13e50eaa47b4cbe9eb81465865d8cfc,67,8012.84,7155.05,857.79,119.59462686567164,5.039004454264871,0.208955223880597,4.82089552238806,0.029850746268656716,0.31343283582089554,280.55168175937473,0.11925858166586147,SP,santo andre,standard_value,standard_risk,standard_value__standard_risk
d149de2f383552baea37a7198c2296ce,3,354.37,320.70000000000005,33.67,118.12333333333333,4.890138888888889,0.0,5.0,0.0,0.3333333333333333,177.9301498199363,0.09433231960512141,SP,sao paulo,low_volume,low_volume,low_volume__low_volume
d1582f4043306e6b91afa6a8a884f898,9,1121.92,990.0,131.92,124.65777777777778,12.108569958847736,0.1111111111111111,4.111111111111111,0.1111111111111111,0.7777777777777778,585.7397184377719,0.11703740307500847,SP,sao paulo,low_volume,low_volume,low_volume__low_volume
d17f467e4bf608a510c20d82f4ba3b6b,12,3556.55,3021.66,534.89,296.37916666666666,12.060534511784512,0.16666666666666666,4.0,0.08333333333333333,0.75,586.1961837463917,0.22192500275601565,RS,caxias do sul,low_volume,low_volume,low_volume__low_volume
d180e07dc1e58c31c3f0cd599dc4d945,1,72.96,58.8,14.16,72.96,7.997523148148148,0.0,3.0,0.0,1.0,467.4353218343979,0.19407894736842107,MG,belo horizonte,low_volume,low_volume,low_volume__low_volume
d197aa8fbc64087f61984deef05f6227,6,630.65,519.09,111.56,105.10833333333333,7.411525848765432,0.0,4.833333333333333,0.0,0.3333333333333333,340.08728458577303,0.21665225820183934,SP,sao jose dos campos,low_volume,low_volume,low_volume__low_volume
d1a1b40ec554c593a1a99366746289dd,1,64.22,49.7,14.52,64.22,,0.0,2.0,1.0,1.0,678.150220619133,0.2260977888508253,PR,pato branco,low_volume,low_volume,low_volume__low_volume
d1a5cc844736958c11b8efab9a2b4c87,1,254.01,237.6,16.41,254.01,30.294270833333332,1.0,1.0,1.0,1.0,145.66268703059995,0.06460375575764735,PR,curitiba,low_volume,low_volume,low_volume__low_volume
d1aa1ec0839dcab73a6161130eb1f94a,1,136.04000000000002,119.9,16.14,136.04000000000002,35.02212962962963,1.0,4.0,0.0,1.0,653.9196486543838,0.11864157600705673,PR,curitiba,low_volume,low_volume,low_volume__low_volume
d1b65fc7debc3361ea86b5f14c68d2e2,40,13141.8,11703.07,1438.73,328.54499999999996,9.19198806980057,0.05,4.55,0.05,0.6,493.63017350221673,0.11894887761562409,SP,mogi guacu,standard_value,standard_risk,standard_value__standard_risk
d1b9d4be4b6f9ebd85f8acd6745ba612,11,1348.53,1154.35,194.18,122.59363636363636,10.813234427609428,0.0,4.181818181818182,0.09090909090909091,0.8181818181818182,684.4205001891531,0.14634269113755066,MG,nova lima,low_volume,low_volume,low_volume__low_volume
d1c281d3ae149232351cd8c8cc885f0d,213,32098.690000000002,26766.62,5332.07,150.6980751173709,12.745261235587002,0.0892018779342723,3.7934272300469485,0.22535211267605634,0.5070422535211268,536.7647052377177,0.1864585654748731,SP,ibitinga,high_value,high_risk,high_value__high_risk
d1c7fa84e48cfa21a0e595167c1c500e,12,1477.38,1156.03,321.35,123.11500000000001,11.879826388888889,0.0,4.333333333333333,0.16666666666666666,0.9166666666666666,870.7164471587075,0.2562524176580084,RS,jacutinga,low_volume,low_volume,low_volume__low_volume
d1e2fe627180431ffda076abb303c56f,1,298.05,289.0,9.05,298.05,,0.0,1.0,1.0,0.0,38.60288542604827,0.030364032880389198,RJ,rio de janeiro,low_volume,low_volume,low_volume__low_volume
d1ef48b38baca7e831711c4a0aeb398f,29,2144.69,1469.12,675.5699999999999,73.9548275862069,9.90965484457672,0.10344827586206896,4.448275862068965,0.034482758620689655,0.8275862068965517,653.6404033929628,0.36956783585417385,PR,apucarana,low_volume,low_volume,low_volume__low_volume
d20b021d3efdf267a402c402a48ea64b,89,5689.08,4129.18,1559.9,63.92224719101124,16.96088929738562,0.16853932584269662,3.6853932584269664,0.2247191011235955,0.5056179775280899,492.00069242274054,0.3366629016384996,SP,ibitinga,standard_value,high_risk,standard_value__high_risk
d23019c84ffae2d5ef2270367b8605fc,39,31954.84,29205.1,2749.7400000000002,819.3548717948718,11.277978395061728,0.02564102564102564,4.410256410256411,0.05128205128205128,0.9743589743589743,630.3598203986235,0.21887826633340732,PR,londrina,high_value,standard_risk,high_value__standard_risk
d2374cbcbb3ca4ab1086534108cc3ab7,518,30408.26,20930.22,9478.039999999999,58.70320463320463,14.598105762933857,0.05791505791505792,3.7644787644787643,0.2084942084942085,0.5077220077220077,528.0903145211936,0.34495064553117066,SP,ibitinga,high_value,high_risk,high_value__high_risk
d2572f31e9023e9850ef986a636ff9bf,1,305.69,279.0,26.69,305.69,10.130671296296295,0.0,5.0,0.0,1.0,798.2100524507833,0.08731067421243745,MG,belo horizonte,low_volume,low_volume,low_volume__low_volume
d25aa0aaacb370e912f8cf6efeba38b3,17,3373.13,2658.45,714.6800000000001,198.4194117647059,8.840630446623093,0.058823529411764705,4.470588235294118,0.058823529411764705,0.9411764705882353,675.56986810152,0.19968839060527288,SC,massaranduba,low_volume,low_volume,low_volume__low_volume
d263fa444c1504a75cbca5cc465f592a,1,444.07,399.0,45.07,444.07,9.542453703703703,0.0,5.0,0.0,1.0,2313.6100344165393,0.10149300785912131,SP,americana,low_volume,low_volume,low_volume__low_volume
d26aa40b90272d4843d63be7c1462c8d,2,177.42000000000002,152.9,24.52,88.71000000000001,4.590243055555556,0.0,4.5,0.0,0.5,202.38864178398075,0.1352319186092056,SP,sao paulo,low_volume,low_volume,low_volume__low_volume
d297f1055de2956aedfd3b04113dce3e,1,61.94,54.3,7.64,61.94,3.8065277777777777,0.0,4.0,0.0,0.0,121.17427282125009,0.12334517274782048,SP,nova odessa,low_volume,low_volume,low_volume__low_volume
d29ba1220fb8634fa3a107e54497b8a4,9,907.86,724.94,182.92000000000002,100.87333333333333,6.488707561728395,0.0,3.2222222222222223,0.3333333333333333,0.4444444444444444,328.19972283152674,0.24984727266435425,SP,sao carlos,low_volume,low_volume,low_volume__low_volume
d2df77822373f19934e87694d8640767,2,196.4,155.9,40.5,98.2,22.154542824074074,0.0,3.0,0.5,1.0,619.9715599861869,0.21322642958774318,PR,arapongas,low_volume,low_volume,low_volume__low_volume
d2e753bb80b7d4faa77483ed00edc8ca,14,1774.94,1320.7,454.24,126.78142857142858,12.98053902116402,0.07142857142857142,3.6785714285714284,0.14285714285714285,0.9285714285714286,944.9787194740618,0.251477131425057,BA,porto seguro,low_volume,low_volume,low_volume__low_volume
d2f3e277560ed4c6361284429b00f037,7,454.66,320.55,134.11,64.95142857142858,8.06350033068783,0.0,4.714285714285714,0.0,0.7142857142857143,415.9439396961605,0.40837289789243536,SP,atibaia,low_volume,low_volume,low_volume__low_volume
d32e3909cfb714fb2a6cb092c85b9c5f,10,3078.8999999999996,2827.9,251.0,307.89,22.51067476851852,0.3,3.5,0.3,0.6,724.0472146565531,0.13533197595304197,SP,jundiai,low_volume,low_volume,low_volume__low_volume
d354c38a7182125a748cb10474fe963b,17,1841.53,1540.34,301.19,108.32529411764706,13.666478587962963,0.058823529411764705,4.294117647058823,0.0,0.7058823529411765,495.3185149922419,0.28003025569112333,RJ,aperibe,low_volume,low_volume,low_volume__low_volume
d3674f271c91f824f82d24d92011f669,20,2101.82,1718.3,383.52,105.09100000000001,13.77093576388889,0.1,4.1,0.15,0.9,776.2157952951086,0.2231758296135522,DF,brasilia,low_volume,low_volume,low_volume__low_volume
d36b07fd3c5088e477a72d1fccfe29d4,1,339.85999999999996,328.9,10.96,339.85999999999996,13.235810185185183,0.0,5.0,0.0,0.0,404.4558757761845,0.03224857294179957,SP,itapetininga,low_volume,low_volume,low_volume__low_volume
d379f449f2a3b271bc01c0782020f705,28,5499.8,4423.06,1076.74,196.42142857142858,13.299655257936507,0.03571428571428571,3.892857142857143,0.21428571428571427,0.9285714285714286,658.1090384763365,0.26926418416298337,MG,divinopolis,low_volume,low_volume,low_volume__low_volume
d3891911c2feae53c52fea2bd14054e5,2,166.99,141.0,25.990000000000002,83.495,4.062760416666666,0.0,5.0,0.0,0.5,292.4194891997819,0.15101921214679986,SP,sao paulo,low_volume,low_volume,low_volume__low_volume
d3dcf0604eabf0224fbd5948b5e02f69,9,3067.4100000000003,2902.2999999999997,165.10999999999999,340.8233333333334,17.632256944444446,0.3333333333333333,3.888888888888889,0.2222222222222222,0.7777777777777778,914.4220372916376,0.0807029878890172,SP,sao paulo,low_volume,low_volume,low_volume__low_volume
d3e7d37c0df9aef383f3f2a15b0dddfb,1,201.34,161.0,40.34,201.34,13.07738425925926,0.0,5.0,0.0,1.0,647.7258352791396,0.20035760405284594,PR,sao jose dos pinhais,low_volume,low_volume,low_volume__low_volume
d3f39f05462b79a4562d35893a28f159,34,2968.77,2411.3,557.47,87.31676470588235,11.970595187991021,0.11764705882352941,3.6470588235294117,0.3235294117647059,0.38235294117647056,331.6538094180598,0.19633648416273497,SP,mococa,standard_value,high_risk,standard_value__high_risk
d4828feed4cda2cd9d6b37899a95a71e,1,62.11,39.9,22.21,62.11,13.50712962962963,0.0,2.0,1.0,1.0,494.9516773304208,0.35759137014973436,CE,juzeiro do norte,low_volume,low_volume,low_volume__low_volume
d4910f1cdcfdabd48d6b316e395d4a23,11,1361.92,1146.88,215.04,123.81090909090909,6.125251473063972,0.09090909090909091,4.909090909090909,0.0,0.5454545454545454,397.1331900671839,0.1554151698950608,SP,santo andre,low_volume,low_volume,low_volume__low_volume
d4a5e99e0dd915df64ba55a7fbd583fd,2,149.75,65.15,84.6,74.875,12.585381944444446,0.0,3.0,0.5,1.0,612.0354965265196,0.4950033145508783,SP,sao paulo,low_volume,low_volume,low_volume__low_volume
d4d99b60c4c94cd35acd502cec65dc8d,1,87.29,72.9,14.39,87.29,19.08181712962963,0.0,3.0,0.0,1.0,322.68184345497656,0.1648527895520678,SP,sao paulo,low_volume,low_volume,low_volume__low_volume
d4e12e7884759a14fa0f5f896c791cae,29,1839.67,1400.0,439.67,63.43689655172414,8.422430954661559,0.06896551724137931,4.620689655172414,0.06896551724137931,0.4827586206896552,373.404732982906,0.24889831911828592,SP,sao paulo,low_volume,low_volume,low_volume__low_volume
d4e4b5192cba4e0e66eb12a9d347239d,12,652.09,441.8,210.29,54.340833333333336,13.376001683501682,0.0,4.166666666666667,0.16666666666666666,1.0,1227.969000162075,0.3801882025826819,PR,toledo,low_volume,low_volume,low_volume__low_volume
d4f117125b59ce73c3302f88ee40c458,17,998.61,783.29,215.32,58.74176470588235,7.728728894335511,0.0,4.823529411764706,0.0,0.5294117647058824,383.1418526924589,0.21386351359926242,SP,sao paulo,low_volume,low_volume,low_volume__low_volume
d4f91e8be86b38da2ee35bc489645a9d,1,61.16,49.99,11.17,61.16,17.22824074074074,0.0,5.0,0.0,0.0,138.28551439352745,0.1826357096141269,SP,guaratingueta,low_volume,low_volume,low_volume__low_volume
d4ffeb15b67e81ff9af2b4252d99fb7e,10,1550.0,1263.4,286.6,155.0,9.803174768518518,0.0,4.3,0.0,0.6,791.5264104893356,0.19391094284374763,SP,atibaia,low_volume,low_volume,low_volume__low_volume
d50d79cb34e38265a8649c383dcffd48,69,14807.6,12892.43,1915.17,214.60289855072463,13.20443203166935,0.07246376811594203,4.246376811594203,0.08695652173913043,0.6956521739130435,771.8061187827353,0.1520110409332987,SP,sao paulo,standard_value,standard_risk,standard_value__standard_risk
d51e0a403fe2e689ece6c73359d96e12,19,8463.02,7790.0,673.02,445.4221052631579,14.026194058641975,0.10526315789473684,4.105263157894737,0.10526315789473684,0.7368421052631579,819.5538995816798,0.08591237145942754,SP,pompeia,low_volume,low_volume,low_volume__low_volume
d52cbce9845184537284a23c3bc3da0e,2,138.78,75.0,63.78,69.39,10.566354166666667,0.0,5.0,0.0,1.0,669.5737731520564,0.5031512011684863,SC,garopaba,low_volume,low_volume,low_volume__low_volume
d558ebe531605a1285ab2b1bc3256dfb,3,782.23,709.0,73.23,260.74333333333334,9.418445216049383,0.0,4.666666666666667,0.0,1.0,732.4807288092486,0.09879030162276337,MG,divinopolis,low_volume,low_volume,low_volume__low_volume
d566c37fa119d5e66c4e9052e83ee4ea,64,5988.28,5031.9,956.38,93.566875,5.8221676070601855,0.015625,4.6875,0.03125,0.375,345.4327390784232,0.20360999997961118,SP,sao paulo,standard_value,standard_risk,standard_value__standard_risk
d57e18d5f73c7ccb7f7339b61166898d,61,4111.19,3187.7,923.49,67.39655737704918,9.213413213418336,0.03278688524590164,4.426229508196721,0.08196721311475409,0.5737704918032787,516.7176085055785,0.23709391731954185,SP,sao paulo,standard_value,standard_risk,standard_value__standard_risk
d58d521f3789def2e7a22715e0badd93,2,84.2,65.98,18.22,42.1,4.854195601851852,0.0,3.5,0.0,0.0,33.6384934827005,0.21636616007011228,SP,sao paulo,low_volume,low_volume,low_volume__low_volume
d594982fd877af63ace38ea1fca27c76,7,309.7,217.04,92.66,44.24285714285714,8.089442791005292,0.0,4.428571428571429,0.14285714285714285,0.42857142857142855,419.57781303340096,0.2984863912669125,SP,sao paulo,low_volume,low_volume,low_volume__low_volume
d598f929fc44e1e38678e7f47250ec04,1,107.3,69.9,37.4,107.3,11.235752314814814,0.0,5.0,0.0,1.0,896.0069109647683,0.34855545200372784,GO,formosa,low_volume,low_volume,low_volume__low_volume
d5b9a084373da994a6e37f732169a853,7,1945.29,1769.0,176.29000000000002,277.8985714285714,17.875863095238095,0.2857142857142857,3.5714285714285716,0.2857142857142857,0.7142857142857143,693.7624744882521,0.09522099992194025,SP,santo andre,low_volume,low_volume,low_volume__low_volume
d5ba419e26d246a0719437cf37d9b46d,33,4467.0199999999995,3956.4,510.62,135.3642424242424,9.835230034722223,0.09090909090909091,3.909090909090909,0.18181818181818182,0.48484848484848486,501.5124820790724,0.13083476726678533,SP,sao paulo,standard_value,high_risk,standard_value__high_risk
d5c530f4884a75ae0dba9c148718d278,6,444.93,280.88,164.05,74.155,10.283006944444445,0.16666666666666666,3.5,0.3333333333333333,0.6666666666666666,371.08004356811006,0.4153416499658437,MG,centro,low_volume,low_volume,low_volume__low_volume
d624126b9206f595fb3fbb6ba03b28a8,22,7387.84,6838.9,548.94,335.8109090909091,11.4547953493266,0.045454545454545456,4.318181818181818,0.0,1.0,671.1556186104976,0.14793366324799637,PR,curitiba,low_volume,low_volume,low_volume__low_volume
d63c73efd41eb002280e7ec831424edb,2,5766.59,5598.0,168.58999999999997,2883.295,6.290329861111111,0.0,4.0,0.0,0.5,498.27130728873976,0.02954421122826317,SP,piracicaba,low_volume,low_volume,low_volume__low_volume
d63f306de130e0391d38a792541723b8,1,56.6,49.0,7.6,56.6,3.3584722222222223,0.0,5.0,0.0,0.0,16.112167457103116,0.1342756183745583,SP,sao paulo,low_volume,low_volume,low_volume__low_volume
d650b663c3b5f6fb392b6326366efa9a,60,20153.04,19242.9,910.14,335.884,9.836265432098765,0.06666666666666667,4.2,0.11666666666666667,0.5166666666666667,460.14089524897116,0.05290518800904275,SP,cotia,high_value,standard_risk,high_value__standard_risk
d65f31d2413268e671989503f6cf9993,2,559.95,488.79999999999995,71.15,279.975,,0.0,1.0,1.0,1.0,1382.295452947997,0.11729974792447526,SP,artur nogueira,low_volume,low_volume,low_volume__low_volume
d66c11a9572221d92fbb8c4897db5f9b,16,1164.38,776.56,387.82,72.77375,8.548737702546296,0.0,4.5625,0.0,0.75,595.9712177754581,0.3686705029488941,RJ,rio de janeiro,low_volume,low_volume,low_volume__low_volume
d66c305afaec317ebee552073a674429,41,6085.7,4886.46,1199.24,148.43170731707318,9.693951023391813,0.024390243902439025,4.317073170731708,0.0975609756097561,0.8292682926829268,617.4511078630779,0.23220990769418406,MG,ribeirao das neves,standard_value,standard_risk,standard_value__standard_risk
d673a59aac7a70d8b01e6902bf090a11,79,5499.5599999999995,3908.94,1590.62,69.61468354430379,14.116783725972807,0.10126582278481013,3.911392405063291,0.1518987341772152,0.620253164556962,693.40545405294,0.3253531842191876,SP,ibitinga,standard_value,standard_risk,standard_value__standard_risk
d6ab728cf30867cf3f1a2e216ae2f9b7,12,2233.82,2002.0,231.82,186.15166666666667,10.844957561728394,0.0,4.416666666666667,0.08333333333333333,0.5833333333333334,590.2604501450461,0.13738460365158414,SP,sao paulo,low_volume,low_volume,low_volume__low_volume
d6b1ce66b035a475f00c017792ff9769,90,13983.52,12067.6,1915.92,155.37244444444445,10.161927083333333,0.06666666666666667,4.277777777777778,0.07777777777777778,0.6444444444444445,507.9218202182532,0.1425742700465294,SP,salto,standard_value,standard_risk,standard_value__standard_risk
d6b664fa0667064c6d76394e7848d790,6,6404.34,6080.0,324.34,1067.39,17.54533564814815,0.16666666666666666,4.833333333333333,0.0,1.0,899.6337088238456,0.04864747483710627,SP,araraquara,low_volume,low_volume,low_volume__low_volume
d6cd01c59123df02fc226eadbadb5f89,2,276.11,244.9,31.21,138.055,18.50306712962963,0.0,3.0,0.5,0.5,212.6808668061208,0.1336889569689168,SP,sao paulo,low_volume,low_volume,low_volume__low_volume
d71d863e5ef30d94e440c11be17dcd8f,26,10930.83,10233.9,696.9300000000001,420.41653846153844,19.590579805996473,0.11538461538461539,2.9615384615384617,0.46153846153846156,0.6153846153846154,610.1448725414155,0.14263466360189891,SP,osasco,low_volume,low_volume,low_volume__low_volume
d73cbd89533ce8b041a9190241453ac8,4,433.62,368.6,65.02,108.405,12.21965663580247,0.0,3.5,0.25,0.5,531.2230921088269,0.18890697656833416,MG,guiricema,low_volume,low_volume,low_volume__low_volume
d7485b33791774c36108f8c69602d48d,10,619.14,399.82,219.32,61.914,8.889136574074076,0.1,3.7,0.1,0.7,312.1584792201329,0.3643625282954953,PR,curitiba,low_volume,low_volume,low_volume__low_volume
d7827b2af99326a03b0ed9c7a24db0d3,1,1556.7,1455.0,101.7,1556.7,13.849085648148147,0.0,5.0,0.0,0.0,399.1345841133719,0.06533050684139526,SP,londrina,low_volume,low_volume,low_volume__low_volume
d79e8478eed9999493990b44955fb22e,4,780.07,706.9,73.17,195.0175,8.732063078703703,0.0,4.0,0.25,1.0,551.8777315246914,0.09722217478752929,RJ,rio de janeiro / rio de janeiro,low_volume,low_volume,low_volume__low_volume
d7ab82074b5f1dfba46db123df101bff,2,83.97,38.67,45.3,41.985,5.941001157407407,0.0,4.5,0.0,1.0,407.03582581260554,0.5394783851375491,SP,atibaia,low_volume,low_volume,low_volume__low_volume
d7b2377bae6ace1b11fc69a11900ac36,4,381.56,329.6,51.96,95.39,19.543175154320988,0.25,3.25,0.5,0.5,287.55376002659557,0.13720259564570164,SP,sao paulo,low_volume,low_volume,low_volume__low_volume
d7d517afce974cd491b8d52bb5b5b1fc,1,108.72,89.99,18.73,108.72,13.544733796296295,0.0,4.0,0.0,1.0,969.51667869406,0.17227740986019133,SP,sao paulo,low_volume,low_volume,low_volume__low_volume
d7f1cfc638473be93baedbfd02208016,1,47.14,30.0,17.14,47.14,12.67605324074074,0.0,5.0,0.0,1.0,1119.9516926112062,0.3635977938056852,RJ,belford roxo,low_volume,low_volume,low_volume__low_volume
d85efbc8eff2b7adf524e2820569adc8,1,63.29,55.0,8.29,63.29,2.9467476851851853,0.0,5.0,0.0,0.0,40.97373958039999,0.13098435771843892,SP,sao paulo,low_volume,low_volume,low_volume__low_volume
d8b8f2cf9ff6ba0389072541cb42498c,1,169.01,149.0,20.01,169.01,12.159155092592592,0.0,5.0,0.0,1.0,81.6452452166573,0.11839536122122953,GO,formosa,low_volume,low_volume,low_volume__low_volume
d8bf0fc082fd4a77fc2e5679b6c00133,1,149.04000000000002,139.9,9.14,149.04000000000002,7.092939814814815,0.0,5.0,0.0,0.0,52.80980155857311,0.06132581857219538,SP,sao paulo,low_volume,low_volume,low_volume__low_volume
d8c7ba53e7e38711eaef8c2849d6d2e1,22,1788.34,1190.87,597.47,81.28818181818181,8.109704335016835,0.0,4.5,0.0,0.8636363636363636,772.1113603316709,0.35074699651898483,PR,floresta,low_volume,low_volume,low_volume__low_volume
d8cf3b6a2151949f930d0252b180ec42,6,1030.18,623.6999999999999,406.47999999999996,171.6966666666667,7.142662037037037,0.0,3.5,0.3333333333333333,0.8333333333333334,532.4558403096102,0.37297699139672386,PR,mandaguacu,low_volume,low_volume,low_volume__low_volume
d8d9567d0bfb0bc7eb845a205ba42657,4,134.31,74.6,59.71,33.5775,13.52205150462963,0.5,3.5,0.25,0.5,657.8980802997411,0.4345194266331388,SP,sao paulo,low_volume,low_volume,low_volume__low_volume
d8dd176509baa37f359644d082bf7f7b,2,229.9,198.0,31.9,114.95,30.358559027777776,1.0,1.5,1.0,1.0,315.7888438161251,0.13873968578137744,SP,sao caetano do sul,low_volume,low_volume,low_volume__low_volume
d90fe2229fee1a5da999ccd0c06c1667,3,516.91,450.0,66.91,172.3033333333333,9.816265432098765,0.0,4.666666666666667,0.0,1.0,517.7727784820758,0.2816658316562328,SP,sao paulo,low_volume,low_volume,low_volume__low_volume
d91fb3b7d041e83b64a00a3edfb37e4f,531,49825.4,40579.69,9245.71,93.8331450094162,11.236356125356126,0.060263653483992465,4.091023226616447,0.15065913370998116,0.5499058380414312,540.2504394340772,0.2631105742760339,SP,praia grande,high_value,standard_risk,high_value__standard_risk
d921b68bf747894be13a97ae52b0f386,77,17403.81,15645.8,1758.01,226.02350649350652,9.97529761904762,0.012987012987012988,4.558441558441558,0.05194805194805195,0.8961038961038961,614.5336133580837,0.10674127574024526,MG,formiga,standard_value,standard_risk,standard_value__standard_risk
d93844a9c55ba7ce353388bcf849ea56,12,3229.52,2708.5,521.02,269.12666666666667,16.796326195987657,0.08333333333333333,4.25,0.08333333333333333,0.9166666666666666,1100.5172667335316,0.16562426027229568,PR,curitiba,low_volume,low_volume,low_volume__low_volume
d93919c944be9cff128f6c9cb899eacb,33,3624.01,2666.7000000000003,957.31,109.81848484848486,22.92127034231201,0.18181818181818182,4.0,0.18181818181818182,0.696969696969697,780.8127377000669,0.26257318186082973,SP,mombuca,standard_value,high_risk,standard_value__high_risk
d93b8458c6fe139d85cfa5eadbf55bd2,1,34.0,19.9,14.1,34.0,5.977627314814815,0.0,5.0,0.0,1.0,824.5021641865102,0.41470588235294115,SP,sao paulo,low_volume,low_volume,low_volume__low_volume
d9442042130b7fe579d1295f9f4a248f,19,1111.04,772.16,338.88,58.47578947368421,10.679895833333333,0.05263157894736842,4.368421052631579,0.10526315789473684,0.47368421052631576,275.30164132227145,0.30568703323667584,SP,sao paulo,low_volume,low_volume,low_volume__low_volume
d94a40fd42351c259927028d163af842,99,16962.61,13634.8,3327.81,171.33949494949496,14.052576530612244,0.04040404040404041,4.181818181818182,0.1111111111111111,0.8383838383838383,492.6541917964556,0.19016760588729312,MG,baependi,standard_value,standard_risk,standard_value__standard_risk
d94ba08b99bedd6a5f6c875ecc4a6fac,9,778.27,599.0,179.27,86.47444444444444,12.503735532407408,0.0,4.777777777777778,0.0,0.8888888888888888,739.0405386707293,0.22786840669954017,PR,apucarana,low_volume,low_volume,low_volume__low_volume
d97df38225e5abadaff1e72cb72b823c,27,2186.26,1700.0,486.26,80.9725925925926,12.402853652263374,0.18518518518518517,3.925925925925926,0.2222222222222222,0.5555555555555556,526.4728753248702,0.29898707352576076,SP,sao caetano do sul,low_volume,low_volume,low_volume__low_volume
d98eec89afa3380e14463da2aabaea72,167,10158.78,6918.54,3240.24,60.83101796407186,8.335351172654692,0.017964071856287425,4.338323353293413,0.07784431137724551,0.8562874251497006,1016.625395518467,0.3239347014344958,RS,porto alegre,standard_value,standard_risk,standard_value__standard_risk
d9a84e1403de8da0c3aa531d6d108ba6,54,2157.3399999999997,1425.2,732.14,39.950740740740734,7.519655616701606,0.05555555555555555,4.518518518518518,0.07407407407407407,0.4074074074074074,425.51259884894233,0.3668584403043394,SP,sao paulo,standard_value,standard_risk,standard_value__standard_risk
d9b00a97818674c7f8d8b1ef0e689679,1,79.08000000000001,69.9,9.18,79.08000000000001,2.203148148148148,0.0,3.0,0.0,0.0,94.152993476875,0.11608497723823974,PR,ponta grossa,low_volume,low_volume,low_volume__low_volume
d9bd94811c3338dceb4181f3dbc0c73e,54,7682.11,6911.02,771.09,142.26129629629628,8.041346021947874,0.1111111111111111,4.796296296296297,0.037037037037037035,0.3333333333333333,334.50094059623154,0.1060958897271085,SP,sao paulo,standard_value,standard_risk,standard_value__standard_risk
d9c349beabc06aa6ff1c6d68b5e9e22e,1,205.65,168.1,37.55,205.65,21.02513888888889,0.0,5.0,0.0,1.0,2478.6672840703345,0.18259178215414537,SP,sao paulo,low_volume,low_volume,low_volume__low_volume
d9cb0052a666de5308b32f32ad5f1b1c,3,270.49,231.89999999999998,38.59,90.16333333333334,13.012816358024692,0.0,3.6666666666666665,0.3333333333333333,0.3333333333333333,428.0653028106153,0.14965396117363391,SP,olimpia,low_volume,low_volume,low_volume__low_volume
d9cd369bffa979d1634f8e1318bf2f1b,3,744.81,678.0,66.81,248.26999999999998,11.24925925925926,0.0,5.0,0.0,1.0,822.4807425294848,0.0939128052640939,SP,bady bassitt,low_volume,low_volume,low_volume__low_volume
d9d43faf741ceaa8da52fdbb81d9e0e3,6,421.25,210.0,211.25,70.20833333333333,9.143130787037038,0.0,3.6666666666666665,0.3333333333333333,1.0,947.9596795646149,0.45485546477810596,SP,juiz de fora,low_volume,low_volume,low_volume__low_volume
d9e7e7778b32987280a6f2cb9a39c57d,11,986.39,722.5,263.89,89.67181818181818,18.465708122895624,0.36363636363636365,3.5454545454545454,0.2727272727272727,0.9090909090909091,1432.7049898949126,0.2808618847690277,SP,sao paulo,low_volume,low_volume,low_volume__low_volume
d9e8c084b68fe958861d8f2c21202e6b,9,3231.86,3050.0,181.86,359.09555555555556,10.330096450617283,0.0,4.333333333333333,0.1111111111111111,0.4444444444444444,281.34589758814303,0.22892533973530543,SP,sao paulo,low_volume,low_volume,low_volume__low_volume
da03c298e3999e9d828591fc2179d109,4,842.48,787.7,54.78,210.62,9.591380208333334,0.0,4.75,0.0,0.5,330.4409327749538,0.06775146958732328,SP,sao paulo,low_volume,low_volume,low_volume__low_volume
da20530872245d6cd9d2f5725613c430,2,394.22,314.96000000000004,79.25999999999999,197.11,10.269930555555556,0.0,4.5,0.0,1.0,710.2134339685477,0.20897251199686404,RS,igrejinha,low_volume,low_volume,low_volume__low_volume
da2782c804606d2a5d8e1760dbb3e7ec,1,103.37,89.0,14.37,103.37,32.77846064814815,1.0,1.0,1.0,1.0,355.69721077906974,0.13901518815904032,SP,sao paulo,low_volume,low_volume,low_volume__low_volume
da3fede3469bf49b7293ce3fc45b294d,1,57.69,44.9,12.79,57.69,11.242916666666666,0.0,5.0,0.0,0.0,464.1748005732949,0.2217022014213902,SP,mogi das cruzes,low_volume,low_volume,low_volume__low_volume
da4d149c0ddbac90557103ac0a0ec356,1,775.98,730.0,45.98,775.98,,0.0,3.0,0.0,0.0,30.64957224471622,0.059254104487229044,SP,sbc,low_volume,low_volume,low_volume__low_volume
da6a60cc8cc724fe51be021ff8be779c,12,984.58,728.79,255.79,82.04833333333333,7.834971064814815,0.0,4.75,0.0,0.9166666666666666,528.2325750650289,0.266999220314903,RJ,sao pedro da aldeia,low_volume,low_volume,low_volume__low_volume
da7039f29f90ce5b4846ffc0fcc93beb,17,1503.55,1259.1,244.45000000000002,88.44411764705882,9.274008033769062,0.058823529411764705,4.529411764705882,0.058823529411764705,0.5294117647058824,664.2033470409119,0.17155239537430828,SP,santo andre,low_volume,low_volume,low_volume__low_volume
da8622b14eb17ae2831f4ac5b9dab84a,1308,184330.38,159507.17,24823.21,140.92536697247706,11.126008239321697,0.07339449541284404,4.17354740061162,0.12003058103975535,0.4525993883792049,395.76179373054464,0.1724973592999295,SP,piracicaba,high_value,standard_risk,high_value__standard_risk
dace965ca58120f92f8d742a9fa1864b,8,1573.77,1442.0,131.77,196.72125,8.051372974537037,0.0,4.625,0.125,0.25,344.35023324437327,0.08442084128824148,SP,sao paulo,low_volume,low_volume,low_volume__low_volume
dadc51ef321949ec9a3ab25cd902e23d,1,99.34,85.0,14.34,99.34,,0.0,1.0,1.0,1.0,825.6923378369897,0.14435272800483187,SP,sao paulo,low_volume,low_volume,low_volume__low_volume
daeb5653dd96c1b11860f72209795012,40,2938.06,2305.9,632.16,73.4515,11.650112694931773,0.075,4.0875,0.175,0.725,498.5787536081401,0.3562255216738973,MG,belo horizonte,standard_value,standard_risk,standard_value__standard_risk
daf565f087a52def0fd5c5825b3661bc,8,1049.65,764.0,285.65000000000003,131.20625,9.614309895833333,0.125,3.625,0.375,1.0,874.6007500882745,0.2982050784578207,SC,brusque,low_volume,low_volume,low_volume__low_volume
db1f0f7c7e5e87f40b62226f020bb297,3,123.73,59.01,64.72,41.24333333333333,9.605447530864199,0.0,4.666666666666667,0.0,1.0,1111.8103031412045,0.5284623950390132,PR,pinhais,low_volume,low_volume,low_volume__low_volume
db2956745b3a8e9f3785c99f34b5d25e,47,9574.27,8599.0,975.27,203.70787234042555,14.282383744855967,0.10638297872340426,3.765957446808511,0.2127659574468085,0.6595744680851063,730.7319399442327,0.1001155577511819,SP,sao sebastiao,standard_value,high_risk,standard_value__high_risk
db4350fd57ae30082dec7acbaacc17f9,136,5384.55,3309.3199999999997,2075.23,39.59227941176471,10.775888888888888,0.03676470588235294,4.139705882352941,0.125,0.6470588235294118,730.8346888368071,0.3817469711307625,SP,sao paulo,standard_value,standard_risk,standard_value__standard_risk
db46ca7bce82b11f7e247539271fc390,16,1149.8600000000001,933.97,215.89,71.86625000000001,8.149848090277777,0.0,4.5625,0.0625,0.75,342.99121866958046,0.24472356210522545,RJ,rio de janeiro,low_volume,low_volume,low_volume__low_volume
db6a4d4b5f1f5f98820ce6ce2619e2de,1,148.15,135.99,12.16,148.15,3.113460648148148,0.0,5.0,0.0,0.0,36.54905641237779,0.08207897401282484,SP,sao paulo,low_volume,low_volume,low_volume__low_volume
db7ed69a53aa9fb1c01930ba54a88bbe,1,120.78,109.0,11.78,120.78,3.9548032407407407,0.0,5.0,0.0,0.0,118.4191407264143,0.09753270409008113,SP,jaguariuna,low_volume,low_volume,low_volume__low_volume
dbb9b48c841a0e39e21f98e1a6b2ec3e,108,8768.26,7186.85,1581.41,81.1875925925926,9.817175925925927,0.037037037037037035,4.268518518518518,0.1111111111111111,0.4722222222222222,461.2312395883099,0.20519965054726796,SP,sao paulo,standard_value,standard_risk,standard_value__standard_risk
dbbcfe2c8d026742134ac3e28ccde274,4,362.97,308.59000000000003,54.379999999999995,90.7425,8.287314814814815,0.0,4.0,0.25,0.75,255.27884577907344,0.2478091957412331,PR,curitiba,low_volume,low_volume,low_volume__low_volume
dbc22125167c298ef99da25668e1011f,405,41730.34,33735.88,7994.46,103.03787654320986,11.440235368956742,0.024691358024691357,4.269135802469136,0.09135802469135802,0.7333333333333333,557.2100901933487,0.20086593450440013,MG,borda da mata,high_value,standard_risk,high_value__standard_risk
dbc51f5e45d654ecc16cb68e6817ecea,1,218.13,199.99,18.14,218.13,17.74240740740741,0.0,4.0,0.0,1.0,454.5995839153903,0.0831614175033237,SP,franca,low_volume,low_volume,low_volume__low_volume
dbd66278cbfe1aa1000f90a217ca4695,85,6472.7699999999995,4928.9,1543.87,76.15023529411764,9.212389025054467,0.058823529411764705,4.5058823529411764,0.023529411764705882,0.4588235294117647,402.6754446550549,0.2581553938046911,SP,sao paulo,standard_value,standard_risk,standard_value__standard_risk
dbdd0ec73a4817971d962698f2fea022,16,8174.799999999999,6384.0,1790.8,510.92499999999995,12.651514756944445,0.0625,4.375,0.125,0.6875,1246.5008127719534,0.21435793528259672,CE,fortaleza,low_volume,low_volume,low_volume__low_volume
dbec9a0a7efeff029d4d9dce7dc4cc95,3,1288.59,1170.0,118.59,429.53,11.927997685185185,0.0,4.0,0.3333333333333333,1.0,647.3795092876479,0.0914230491491481,MG,belo horizonte,low_volume,low_volume,low_volume__low_volume
dc120d932ddf9d4dfb6fd68beefda622,1,144.44,130.0,14.44,144.44,14.64236111111111,0.0,1.0,1.0,1.0,701.1002411551208,0.09997230684021047,PR,sao jose dos pinhais,low_volume,low_volume,low_volume__low_volume
dc317f341ab0e22f39acbd9dbf9b4a1f,55,22570.13,18988.4,3581.73,410.36600000000004,12.409295244107744,0.05454545454545454,4.1454545454545455,0.16363636363636364,0.9272727272727272,1054.8162653078898,0.17988949758069023,RS,cachoeirinha,high_value,standard_risk,high_value__standard_risk
dc4a0fc896dc34b0d5bfec8438291c80,231,28795.09,24180.77,4614.32,124.65406926406926,13.888684567901235,0.06493506493506493,3.779220779220779,0.21645021645021645,0.5670995670995671,544.6746339712217,0.1813954957871537,SP,ibitinga,high_value,high_risk,high_value__high_risk
dc50afafdfa325eadc890c7fa42a8f4e,4,481.48,424.2,57.28,120.37,6.205685763888889,0.0,4.75,0.0,0.5,406.6725104294098,0.14280123270390566,PR,maringa,low_volume,low_volume,low_volume__low_volume
dc64d75cc406bb0697be983831430e60,4,905.55,813.0,92.55000000000001,226.3875,10.212702546296295,0.0,4.75,0.0,0.75,756.6711594773267,0.09933057525401498,MG,belo horizonte,low_volume,low_volume,low_volume__low_volume
dc7192adf8ba09569261f4a8d576afe0,7,1078.43,917.0,161.43,154.0614285714286,6.234565145502645,0.0,3.857142857142857,0.2857142857142857,0.5714285714285714,622.255504106793,0.17758607911750338,SP,itapeva,low_volume,low_volume,low_volume__low_volume
dc8798cbf453b7e0f98745e396cc5616,41,2680.7,2056.2999999999997,624.4,65.38292682926829,13.457997354497357,0.04878048780487805,3.0853658536585367,0.4146341463414634,0.43902439024390244,421.6244340384276,0.2448379263239098,SP,sao paulo,standard_value,high_risk,standard_value__high_risk
dcb7367a92f5ffb89f1e2152ed260285,1,98.34,79.9,18.44,98.34,10.07724537037037,0.0,5.0,0.0,1.0,809.856932224711,0.18751271100264388,SP,osvaldo cruz,low_volume,low_volume,low_volume__low_volume
dcf3755cefcdc158ad0b7bdde51e871b,2,226.44,179.8,46.64,113.22,15.660416666666666,0.0,4.0,0.0,1.0,1029.5537525773948,0.20596992705134742,RS,cachoeira do sul,low_volume,low_volume,low_volume__low_volume
dd264199fc8b687ad029de7de6d760e6,1,108.6,87.9,20.7,108.6,18.080567129629628,0.0,5.0,0.0,1.0,616.9255311167182,0.19060773480662985,PR,cascavel,low_volume,low_volume,low_volume__low_volume
dd2bdf855a9172734fbc3744021ae9b9,104,12355.23,10407.3,1947.93,118.80028846153846,15.462083677117713,0.057692307692307696,3.8461538461538463,0.18269230769230768,0.8173076923076923,657.1154569485946,0.19258306666439826,MG,belo horizonte,standard_value,high_risk,standard_value__high_risk
dd39ad39b5d3df33037e141c72497ba6,2,164.85,135.8,29.049999999999997,82.425,8.673096064814814,0.0,5.0,0.0,1.0,391.3567153828368,0.2401653372451942,SP,sao paulo,low_volume,low_volume,low_volume__low_volume
dd4d95ba2d15c071e6c695e2ef6ce169,4,1962.41,1748.0,214.41,490.6025,14.406846064814815,0.5,4.25,0.0,0.75,670.877915787578,0.108464599384622,ES,cachoeiro de itapemirim,low_volume,low_volume,low_volume__low_volume
dd533b429f380718b70ad9922c294bae,41,3970.98,2819.77,1151.21,96.85317073170732,17.2795928300095,0.12195121951219512,3.7804878048780486,0.1951219512195122,0.8048780487804879,915.4514335048722,0.36252350342046497,SP,barretos,standard_value,high_risk,standard_value__high_risk
dd5450b022b2d00a2145a66331e1aef6,1,81.34,59.0,22.34,81.34,7.1822337962962965,0.0,5.0,0.0,1.0,680.8145451733533,0.27464961888369804,SC,joinville,low_volume,low_volume,low_volume__low_volume
dd55f1bb788714a40e7954c3be6df745,35,7701.18,7041.759999999999,659.42,220.0337142857143,18.29500925925926,0.17142857142857143,3.742857142857143,0.2,0.8857142857142857,737.1361817210554,0.11801118124449919,SP,sao paulo,standard_value,high_risk,standard_value__high_risk
dd58ee93286b0821565574c570e9e1dc,2,3023.31,2948.0,75.31,1511.655,12.036979166666667,0.0,5.0,0.0,0.5,270.0696092410375,0.033079104185166866,PR,curitiba,low_volume,low_volume,low_volume__low_volume
dd7ddc04e1b6c2c614352b383efe2d36,121,11973.08,9118.61,2854.47,98.9510743801653,15.026052276234568,0.15702479338842976,3.8512396694214877,0.19008264462809918,0.4380165289256198,433.00918948931087,0.28176402147600077,SP,sao paulo,standard_value,high_risk,standard_value__high_risk
dd88d13bea9e4c2bf47daf224f8141e5,1,487.38,458.0,29.38,487.38,5.675613425925926,0.0,5.0,0.0,0.0,54.8746452827921,0.06028150519102138,RS,lajeado,low_volume,low_volume,low_volume__low_volume
dd8a29ce82d5c705ba932d81494600a5,2,233.25,205.75,27.5,116.625,8.930642361111111,0.0,3.5,0.0,0.5,407.6109633771651,0.11533946959540524,SP,sao paulo,low_volume,low_volume,low_volume__low_volume
dd9661d3cda1e6feb237f0c4d8b26f2e,1,190.98,174.0,16.98,190.98,18.197858796296295,0.0,5.0,0.0,1.0,827.1411929850772,0.08890983349041785,SC,campos novos,low_volume,low_volume,low_volume__low_volume
dda37071807e404c5bb2a1590c66326f,1,219.27,199.99,19.28,219.27,16.582835648148148,0.0,5.0,0.0,1.0,533.9885778338394,0.08792812514251835,SP,sao paulo,low_volume,low_volume,low_volume__low_volume
ddd51ae8cda92f3995a51fc0f0f3eec7,8,1119.62,842.6999999999999,276.92,139.9525,8.139163773148148,0.0,4.625,0.0,0.625,239.5319193363262,0.27753726401078177,RJ,rio de janeiro,low_volume,low_volume,low_volume__low_volume
dde698c6d0bd24834c586e5111c2bba7,1,175.09,155.9,19.19,175.09,7.692013888888889,0.0,5.0,0.0,1.0,489.51400419408816,0.10960077674338913,RJ,petropolis,low_volume,low_volume,low_volume__low_volume
de09d00cfc265b8804c7df34075a68fa,3,827.97,784.0,43.97,275.99,6.152604166666666,0.0,3.3333333333333335,0.3333333333333333,0.6666666666666666,315.02115641285184,0.05673429140512917,SP,sao paulo,low_volume,low_volume,low_volume__low_volume
de0c78824586e9a5f5f04fd84e25df39,14,2697.83,2489.3,208.53,192.70214285714286,6.626993220899471,0.0,4.642857142857143,0.07142857142857142,0.5714285714285714,392.27214392676694,0.08708088099684216,SP,vargem grande paulista,low_volume,low_volume,low_volume__low_volume
de23c3b98a88888289c6f5cc1209054a,164,29081.81,26399.670000000002,2682.14,177.32810975609758,10.952872455141478,0.0975609756097561,4.2560975609756095,0.11585365853658537,0.5121951219512195,488.99496183270367,0.10393771614704722,SP,sao paulo,high_value,standard_risk,high_value__standard_risk
de66a66f2dd06bb9ec37aa96987466a3,7,468.98,353.32,115.66,66.99714285714286,15.27156746031746,0.0,4.142857142857143,0.14285714285714285,0.8571428571428571,504.0431156919991,0.24765647488425685,RJ,rio de janeiro,low_volume,low_volume,low_volume__low_volume
de722cd6dad950a92b7d4f82673f8833,337,64774.18,55126.3,9647.88,192.20824925816024,12.619923735119048,0.04154302670623145,4.293768545994065,0.09495548961424333,0.9465875370919882,1574.6909913184134,0.15301595528456532,PE,recife,high_value,standard_risk,high_value__standard_risk
de9727ca376d1be6ec121b110aa7954c,10,1270.09,1058.7,211.39,127.00899999999999,11.991947016460905,0.1,3.8,0.3,0.8,553.3341725111839,0.1927022871261016,PR,sarandi,low_volume,low_volume,low_volume__low_volume
deaadd805612bf94faaa9fa702516e11,1,65.11,50.0,15.11,65.11,,0.0,1.0,1.0,1.0,881.438724867157,0.23206880663492552,SP,sao paulo,low_volume,low_volume,low_volume__low_volume
debe6615cd90cc0c2eac2b8988e1f628,5,374.03000000000003,278.5,95.53,74.80600000000001,11.604266203703705,0.0,4.6,0.0,0.8,754.5464155213124,0.27777226458347015,SP,sao paulo,low_volume,low_volume,low_volume__low_volume
dedcab67899479e4ea5dcc4eba47f587,2,105.64,84.0,21.64,52.82,5.555057870370371,0.0,4.5,0.0,0.5,57.50876869848837,0.20235862300615273,SC,jaragua do sul,low_volume,low_volume,low_volume__low_volume
dee656f0f566ed1aa85bd137c943f08f,92,7883.07,6212.08,1670.99,85.68554347826087,12.59528004227053,0.05434782608695652,4.369565217391305,0.07608695652173914,0.6630434782608695,552.4624108333999,0.24565433238022638,SP,cruzeiro,standard_value,standard_risk,standard_value__standard_risk
df0f42bc4c2142eacf0eaf2cffd0cfbb,14,1946.45,1654.0,292.45,139.03214285714287,14.022936507936508,0.0,4.142857142857143,0.14285714285714285,0.8571428571428571,615.5548652825197,0.14987997393698857,SC,itajai,low_volume,low_volume,low_volume__low_volume
df47da4ae86fa4db890d05aaf24e21d8,5,387.68,310.5,77.18,77.536,7.044877314814815,0.0,4.2,0.2,0.8,403.38453892551206,0.20067638076844818,SP,sao paulo,low_volume,low_volume,low_volume__low_volume
df560393f3a51e74553ab94004ba5c87,28,4267.33,3661.1800000000003,606.15,152.40464285714285,18.46703303062678,0.07142857142857142,3.6785714285714284,0.14285714285714285,1.0,803.276968245599,0.1673074015025053,PR,loanda,low_volume,low_volume,low_volume__low_volume
df56d7b40d437f88407c5f78b63bc328,22,3251.5,2791.28,460.21999999999997,147.79545454545453,12.586075862794614,0.045454545454545456,4.090909090909091,0.13636363636363635,0.7727272727272727,704.2204097871376,0.147467446576391,PR,cascavel,low_volume,low_volume,low_volume__low_volume
df683dfda87bf71ac3fc63063fba369d,1,55.95,39.9,16.05,55.95,189.86315972222224,1.0,1.0,1.0,1.0,829.1632298147896,0.2868632707774799,RS,farroupilha,low_volume,low_volume,low_volume__low_volume
df91910b6a03bb2e3358fa6a35e32f6f,14,2707.12,2312.1,395.02,193.3657142857143,9.194750712250713,0.0,4.357142857142857,0.07142857142857142,1.0,858.9233308410405,0.15451658704221613,SP,sao paulo,low_volume,low_volume,low_volume__low_volume
dfa0c4c6229ab200a4a1336b4d7128ff,77,6544.21,4777.1,1767.11,84.98974025974026,9.787441528379029,0.03896103896103896,4.0,0.18181818181818182,0.935064935064935,739.6155384704115,0.3073413634773556,SC,florianopolis,standard_value,high_risk,standard_value__high_risk
dfc475d54e1b6dbeeb7d7d9bdaa63827,19,2228.07,1793.76,434.31,117.26684210526317,13.0373141718107,0.05263157894736842,4.315789473684211,0.15789473684210525,0.9473684210526315,609.3381595004315,0.2416132471598141,PR,curitiba,low_volume,low_volume,low_volume__low_volume
dfc5fb7259bb2b599ca565e6e9448f0f,33,6845.98,6124.63,721.35,207.45393939393938,13.264740109427608,0.030303030303030304,4.121212121212121,0.09090909090909091,0.7878787878787878,621.8622281710693,0.10292563114972049,SP,sao bernardo do campo,standard_value,standard_risk,standard_value__standard_risk
dff87e4de60c9736ce8df835951b09bc,2,1043.43,998.0,45.43,521.715,,0.0,2.5,0.5,0.5,431.13423412643357,0.04342829430079247,SP,sao paulo,low_volume,low_volume,low_volume__low_volume
e00d85ce20ea50c1224c66ca5050527d,1,157.3,149.0,8.3,157.3,2.049375,0.0,4.0,0.0,0.0,19.545528809460937,0.05276541640178004,SP,osasco,low_volume,low_volume,low_volume__low_volume
e0482f2c769468c3bbcd8a01e09d98c5,1,234.4,189.0,45.4,234.4,5.906377314814815,0.0,4.0,0.0,0.0,530.1868667301021,0.19368600682593856,SP,sao paulo,low_volume,low_volume,low_volume__low_volume
e0487761face83d64fcada2408959a36,2,64.12,49.25,14.870000000000001,32.06,3.5394791666666667,0.0,4.5,0.0,0.0,41.37384299315672,0.23207949376731385,SP,sao paulo,low_volume,low_volume,low_volume__low_volume
e067ad2c1c0b48758eb1b5228bcf7a68,54,6047.91,5042.55,1005.36,111.99833333333333,14.98370820473251,0.09259259259259259,4.148148148148148,0.1111111111111111,0.5185185185185185,527.9377550603109,0.18276681764465622,SP,santos,standard_value,standard_risk,standard_value__standard_risk
e06f09ec0a4aca210779cf1cfc63cf19,29,5901.41,5279.49,621.92,203.49689655172412,14.870760296934865,0.06896551724137931,3.9482758620689653,0.1724137931034483,0.5862068965517241,648.813581971616,0.18762764547763766,SP,sao paulo,low_volume,low_volume,low_volume__low_volume
e0878efa0e0b7e5313ac0b43bc04c081,27,5594.91,5065.299999999999,529.61,207.21888888888887,18.133796296296296,0.18518518518518517,3.5185185185185186,0.2962962962962963,0.8888888888888888,809.8000929733774,0.12995811236919647,PR,curitiba,low_volume,low_volume,low_volume__low_volume
e09887ca8c7bf8a4621ce481820414ef,3,178.66,119.96000000000001,58.7,59.553333333333335,57.878368055555555,0.3333333333333333,2.3333333333333335,0.6666666666666666,0.6666666666666666,1062.7783371092194,0.3062158242921126,SP,sao paulo,low_volume,low_volume,low_volume__low_volume
e0a366315b1b726b6c7832d664c0f530,43,8145.17,7400.09,745.08,189.42255813953489,7.974509313092161,0.046511627906976744,4.3023255813953485,0.13953488372093023,0.46511627906976744,384.2001470766319,0.11062149921430987,SP,sao paulo,standard_value,standard_risk,standard_value__standard_risk
e0a3c37054ade6478d923a6efc10f308,2,254.98000000000002,219.8,35.18,127.49000000000001,7.835486111111111,0.0,5.0,0.0,0.5,245.486702134798,0.13767360570876447,SC,camboriu,low_volume,low_volume,low_volume__low_volume
e0b162a693bc7f9eab00f783a31d60ea,1,49.69,20.0,29.69,49.69,11.088877314814814,0.0,5.0,0.0,1.0,1474.4102757795447,0.5975045280740592,RS,pelotas,low_volume,low_volume,low_volume__low_volume
e0eabded302882513ced4ea3eb0c7059,8,1117.19,978.4000000000001,138.79,139.64875,11.449202835648148,0.0,4.625,0.0,0.625,631.6118060190445,0.15521628685537517,SP,campinas,low_volume,low_volume,low_volume__low_volume
e116c7455dd26a4d8c3e92532583905f,1,51.54,36.76,14.78,51.54,,0.0,4.0,0.0,0.0,6.226667379169856,0.286767559177338,SP,sao paulo,low_volume,low_volume,low_volume__low_volume
e1643dff33666ca629e3644c02738179,3,199.31,170.0,29.31,66.43666666666667,4.555775462962963,0.0,4.333333333333333,0.0,0.0,35.716590855114354,0.16653762939299574,SP,sao paulo,low_volume,low_volume,low_volume__low_volume
e174dc2de86d60fee178170a154c05e7,1,33.9,19.8,14.1,33.9,,0.0,1.0,1.0,1.0,883.1552421383251,0.415929203539823,SP,santo andre,low_volume,low_volume,low_volume__low_volume
e1a210d482714ce337763a19aef94ba4,1,76.50999999999999,49.9,26.61,76.50999999999999,,0.0,1.0,1.0,1.0,2535.172682251387,0.3477976735067312,PR,cascavel,low_volume,low_volume,low_volume__low_volume
e1b12447a7563944843191754aeb5562,9,599.13,472.46000000000004,126.67,66.57,14.48102752057613,0.2222222222222222,4.444444444444445,0.1111111111111111,0.5555555555555556,519.954546353672,0.23821422227124295,SP,guarulhos,low_volume,low_volume,low_volume__low_volume
e1bed63d68ac36fe1f3061befe196af5,1,217.0,199.0,18.0,217.0,8.606180555555556,0.0,5.0,0.0,0.0,290.55709474644823,0.08294930875576037,SP,mogi guacu,low_volume,low_volume,low_volume__low_volume
e1c76f339ebd5460999f25a2aa8c92c5,1,928.7,899.9,28.8,928.7,29.84170138888889,0.0,5.0,0.0,1.0,2210.084666858479,0.031011090772046945,SP,sao paulo,low_volume,low_volume,low_volume__low_volume
e1dc0754bada9ee4cfe9713f22f61292,12,1149.78,885.0,264.78,95.815,8.281831597222222,0.0,3.8333333333333335,0.25,0.8333333333333334,712.7182869231593,0.23442293241241105,RJ,duque de caxias,low_volume,low_volume,low_volume__low_volume
e21a1e8be4715b0fcfd5385643bc49c4,21,1175.8899999999999,703.5999999999999,472.28999999999996,55.9947619047619,16.619786458333333,0.0,3.6666666666666665,0.23809523809523808,0.9523809523809523,1008.2500102983126,0.39989434043668143,SC,jaguaruna,low_volume,low_volume,low_volume__low_volume
e24d3429d294b2eb200b064ebb035879,19,2250.7,1878.58,372.12,118.45789473684209,7.711454678362573,0.05263157894736842,4.2631578947368425,0.10526315789473684,0.5789473684210527,681.5429313810681,0.20418245500617638,SP,sao paulo,low_volume,low_volume,low_volume__low_volume
e24fc9fcd865784fb25705606fe3dfe7,52,13966.71,12936.0,1030.71,268.5905769230769,12.578922476397967,0.07692307692307693,4.173076923076923,0.11538461538461539,0.5576923076923077,683.5354591133836,0.09393055936841194,SP,braganca paulista,standard_value,standard_risk,standard_value__standard_risk
e250d617a0ad591ba9bd663e584a895d,8,1204.91,904.12,300.78999999999996,150.61375,8.818719618055557,0.0,3.5,0.375,0.75,441.46595964232904,0.2947188096079628,SP,guarulhos,low_volume,low_volume,low_volume__low_volume
e256a62e0ac58c0edfba09966142d561,12,1809.55,1474.1100000000001,335.44,150.79583333333332,7.894560185185185,0.0,4.416666666666667,0.08333333333333333,0.8333333333333334,459.11478304454334,0.21019410545698836,PR,curitiba,low_volume,low_volume,low_volume__low_volume
e26901d5ab434ce92fd9b5c256820a4e,202,14938.88,11990.9,2947.98,73.95485148514851,9.289251269035534,0.024752475247524754,4.123762376237623,0.12376237623762376,0.5099009900990099,390.3672114073952,0.22423159098952727,SP,maua,standard_value,standard_risk,standard_value__standard_risk
e2a1ac9bf33e5549a2a4f834e70df2f8,5,15200.56,14999.449999999999,201.11,3040.112,12.335252314814813,0.0,4.8,0.0,0.8,536.8027829680161,0.013222992568031213,SP,sao paulo,low_volume,low_volume,low_volume__low_volume
e2aee0892199b1d92530e371abd825bf,38,8317.29,5662.57,2654.72,218.87605263157897,15.507267554012344,0.13157894736842105,3.789473684210526,0.23684210526315788,0.8947368421052632,686.5522525999368,0.3245962261222443,PR,rolandia,standard_value,high_risk,standard_value__high_risk
e2c92f9c1c7746d899d18f2e158bbff7,14,2286.61,1894.7,391.91,163.32928571428573,9.1515625,0.0,4.071428571428571,0.14285714285714285,0.5714285714285714,733.1376023515082,0.1648011920103062,SP,sao jose do rio preto,low_volume,low_volume,low_volume__low_volume
e333046ce6517bd8bb510291d44f0130,68,8699.32,7268.0,1431.32,127.93117647058823,10.158788807189541,0.058823529411764705,4.338235294117647,0.08823529411764706,0.5735294117647058,550.7362970390209,0.20344596179476587,SP,ipaussu,standard_value,standard_risk,standard_value__standard_risk
e38db885400cd35c71dfd162f2c1dbcf,30,2737.55,2066.8,670.75,91.25166666666668,12.858261959876542,0.13333333333333333,4.466666666666667,0.06666666666666667,0.9666666666666667,932.7831173609096,0.24539919572560753,DF,brasilia,standard_value,standard_risk,standard_value__standard_risk
e3a386fc36e22064434e1fa256f6a9fa,16,1047.15,793.9,253.25,65.446875,10.068441116898148,0.1875,4.1875,0.125,0.4375,397.440943531707,0.23477333360211988,SP,engenheiro coelho,low_volume,low_volume,low_volume__low_volume
e3b4998c7a498169dc7bce44e6bb6277,3,7114.6900000000005,6897.9,216.79,2371.5633333333335,18.740069444444444,0.0,2.6666666666666665,0.6666666666666666,0.3333333333333333,328.6073981649718,0.119776558658933,SP,sao paulo,low_volume,low_volume,low_volume__low_volume
e3d3b3efac954a60d61be70b7e05b49b,3,1405.83,1282.05,123.78,468.60999999999996,11.115142746913582,0.0,4.333333333333333,0.0,0.3333333333333333,327.6713630257584,0.0857767250220256,SP,sao paulo,low_volume,low_volume,low_volume__low_volume
e3dd723429d1b23614b7fa85e2c7a853,7,597.62,471.05,126.57,85.37428571428572,13.620887896825396,0.2857142857142857,3.7142857142857144,0.14285714285714285,0.42857142857142855,299.40963915201735,0.2183482522670668,SP,sao bernardo do campo,low_volume,low_volume,low_volume__low_volume
e3e15e2c0b9700561efac21c6be48066,3,139.74,97.24,42.5,46.580000000000005,,0.0,2.0,0.6666666666666666,0.3333333333333333,801.617472647485,0.30768554524133057,SP,sao paulo,low_volume,low_volume,low_volume__low_volume
e3e290b38963293022cdcd6db8328103,3,182.04,135.7,46.34,60.68,9.766523919753086,0.0,3.3333333333333335,0.3333333333333333,0.3333333333333333,455.62296910900733,0.3039639381945765,SP,sao paulo,low_volume,low_volume,low_volume__low_volume
e4253cef933647000a82ff39c67b7bde,2,108.72999999999999,68.0,40.73,54.364999999999995,,0.0,2.0,0.5,1.0,1114.7220026141051,0.3741344477366305,SP,sao paulo,low_volume,low_volume,low_volume__low_volume
e433f5fd4050e3352b5d83522b7fe24b,1,596.77,548.06,48.71,596.77,7.448333333333333,0.0,4.0,0.0,1.0,502.7204816005913,0.08162273572733214,PR,arapongas,low_volume,low_volume,low_volume__low_volume
e439f7176d763f92de325271111b2fd5,7,1584.02,1348.4,235.62,226.28857142857143,9.92680362654321,0.0,5.0,0.0,0.7142857142857143,378.25420961958173,0.20355184542343377,SC,joinville,low_volume,low_volume,low_volume__low_volume
e45edf75f568ed2f93f78d060e246e25,6,278.21999999999997,164.29999999999998,113.92,46.37,12.346981095679013,0.16666666666666666,4.166666666666667,0.0,0.8333333333333334,527.8593294675799,0.4024785816521381,RJ,rio de janeiro,low_volume,low_volume,low_volume__low_volume
e46bc031f2c5bae4ccb40bb90712e9b4,1,327.39,277.3,50.09,327.39,,0.0,1.0,1.0,1.0,341.3852794407019,0.15299795351110299,SP,sao paulo,low_volume,low_volume,low_volume__low_volume
e48b04bf1aa1ef711caebeb7aede6180,25,3832.73,3187.1000000000004,645.63,153.3092,10.544004166666666,0.0,4.48,0.08,0.92,578.2182568017677,0.17985684486653214,PR,curitiba,low_volume,low_volume,low_volume__low_volume
e48cc16ab70bfa09e1401740dce0b3d7,14,1411.13,1084.83,326.3,100.795,14.687196593915344,0.07142857142857142,3.5714285714285716,0.2857142857142857,0.8571428571428571,866.3077105238148,0.2842136203544196,SP,aracatuba,low_volume,low_volume,low_volume__low_volume
e49c26c3edfa46d227d5121a6b6e4d37,35,4829.71,3654.25,1175.46,137.9917142857143,11.620668913398692,0.0,4.457142857142857,0.08571428571428572,0.9142857142857143,1471.61589612061,0.32463482437329466,PE,brejao,standard_value,standard_risk,standard_value__standard_risk
e4ebd3f87bf70440014f07ddda7fbe03,7,787.26,671.5,115.75999999999999,112.46571428571428,17.889925595238093,0.14285714285714285,4.571428571428571,0.0,0.42857142857142855,1040.9093221393373,0.15395900032171772,SP,presidente epitacio,low_volume,low_volume,low_volume__low_volume
e4f121bf6ef8b9a1d4d3e65dd0473fab,2,106.46,70.0,36.46,53.23,21.336834490740742,0.5,3.0,0.5,1.0,954.6799227757535,0.3455246874511405,SP,sao jose do rio preto,low_volume,low_volume,low_volume__low_volume
e4fc40017a6d22c46a14ac2e17f87c3e,3,662.05,387.0,275.05,220.6833333333333,10.291921296296296,0.0,2.3333333333333335,0.6666666666666666,1.0,1674.1683192342173,0.39586190696674056,PR,arapongas,low_volume,low_volume,low_volume__low_volume
e503f22be6a4f456d9851920a5d9c670,2,231.34,198.9,32.44,115.67,5.669965277777777,0.0,4.0,0.0,0.5,730.1656103620704,0.14580442248388,SP,sao paulo,low_volume,low_volume,low_volume__low_volume
e504a4e2efaa45cbff7e268a2c58c956,11,1464.0600000000002,1188.8000000000002,275.26,133.09636363636366,12.945398148148149,0.2727272727272727,3.5454545454545454,0.36363636363636365,0.36363636363636365,329.15062737871943,0.18796182187632374,SP,sao pedro,low_volume,low_volume,low_volume__low_volume
e51f22821f0c12a16ad5c020cdcd55e9,4,996.8399999999999,898.71,98.13,249.20999999999998,10.324129050925926,0.0,4.75,0.0,1.0,709.0550052994912,0.11483847190360644,SP,carapicuiba,low_volume,low_volume,low_volume__low_volume
e53d5b9b29d1218281f4a907ada18626,4,483.92,350.67,133.25,120.98,6.505842013888889,0.0,4.75,0.0,1.0,1093.9847138152184,0.34179262615972605,PR,toledo,low_volume,low_volume,low_volume__low_volume
e546117ed9cafbc40239c0c78635c584,2,484.34000000000003,456.0,28.34,242.17000000000002,6.369074074074074,0.0,4.5,0.0,0.5,246.71233801003604,0.058059747020719504,SP,sao paulo,low_volume,low_volume,low_volume__low_volume
e5475dcab1e07b63d7f6e902d8f5eda8,19,2443.22,2192.0,251.22,128.59052631578948,9.57444018031189,0.05263157894736842,4.105263157894737,0.15789473684210525,0.3157894736842105,388.57240456590154,0.2326279114799745,SP,diadema,low_volume,low_volume,low_volume__low_volume
e5545d4d4473876ea78c5bcebca365c3,1,57.47,44.5,12.97,57.47,5.198229166666667,0.0,5.0,0.0,0.0,310.04306152239957,0.22568296502523058,SP,marilia,low_volume,low_volume,low_volume__low_volume
e560e4022d8f7aebf155db95946c5c0f,2,870.21,780.0,90.21000000000001,435.105,10.134334490740741,0.0,5.0,0.0,1.0,814.5122669300235,0.10356552378773112,MG,belo horizonte,low_volume,low_volume,low_volume__low_volume
e5899683388855d3dabe8913bbe365de,3,533.86,452.88,80.98,177.95333333333335,7.7213618827160495,0.0,4.0,0.0,1.0,1007.0774776768263,0.15036343068993355,SP,sao carlos,low_volume,low_volume,low_volume__low_volume
e58a5b390e28abc0b216cfb0e07d27d7,7,1167.23,1022.6,144.63,166.74714285714285,7.598201058201058,0.0,4.857142857142857,0.0,1.0,705.3249914392602,0.1668386882411504,RJ,rio de janeiro,low_volume,low_volume,low_volume__low_volume
e595809a6c31ec4314fd06ef198c244d,1,57.23,39.0,18.23,57.23,15.85357638888889,0.0,5.0,0.0,1.0,434.912463050086,0.3185392276777914,SC,navegantes,low_volume,low_volume,low_volume__low_volume
e59aa562b9f8076dd550fcddf0e73491,70,33803.97,31574.3,2229.67,482.9138571428572,14.033286533816424,0.1,4.214285714285714,0.11428571428571428,0.9285714285714286,685.9869712067285,0.08454601544764383,PR,curitiba,high_value,standard_risk,high_value__standard_risk
e59e489e2ea74bd409b798b5daf49de3,3,581.76,495.0,86.76,193.92,15.36360725308642,0.0,1.6666666666666667,0.6666666666666666,1.0,802.0306682490974,0.16538434356925477,PR,maringa,low_volume,low_volume,low_volume__low_volume
e59e575a175fadcadf8479e191770425,1,250.88,199.9,50.98,250.88,5.350474537037037,0.0,5.0,0.0,1.0,362.48455841507183,0.20320471938775508,RJ,nova iguacu,low_volume,low_volume,low_volume__low_volume
e5a3438891c0bfdb9394643f95273d8e,222,10983.56,7647.76,3335.7999999999997,49.475495495495494,15.632599860034453,0.18018018018018017,3.9279279279279278,0.19369369369369369,0.5540540540540541,489.66519975849025,0.3105498008623582,SP,limeira,standard_value,high_risk,standard_value__high_risk
e5a38146df062edaf55c38afa99e42dc,120,16924.19,15060.17,1864.02,141.03491666666665,11.66901046529723,0.08333333333333333,3.9583333333333335,0.175,0.5166666666666667,459.9535996864661,0.13768880661515462,SP,sao paulo,standard_value,standard_risk,standard_value__standard_risk
e5bd51692380fd8cabb19b756b95e714,3,153.04,119.69999999999999,33.34,51.01333333333333,33.66361689814815,0.6666666666666666,2.3333333333333335,0.6666666666666666,0.3333333333333333,242.9699137188627,0.2154554809482315,SP,santo andre,low_volume,low_volume,low_volume__low_volume
e5c84227854980f1db19a58958c551d9,4,141.64000000000001,72.81,68.83,35.410000000000004,10.187983217592592,0.0,4.75,0.0,1.0,518.762961114755,0.5057578548428456,PR,fazenda rio grande,low_volume,low_volume,low_volume__low_volume
e5cbe890e679490127e9a390b46bbd20,2,937.71,908.99,28.72,468.855,5.923854166666666,0.0,4.5,0.0,0.5,442.18604270905007,0.030099456193251134,SP,sao paulo,low_volume,low_volume,low_volume__low_volume
e5d4b2b0c3bca22085f7a19a28de0c42,4,269.56,205.8,63.76,67.39,12.684464699074073,0.25,4.5,0.0,1.0,658.8443397777066,0.2557633865842723,SC,joinville,low_volume,low_volume,low_volume__low_volume
e5def42655b7490edac5a56fe8e9e603,1,141.42000000000002,129.9,11.52,141.42000000000002,5.83462962962963,0.0,5.0,0.0,0.0,90.56124800306277,0.08145948239287229,SP,amparo,low_volume,low_volume,low_volume__low_volume
e5e33c0d8e7e002f398f5dc4cbbb338f,28,7477.33,6698.7,778.63,267.0475,12.06518919159544,0.10714285714285714,4.321428571428571,0.10714285714285714,0.6071428571428571,698.8842022802112,0.15025476499345694,SP,bauru,low_volume,low_volume,low_volume__low_volume
e5f9e61ceb5f523cc966e0f34095032f,4,2353.44,2238.0,115.44,588.36,20.252138310185185,0.25,4.0,0.25,1.0,685.9453247451019,0.04959077204838651,SC,brusque,low_volume,low_volume,low_volume__low_volume
e601b04acf48b4576e73ddca9481f0dc,15,702.9399999999999,491.94,211.0,46.86266666666666,6.84870987654321,0.0,4.066666666666666,0.2,0.4666666666666667,256.95092689046487,0.32856756961402417,SP,sao paulo,low_volume,low_volume,low_volume__low_volume
e603cf3fec55f8697c9059638d6c8eb5,8,482.46999999999997,297.0,185.47,60.308749999999996,6.320124007936507,0.0,4.25,0.125,0.75,1077.822472642867,0.36851407013417353,RS,pelotas,low_volume,low_volume,low_volume__low_volume
e627629ba868740e287800f1a9be81c2,13,643.55,504.5,139.05,49.50384615384615,6.900215698653199,0.0,4.461538461538462,0.07692307692307693,0.3076923076923077,219.81895847201744,0.24206247007983533,SP,sao paulo,low_volume,low_volume,low_volume__low_volume
e628d4a53c109f09ca88098338b3a3f5,1,343.9,285.0,58.9,343.9,,0.0,1.0,1.0,1.0,496.34976835132807,0.1712707182320442,MG,belo horizonte,low_volume,low_volume,low_volume__low_volume
e62b2d6ac10570a035a30bafcf01d263,59,6056.47,5126.89,929.58,102.65203389830509,13.232595927495293,0.11864406779661017,3.9661016949152543,0.15254237288135594,0.4745762711864407,509.1615472115013,0.17828898187022696,SP,sao paulo,standard_value,standard_risk,standard_value__standard_risk
e63e8bfa530fb16910dd6956e592bb81,42,1979.17,1311.7,667.47,47.12309523809524,9.379565548780487,0.047619047619047616,4.238095238095238,0.11904761904761904,0.40476190476190477,326.3809340365711,0.3285109017153899,SP,guarulhos,standard_value,standard_risk,standard_value__standard_risk
e644cbadf7eeb30d0d29f335ce7d52ec,8,1063.5900000000001,878.9,184.69,132.94875000000002,6.880929232804233,0.0,3.625,0.125,0.75,380.6495864393059,0.18796504990958746,SP,sao paulo,low_volume,low_volume,low_volume__low_volume
e64882b4ef12aee8d0faca4db5b681f4,1,273.22,230.0,43.22,273.22,25.008819444444445,0.0,4.0,0.0,1.0,1212.971743089844,0.15818754117560938,GO,goiania,low_volume,low_volume,low_volume__low_volume
e64d65bc8dbec2accda90c58de5d1246,12,1899.96,1678.8000000000002,221.16,158.33,13.493086419753086,0.3333333333333333,3.0833333333333335,0.4166666666666667,0.5,495.1152617353041,0.1157935300408864,SP,rio claro,low_volume,low_volume,low_volume__low_volume
e64ddbe1cbcf4f2fc3092b7c481f3f9d,1,28.29,20.9,7.39,28.29,5.512708333333333,0.0,5.0,0.0,0.0,88.75343348844346,0.2612230470130788,SP,sao paulo,low_volume,low_volume,low_volume__low_volume
e6a69c4a27dfdd98ffe5aa757ad744bc,24,2518.94,2076.2000000000003,442.74,104.95583333333333,10.744657186948853,0.0,3.875,0.20833333333333334,0.4166666666666667,266.1456819788152,0.4146479051908696,SP,sao paulo,low_volume,low_volume,low_volume__low_volume
e6ffc9ac6a7adc9d16a1cfc2286dd546,1,43.28,34.99,8.29,43.28,,0.0,1.0,1.0,0.0,83.275066275476,0.191543438077634,SP,sao paulo,low_volume,low_volume,low_volume__low_volume
e70053bf73d1b5863932e53a9fa47496,7,4158.58,4025.0,133.58,594.0828571428572,13.455330687830687,0.0,4.285714285714286,0.0,0.7142857142857143,680.691533362827,0.04419042156264635,SP,sao paulo,low_volume,low_volume,low_volume__low_volume
e72b4feb7abe210c52aa667abc25a3a2,1,55.64,38.2,17.44,55.64,4.149236111111111,0.0,5.0,0.0,0.0,15.816682123382687,0.3134435657800144,SP,sao paulo,low_volume,low_volume,low_volume__low_volume
e732329483fd5f27367dd997b47f598a,1,144.47,109.9,34.57,144.47,12.152314814814815,0.0,5.0,0.0,1.0,1896.8200100202912,0.2392884335848273,SC,blumenau,low_volume,low_volume,low_volume__low_volume
e73bf2cea7fe4b0b4d287a7568ed1099,4,837.8299999999999,737.6999999999999,100.13000000000001,209.45749999999998,5.497410300925926,0.0,5.0,0.0,0.75,689.2615406135835,0.1075405103807236,SC,chapeco,low_volume,low_volume,low_volume__low_volume
e76ecc7e9a1a1e3c6df9d2a8261c423d,1,34.1,20.0,14.1,34.1,12.457060185185185,0.0,5.0,0.0,1.0,343.39027673184466,0.4134897360703812,MG,belo horizonte,low_volume,low_volume,low_volume__low_volume
e7d5b006eb624f13074497221eb37807,28,4220.42,3478.93,741.49,150.7292857142857,11.165859375,0.07142857142857142,3.9285714285714284,0.21428571428571427,0.6071428571428571,420.8045410900376,0.1806031942077043,SP,santo andre,low_volume,low_volume,low_volume__low_volume
e7df4cd29ab5abab70fb0783ddb53987,23,10022.07,9608.699999999999,413.37,435.7421739130435,10.157143719806763,0.17391304347826086,4.304347826086956,0.08695652173913043,0.34782608695652173,286.3568501695817,0.09140886213655261,SP,sao paulo,low_volume,low_volume,low_volume__low_volume
e7f3bf1ecd8526eb7f3b18059e6716e5,18,1747.69,1471.54,276.15,97.0938888888889,8.975147739651415,0.0,4.555555555555555,0.05555555555555555,0.7777777777777778,515.6679708811836,0.18808467427953574,SP,ubatuba,low_volume,low_volume,low_volume__low_volume
e819bcfade7b5d88a27325eb6cfd62c5,5,338.25,202.89999999999998,135.35,67.65,9.983587962962963,0.2,4.2,0.2,0.2,210.35000033465911,0.36808428771099216,SP,guarulhos,low_volume,low_volume,low_volume__low_volume
e81e1f9c3e762e620f3fb60a51499e16,16,4784.57,4305.99,478.58,299.035625,25.986547309027777,0.0625,4.0,0.125,1.0,1054.3129691007011,0.1200211036776582,SC,curitibanos,low_volume,low_volume,low_volume__low_volume
e82de6494d91d3c4c54450f59b227a94,2,104.6,80.9,23.7,52.3,5.314079861111112,0.0,5.0,0.0,0.0,305.0417168040732,0.22707574779131917,SP,ibitinga,low_volume,low_volume,low_volume__low_volume
e83c76265fc54bf41eac728805e4da77,8,336.49,237.29999999999998,99.19,42.06125,32.602546296296296,0.125,3.625,0.125,0.125,563.4633640671602,0.30027477641273614,SP,aracatuba,low_volume,low_volume,low_volume__low_volume
e83e93b71371817b11d78a63ff156aee,2,373.38,286.0,87.38000000000001,186.69,15.808663194444446,0.0,4.5,0.0,0.5,257.9782561766106,0.20148750666917992,SP,barueri,low_volume,low_volume,low_volume__low_volume
e84ad2127668df3aafc6b73531a0beb8,19,1273.73,987.0,286.73,67.03842105263158,10.564939692982456,0.05263157894736842,4.368421052631579,0.10526315789473684,0.47368421052631576,683.5890607812273,0.2547402724644789,SP,sao paulo,low_volume,low_volume,low_volume__low_volume
e88165a185134e13fdfc85d4fa654db8,2,149.22,108.0,41.22,74.61,9.153582175925925,0.5,3.0,0.5,0.0,68.83622160675229,0.2916025247246165,SP,ferraz de  vasconcelos,low_volume,low_volume,low_volume__low_volume
e882b2a25a10b9c057cc49695f222c19,57,53913.759999999995,51057.54,2856.22,945.8554385964911,9.549082399285249,0.0,4.578947368421052,0.05263157894736842,0.543859649122807,393.57316277369665,0.07903726701443779,RJ,teresopolis,high_value,standard_risk,high_value__standard_risk
e883aa812c37a7413226856f4579fe91,26,4554.46,4097.1,457.36,175.17153846153846,9.902272079772079,0.038461538461538464,4.153846153846154,0.11538461538461539,0.5769230769230769,536.1864206416125,0.13155097143617095,SP,itapevi,low_volume,low_volume,low_volume__low_volume
e88c9b79e592e370d6bd852eeefbf057,8,393.98,251.87,142.10999999999999,49.2475,8.435091145833333,0.0,4.75,0.0,1.0,699.9243423615872,0.4137594524390937,PR,pato branco,low_volume,low_volume,low_volume__low_volume
e88f7a2995ba184710d339c5c4bf2e30,2,287.51,251.6,35.91,143.755,10.833229166666667,0.0,5.0,0.0,0.5,991.2439216040622,0.12398932944096423,SP,votuporanga,low_volume,low_volume,low_volume__low_volume
e89c4adbe7b1d0819dbb636e16461cf1,24,3636.15,3181.3,454.85,151.50625,15.115932677469138,0.125,3.8333333333333335,0.16666666666666666,0.5833333333333334,471.5403645251674,0.13841084068646095,SP,indaiatuba,low_volume,low_volume,low_volume__low_volume
e8a85b5f3df47be0984c55fd4064dbb4,8,965.99,743.0,222.99,120.74875,10.681103877314815,0.125,4.5,0.125,0.75,637.8442682099815,0.35600149067251696,DF,brasilia,low_volume,low_volume,low_volume__low_volume
e8b3a3a38279a82f0e5d006d5e5b7d2c,87,14916.39,13154.7,1761.69,171.45275862068965,17.3070546875,0.04597701149425287,3.793103448275862,0.21839080459770116,0.9310344827586207,854.7316981732342,0.18419037738418087,PR,jussara,standard_value,high_risk,standard_value__high_risk
e8b4225284fbb02d16f200513f1f395d,31,7086.13,5788.52,1297.6100000000001,228.58483870967743,10.22229050925926,0.0967741935483871,4.193548387096774,0.06451612903225806,0.45161290322580644,595.2017467016917,0.17988979144002473,SP,novo horizonte,standard_value,standard_risk,standard_value__standard_risk
e8dba4d70f7f2b20e775d09cae01142d,9,1032.39,855.91,176.48,114.71000000000001,8.808996913580247,0.1111111111111111,4.333333333333333,0.1111111111111111,0.5555555555555556,406.31497510382707,0.1850524971874909,SP,santa barbara d oeste,low_volume,low_volume,low_volume__low_volume
e8f6dc8e6a1dcde89d20e3995c8d90b3,36,4308.02,2256.34,2051.6800000000003,119.66722222222224,12.935982804232804,0.08333333333333333,3.9166666666666665,0.16666666666666666,0.5833333333333334,447.00391172200773,0.35121357901852873,SP,sao paulo,standard_value,standard_risk,standard_value__standard_risk
e8ff5a6ceb895583033fc2a0f314e3c2,1,158.96999999999997,139.89,19.08,158.96999999999997,3.1886111111111113,0.0,5.0,0.0,1.0,438.64686326801393,0.12002264578222308,SC,blumenau,low_volume,low_volume,low_volume__low_volume
e908c0f3646e8b60375734a350d95d71,1,3009.53,2951.0,58.53,3009.53,27.108946759259258,0.0,4.0,0.0,1.0,1456.9920492207457,0.019448219489421936,SP,sao paulo,low_volume,low_volume,low_volume__low_volume
e94b64dc6979b302a5a5be1662c83bb6,2,338.63,306.89,31.740000000000002,169.315,9.009612268518518,0.0,5.0,0.0,0.5,787.1692546861948,0.09813117994219749,SP,itapecerica da serra,low_volume,low_volume,low_volume__low_volume
e9511df20ccd82658a30c37b7fb343af,22,2823.1,2096.6,726.5,128.32272727272726,9.756910774410775,0.0,4.318181818181818,0.09090909090909091,0.5909090909090909,584.8172588532748,0.3411245842023289,SP,bauru,low_volume,low_volume,low_volume__low_volume
e96498ed8daaa3e9c23f7a62da76591c,34,10332.19,9619.09,713.1,303.8879411764706,15.198311887254901,0.14705882352941177,3.9411764705882355,0.20588235294117646,0.7647058823529411,788.165819808179,0.08493269294038219,SP,sao paulo,standard_value,high_risk,standard_value__high_risk
e9729944ba65dc3ce425e0c5a22ae7b2,4,978.4300000000001,916.7,61.73,244.60750000000002,10.13974247685185,0.25,3.75,0.0,0.5,214.78216873315148,0.0803545698990149,RJ,petropolis,low_volume,low_volume,low_volume__low_volume
e9779976487b77c6d4ac45f75ec7afe9,653,52910.27,42854.58,10055.69,81.0264471669219,9.773655189944618,0.07044410413476264,4.215926493108729,0.11791730474732007,0.40428790199081166,366.2790642296994,0.24364662012501567,SP,praia grande,high_value,standard_risk,high_value__standard_risk
e9874ae10b2d60d43917b6bbfa13a599,1,222.1,199.0,23.1,222.1,6.675798611111111,0.0,5.0,0.0,1.0,459.57716789466826,0.1040072039621792,PR,rolandia,low_volume,low_volume,low_volume__low_volume
e99e927c81e3f51739c94fcdfca9f10f,22,3360.47,2702.83,657.64,152.74863636363636,14.581565255731922,0.18181818181818182,3.6363636363636362,0.22727272727272727,0.8181818181818182,678.2103204077224,0.20323741068930848,MG,uberlandia,low_volume,low_volume,low_volume__low_volume
e9b6c33b71b67737693b4cfa68341c8d,1,141.39,119.9,21.49,141.39,11.771851851851851,0.0,4.0,0.0,0.0,21.430233724251348,0.15199094702595659,SP,sao paulo,low_volume,low_volume,low_volume__low_volume
e9bc59e7b60fc3063eb2290deda4cced,216,39031.56,34343.06,4688.5,180.70166666666665,14.27116610180755,0.10648148148148148,3.990740740740741,0.16666666666666666,0.9259259259259259,664.1646790569371,0.13613259933380187,PR,maringa,high_value,standard_risk,high_value__standard_risk
e9c2dc0dd4ac38448289be644ac94f42,3,174.61,118.39,56.22,58.20333333333334,5.392226080246914,0.0,5.0,0.0,1.0,409.02037319565966,0.3626099173585227,SC,joinville,low_volume,low_volume,low_volume__low_volume
e9c6969d40e6a3d2d0f90013165c2b98,10,5481.9800000000005,5239.98,242.0,548.1980000000001,9.087366898148149,0.0,4.4,0.1,0.8,679.7997059264761,0.057803227854026674,SP,sao paulo,low_volume,low_volume,low_volume__low_volume
e9d99831abad74458942f21e16f33f92,129,6871.54,4892.4800000000005,1979.06,53.26775193798449,12.62647358598909,0.10077519379844961,3.9302325581395348,0.16279069767441862,0.5813953488372093,580.5019765470397,0.3021793555389141,SP,sao paulo,standard_value,standard_risk,standard_value__standard_risk
e9e446d01bd10a97a8ffcfc4a3a20cb2,4,89.61,60.05,29.56,22.4025,5.304830246913579,0.0,3.5,0.25,0.0,36.7344067790786,0.3418917911789475,SP,sao paulo,low_volume,low_volume,low_volume__low_volume
ea00f977a203ff88adf7057cb7806998,19,573.4,389.71999999999997,183.68,30.178947368421053,5.417617669753087,0.10526315789473684,4.105263157894737,0.10526315789473684,0.15789473684210525,130.27842906307018,0.3475608323916352,SP,santos,low_volume,low_volume,low_volume__low_volume
ea1776927851da2532aa70d6a32c095a,3,372.31999999999994,318.8,53.519999999999996,124.10666666666664,8.655138888888889,0.0,2.6666666666666665,0.6666666666666666,1.0,630.1976130783621,0.2412035910004934,SP,sao paulo,low_volume,low_volume,low_volume__low_volume
ea3ebea5317b0efbc663ecc8ce5e9bc2,3,357.35,299.70000000000005,57.65,119.11666666666667,9.390617283950617,0.0,4.0,0.0,1.0,631.4373221695577,0.17940826081170322,SC,florianopolis,low_volume,low_volume,low_volume__low_volume
ea4e9ce63a2134743b4a92777437fcdd,3,382.3,316.6,65.7,127.43333333333334,10.11315200617284,0.0,4.666666666666667,0.0,1.0,591.2387558979832,0.1920422607825694,SC,palhoca,low_volume,low_volume,low_volume__low_volume
ea566164622c6b439516ab18062c42cd,50,11167.98,10309.42,858.56,223.3596,14.027645138888888,0.22,3.78,0.24,0.54,638.0348702628056,0.17801246730647072,SP,sao  paulo,standard_value,high_risk,standard_value__high_risk
ea65d8b58316a6f2362f2a9e4b3e86ad,9,2292.2200000000003,2061.4,230.82,254.69111111111113,8.413410493827161,0.0,4.0,0.2222222222222222,0.4444444444444444,343.21724708803276,0.20306333381863176,SP,campinas,low_volume,low_volume,low_volume__low_volume
ea67327e24487bdfac5fbfa37ea124df,32,7180.280000000001,6250.18,930.1,224.38375000000002,8.721783130787037,0.03125,3.53125,0.25,0.46875,439.8962232847999,0.14355284902210508,SP,ibitinga,standard_value,high_risk,standard_value__high_risk
ea6b12bf9ffe2bac34602ec631d97a47,11,2831.32,2625.7999999999997,205.52,257.3927272727273,16.563964763374486,0.0,4.090909090909091,0.18181818181818182,0.5454545454545454,628.3218488361914,0.1187785215568828,SP,guarulhos,low_volume,low_volume,low_volume__low_volume
ea846a0e7ad98a741783e886d89dfa44,2,192.26,137.0,55.26,96.13,10.279629629629628,0.0,5.0,0.0,1.0,594.3911679402177,0.28127505760768273,SP,aracatuba,low_volume,low_volume,low_volume__low_volume
ea8482cd71df3c1969d7b9473ff13abc,1140,54336.06,36889.6,17446.46,47.66321052631579,13.312682923820802,0.10263157894736842,3.9964912280701754,0.1543859649122807,0.6350877192982456,668.7867807280729,0.32333851555691473,SP,sao paulo,high_value,standard_risk,high_value__standard_risk
eaaa46e98c9e61f6764dd1d7a2ab8b3e,1,125.64,98.0,27.64,125.64,11.097199074074076,0.0,5.0,0.0,1.0,731.2799687274418,0.21999363260108246,RN,messias targino,low_volume,low_volume,low_volume__low_volume
ead2bab70821ea148476ae9bc08548ac,9,528.3,412.1,116.2,58.699999999999996,7.322022890946503,0.0,4.5,0.1111111111111111,0.8888888888888888,704.6750429810851,0.21837670330043726,MG,belo horizonte,low_volume,low_volume,low_volume__low_volume
eae9af4811c294c56795d70e715b7337,1,27.01,15.9,11.11,27.01,2.8439467592592593,0.0,5.0,0.0,0.0,10.593972288628022,0.4113291373565346,SP,sao paulo,low_volume,low_volume,low_volume__low_volume
eaf6d55068dea77334e8477d3878d89e,3,84.01,51.0,33.01,28.003333333333334,6.129313271604938,0.0,5.0,0.0,0.3333333333333333,315.4727614005795,0.37448092429642243,SP,sao paulo,low_volume,low_volume,low_volume__low_volume
eb1bf309f4f6af9a97e9ddac3fdbeabe,1,31.18,22.3,8.88,31.18,8.489652777777778,0.0,5.0,0.0,0.0,14.693421741614381,0.2847979474021809,SP,diadema,low_volume,low_volume,low_volume__low_volume
eb3071b9f0b0ddaa2df5ea130f09f26b,9,6811.42,6230.0,581.42,756.8244444444445,9.65403677983539,0.1111111111111111,4.555555555555555,0.0,0.6666666666666666,409.8765475758988,0.0891750983745847,SP,sao paulo,low_volume,low_volume,low_volume__low_volume
eb4a59a06b3948e851a7d7a830bcbc42,2,108.0,64.0,44.0,54.0,11.078020833333332,0.0,3.0,0.5,1.0,1438.158727276002,0.40726054380757926,BA,salvador,low_volume,low_volume,low_volume__low_volume
eb4df17aed01d918c65f0f8d650900c0,11,3925.46,3739.87,185.59,356.86,12.899521254208754,0.2727272727272727,3.909090909090909,0.18181818181818182,0.6363636363636364,460.987427167625,0.04771884489896073,SP,paulinia,low_volume,low_volume,low_volume__low_volume
eb5b6204dde3a6e03b5f1bb8479f055b,19,727.33,452.2,275.13,38.28052631578947,10.447398269980507,0.05263157894736842,3.9473684210526314,0.10526315789473684,0.42105263157894735,347.9385743850003,0.3711416313544025,SP,embu guacu,low_volume,low_volume,low_volume__low_volume
eb72802c83dc7547529c9546d1a9b8ef,8,1181.63,1063.92,117.71,147.70375,6.2112832754629625,0.0,4.625,0.125,0.375,270.98857943633595,0.11772537672367663,SP,rio claro,low_volume,low_volume,low_volume__low_volume
eb9267cccc90f1b49c8d2f9887c7dd97,1,346.27,319.9,26.37,346.27,7.810868055555556,0.0,5.0,0.0,1.0,2127.0940372268474,0.07615444595258036,PE,recife,low_volume,low_volume,low_volume__low_volume
eb9cd5b35d95206585e2185318cb5c61,2,611.55,550.0,61.55,305.775,16.270862268518517,0.5,3.0,0.5,1.0,1036.025148637093,0.10060046570923586,SP,sao paulo,low_volume,low_volume,low_volume__low_volume
eba88037e1dca898cd02881f67ced679,6,931.57,838.1,93.47,155.26166666666668,11.49054012345679,0.16666666666666666,4.333333333333333,0.16666666666666666,0.6666666666666666,338.8609420628924,0.10963144176297394,SP,sao paulo,low_volume,low_volume,low_volume__low_volume
ebd1417732defaf66c50b5a800eb293e,1,325.33,309.0,16.33,325.33,6.121712962962963,0.0,5.0,0.0,1.0,467.3300187750586,0.05019518642609043,PR,londrina,low_volume,low_volume,low_volume__low_volume
ebd2d60905fb58271facef5596b620d3,84,9675.02,7941.72,1733.3,115.17880952380953,12.992299712059621,0.03571428571428571,4.154761904761905,0.11904761904761904,0.6428571428571429,711.8330363553405,0.2028525290313037,SP,lencois paulista,standard_value,standard_risk,standard_value__standard_risk
ebe3dabc4955c9b0d695e7bda38bf5c3,1,66.89,55.0,11.89,66.89,23.45189814814815,1.0,3.0,0.0,0.0,296.1543591872811,0.1777545223501271,SP,ribeirao preto,low_volume,low_volume,low_volume__low_volume
ebef8d8c92b4fd3226e5d407bbff21ac,3,302.06,253.70000000000002,48.36,100.68666666666667,40.117268518518514,0.3333333333333333,2.6666666666666665,0.3333333333333333,0.3333333333333333,315.4074066473473,0.20912572196390022,SP,ribeirao preto,low_volume,low_volume,low_volume__low_volume
ec21206b7894c503788a684a7bc822a6,3,296.40999999999997,247.8,48.61,98.80333333333333,8.111898148148148,0.0,2.6666666666666665,0.3333333333333333,1.0,473.3555421784029,0.20243083990100677,RJ,armacao dos buzios,low_volume,low_volume,low_volume__low_volume
ec2e006556300a79a5a91e4876ab3a56,4,191.24,125.2,66.04,47.81,13.50111689814815,0.25,1.25,1.0,0.0,50.34775171925526,0.34392739600192007,SP,sao paulo,low_volume,low_volume,low_volume__low_volume
ec4608a1f76453166bb312b2968aeaf4,18,2121.36,1181.75,939.61,117.85333333333334,15.286932189542483,0.2222222222222222,3.1666666666666665,0.3333333333333333,0.3888888888888889,274.17204455842085,0.450546306856579,SP,porto ferreira,low_volume,low_volume,low_volume__low_volume
ec5c1d94df153d473b37f880977ae58e,2,283.74,199.67000000000002,84.07,141.87,10.320208333333333,0.0,2.0,0.5,0.5,1105.210181172137,0.2994067500080159,SP,rio de janeiro,low_volume,low_volume,low_volume__low_volume
ec80e49e69745ab6c14f984bf2149423,11,3589.41,3421.0,168.41,326.31,10.799885311447811,0.09090909090909091,4.0,0.09090909090909091,0.36363636363636365,439.0073776016414,0.04693887493665874,SP,limeira,low_volume,low_volume,low_volume__low_volume
ec8463980a4e0ea9f8517aea1ed0c419,2,357.96000000000004,239.2,118.75999999999999,178.98000000000002,11.225914351851852,0.5,5.0,0.0,0.5,365.4047052344142,0.34692979056270934,SC,florianopolis,low_volume,low_volume,low_volume__low_volume
ec8879960bd2221d5c32f8e12f7da711,35,4728.25,3932.5,795.75,135.09285714285716,16.32049189814815,0.17142857142857143,4.314285714285714,0.11428571428571428,0.6857142857142857,593.967762970273,0.18666566704797558,SP,itatiba,standard_value,standard_risk,standard_value__standard_risk
ec933281fb017b5020d06df29c3f77e8,8,1662.85,1432.0,230.85,207.85625,9.476841724537037,0.0,5.0,0.0,0.75,625.9049481694509,0.1355193833358906,SP,sao paulo,low_volume,low_volume,low_volume__low_volume
ecccfa2bb93b34a3bf033cc5d1dcdc69,14,1525.45,1278.74,246.70999999999998,108.96071428571429,32.11982735339506,0.14285714285714285,2.5714285714285716,0.5,0.7857142857142857,480.31831322147406,0.16368192875462367,PR,curitiba,low_volume,low_volume,low_volume__low_volume
ececbfcff9804a2d6b40f589df8eef2b,98,8661.06,6792.4,1868.66,88.37816326530611,13.180852305269186,0.10204081632653061,4.112244897959184,0.1326530612244898,0.6020408163265306,708.3547475057311,0.22135725631145364,SP,franca,standard_value,standard_risk,standard_value__standard_risk
ed4311e67debd72b8610a5347a743087,24,4185.56,3496.0,689.5600000000001,174.39833333333334,7.82702449845679,0.041666666666666664,4.625,0.041666666666666664,0.6666666666666666,537.8094258779382,0.16638483708811133,SP,guarulhos,low_volume,low_volume,low_volume__low_volume
ed46f1eb4a638113deb2a1137b5f22e9,4,3686.6800000000003,3470.0,216.68,921.6700000000001,7.358561921296297,0.0,4.0,0.25,0.75,411.26703614360054,0.05917666347593435,SC,indaial,low_volume,low_volume,low_volume__low_volume
ed49da7cadefc454d6a67de249eab240,2,65.83,43.0,22.83,32.915,21.38652777777778,0.0,3.0,0.5,0.5,199.0920441249803,0.34239382039898,SP,sao paulo,low_volume,low_volume,low_volume__low_volume
ed4acab38528488b65a9a9c603ff024a,32,13369.76,12759.45,610.31,417.805,9.886824223416966,0.03125,3.71875,0.21875,0.4375,398.98006592047045,0.13887498311431945,SP,sao paulo,standard_value,high_risk,standard_value__high_risk
ed859002ad59dbf8cf3602696a6c3000,7,2690.6400000000003,2421.7,268.94,384.3771428571429,18.509108796296296,0.0,3.7142857142857144,0.2857142857142857,1.0,477.33588990330696,0.09983325160029402,PR,londrina,low_volume,low_volume,low_volume__low_volume
ed8cb7b190ceb6067227478e48cf8dde,15,816.21,573.5,242.71,54.414,7.3134652777777776,0.06666666666666667,3.4,0.3333333333333333,0.4666666666666667,340.3266938376419,0.3194006029626416,SP,santos,low_volume,low_volume,low_volume__low_volume
ed9eef5be0992d413d251fadba1a410d,3,547.3399999999999,404.09999999999997,143.24,182.44666666666663,10.529228395061729,0.0,4.666666666666667,0.0,1.0,585.9613453806054,0.26843829946885517,SP,mogi guacu,low_volume,low_volume,low_volume__low_volume
edb1ef5e36e0c8cd84eb3c9b003e486d,166,83189.65000000001,79284.55,3905.1,501.1424698795181,11.897481130751963,0.0783132530120482,4.421686746987952,0.0783132530120482,0.8554216867469879,694.6841864160588,0.08180665545212619,RJ,teresopolis,high_value,standard_risk,high_value__standard_risk
edb58a1390adf273840030a3d6253829,1,58.28,39.9,18.38,58.28,5.503541666666667,0.0,5.0,0.0,1.0,469.9382600975716,0.3153740562800274,SP,piracicaba,low_volume,low_volume,low_volume__low_volume
edb65fe661681b1c0de8bd47c8655855,1,84.24,69.0,15.24,84.24,14.114236111111111,0.0,3.0,0.0,1.0,471.2987553478805,0.18091168091168092,SP,sao paulo,low_volume,low_volume,low_volume__low_volume
edc518ba25576a0188a0e8f2c3af186f,6,1909.55,1647.3899999999999,262.15999999999997,318.2583333333333,6.654861111111111,0.0,3.6666666666666665,0.3333333333333333,0.3333333333333333,259.8198717096564,0.18606517987719576,SP,guarulhos,low_volume,low_volume,low_volume__low_volume
edd066cd02126d7800f9b66e980e9931,6,1173.93,987.6999999999999,186.23,195.655,11.897121913580248,0.16666666666666666,5.0,0.0,0.8333333333333334,701.3751437001023,0.16324572700944326,DF,brasilia,low_volume,low_volume,low_volume__low_volume
eddd1991bd6d9309995a480c39b95137,3,998.4100000000001,866.0,132.41,332.80333333333334,14.754149305555558,0.0,2.6666666666666665,0.3333333333333333,1.0,494.7411034377778,0.13521491342536296,PR,ponta grossa,low_volume,low_volume,low_volume__low_volume
ede0c03645598cdfc63ca8237acbe73d,44,3058.59,2359.47,699.12,69.5134090909091,18.337685185185187,0.3181818181818182,3.522727272727273,0.29545454545454547,0.4090909090909091,477.84894003455935,0.26045789825409893,SP,ribeirao preto,standard_value,high_risk,standard_value__high_risk
ede2977fbaf3738583170735ca403f6c,1,327.25,289.9,37.35,327.25,14.979814814814814,0.0,5.0,0.0,1.0,1031.3093647142061,0.11413292589763178,PR,curitiba,low_volume,low_volume,low_volume__low_volume
edf3fabebcc20f7463cc9c53da932ea8,1,244.02,219.9,24.12,244.02,21.082037037037036,1.0,4.0,0.0,1.0,821.8804802322645,0.0988443570199164,SP,sao paulo,low_volume,low_volume,low_volume__low_volume
edf96ef93ed595084bbcbd9224bd2894,25,4365.78,3757.0,608.78,174.63119999999998,13.89298888888889,0.12,3.88,0.12,0.48,556.4284189452699,0.1801069292987673,SP,sao paulo,low_volume,low_volume,low_volume__low_volume
ee27a8f15b1dded4d213a468ba4eb391,1,6726.66,6499.0,227.66,6726.66,11.955023148148149,0.0,5.0,0.0,1.0,616.7332401847077,0.03384443393898309,GO,goiania,low_volume,low_volume,low_volume__low_volume
ee2fbacc2fc3794e656cc4d933d59ce7,2,518.6999999999999,464.97,53.73,259.34999999999997,7.072615740740741,0.0,4.0,0.0,1.0,1244.5413811191765,0.10608132577606325,SP,sao paulo,low_volume,low_volume,low_volume__low_volume
eeb6de78f79159600292e314a77cbd18,83,46795.28,43739.84,3055.44,563.7985542168675,12.164498786133695,0.03614457831325301,4.445783132530121,0.060240963855421686,0.8674698795180723,1015.0106475393048,0.09050749954586572,SC,lages,high_value,standard_risk,high_value__standard_risk
eebb3372362aa9a46975164bed19a7e7,6,628.4399999999999,517.93,110.51,104.74,52.582190393518516,0.3333333333333333,2.5,0.5,0.6666666666666666,886.0478812763259,0.1736057792370709,SP,sao paulo,low_volume,low_volume,low_volume__low_volume
eec3469d83e142f9a104886655338c37,4,240.44,185.7,54.74,60.11,9.977416087962963,0.0,4.5,0.0,0.25,425.3650507233958,0.33006159419970027,SP,bauru,low_volume,low_volume,low_volume__low_volume
eed78ac17f7f795a19a709745f00cd4e,22,5195.84,4349.5,846.34,236.17454545454547,10.03719433922559,0.0,3.772727272727273,0.22727272727272727,0.6363636363636364,456.20002230666853,0.17743564414040863,SP,botucatu,low_volume,low_volume,low_volume__low_volume
ef0ace09169ac090589d85746e3e036f,129,18538.95,16223.300000000001,2315.65,143.71279069767442,12.821328848379629,0.08527131782945736,4.372093023255814,0.08527131782945736,0.8062015503875969,615.1382916281364,0.1265996622925179,RJ,sao goncalo,high_value,standard_risk,high_value__standard_risk
ef2fbc2b607d8492bcffe657a4645434,20,1333.69,970.8,362.89,66.6845,7.037629751461988,0.1,3.85,0.25,0.8,571.9825611239364,0.2770397268017715,RJ,rio de janeiro,low_volume,low_volume,low_volume__low_volume
ef30892870c278497523264be1be2241,9,892.54,783.2,109.33999999999999,99.1711111111111,8.079983281893004,0.0,4.555555555555555,0.1111111111111111,0.2222222222222222,263.02580374642247,0.1709562091300597,SP,araraquara,low_volume,low_volume,low_volume__low_volume
ef506c96320abeedfb894c34db06f478,321,14767.65,9629.47,5138.18,46.00514018691589,13.408903116890777,0.08099688473520249,3.931464174454829,0.17133956386292834,0.6884735202492211,781.1128506569808,0.3486606812659343,SP,sao paulo,standard_value,standard_risk,standard_value__standard_risk
ef728fa1f17436c91ed1ccd03dcf9631,3,186.82,128.7,58.12,62.27333333333333,4.7905594135802465,0.0,4.333333333333333,0.0,0.3333333333333333,388.7550783794063,0.3583186737092589,SP,jau,low_volume,low_volume,low_volume__low_volume
ef990a83bbea832f36ebe81376335aa8,43,5557.24,4642.59,914.65,129.23813953488371,16.922471468561582,0.2558139534883721,3.627906976744186,0.2558139534883721,0.9534883720930233,772.8406098027322,0.18616037033425933,SC,joinville,standard_value,high_risk,standard_value__high_risk
ef9952469137ff190bacafe117f51537,5,1086.6,1002.66,83.94,217.32,10.250847222222223,0.0,4.8,0.0,1.0,554.1774581024489,0.07735498791670624,MG,uberaba,low_volume,low_volume,low_volume__low_volume
efb628aa07c8ca93d7db0d85b91a4f5a,1,262.1,204.0,58.1,262.1,25.588310185185183,1.0,4.0,0.0,1.0,261.74460073125323,0.2216711178939336,RJ,nova iguacu,low_volume,low_volume,low_volume__low_volume
efcd8d2104f1a05d028af7bad20d974b,47,3280.19,2424.78,855.41,69.79127659574468,10.140610154991949,0.02127659574468085,4.170212765957447,0.0851063829787234,0.5106382978723404,708.9234281466397,0.25942959445728936,SP,aracatuba,standard_value,standard_risk,standard_value__standard_risk
efff9341f3f8f5237b44ff67ed36a7bf,5,972.65,872.99,99.66,194.53,11.931902777777777,0.0,4.4,0.0,1.0,1055.856672766908,0.16185797619453346,ES,vitoria,low_volume,low_volume,low_volume__low_volume
f00e21b1e91a79653163b7fd8f293ff1,30,4390.27,3836.19,554.08,146.34233333333336,11.50460763888889,0.0,4.1,0.13333333333333333,0.8,536.015566470722,0.15692184914865442,SP,andradas,standard_value,standard_risk,standard_value__standard_risk
f00f5b35d0abcacbdd863672f4bb2c1a,1,313.43,299.0,14.43,313.43,12.155833333333334,0.0,4.0,0.0,0.0,77.31455473318779,0.04603898797179593,SP,sao paulo,low_volume,low_volume,low_volume__low_volume
f021c962aaba8ef6eb527a9c2c8394d1,5,4533.87,4398.5,135.37,906.774,8.171310185185186,0.0,4.2,0.2,1.0,609.582594154225,0.03460791954549936,SC,itajai,low_volume,low_volume,low_volume__low_volume
f049a72cf58fd31b11f8919cade515e7,3,170.98999999999998,138.75,32.24,56.99666666666666,4.592179783950617,0.0,3.3333333333333335,0.3333333333333333,0.3333333333333333,388.2143896530527,0.25575689864932727,SP,sao paulo,low_volume,low_volume,low_volume__low_volume
f0563bacf40c311f1c4d3d6b67b8a7a7,1,1227.78,1199.0,28.78,1227.78,,0.0,1.0,1.0,1.0,575.6585402581921,0.023440681555327504,SC,tubarao,low_volume,low_volume,low_volume__low_volume
f0837c8d71434931d9e38e7b79234797,22,4049.36,3446.9,602.46,184.06181818181818,11.822301136363636,0.045454545454545456,4.590909090909091,0.0,0.8636363636363636,888.6665246067594,0.2935322665481649,RS,arvorezinha,low_volume,low_volume,low_volume__low_volume
f08a5b9dd6767129688d001acafc21e5,11,14565.74,14069.630000000001,496.11,1324.158181818182,18.870517676767676,0.18181818181818182,4.2727272727272725,0.09090909090909091,0.8181818181818182,1226.6130425893325,0.048158328688994216,RS,porto alegre,low_volume,low_volume,low_volume__low_volume
f08c008c8a8d31417763738a1788a2a8,21,1666.98,1259.8000000000002,407.18,79.38,19.5899725877193,0.14285714285714285,3.1904761904761907,0.3333333333333333,0.9523809523809523,1118.9378771046681,0.21597345178324198,PR,santa terezinha de itaipu,low_volume,low_volume,low_volume__low_volume
f09b760d23495ac9a7e00d29b769007c,1,39.09,21.9,17.19,39.09,24.0575,0.0,4.0,0.0,1.0,915.7343310854525,0.4397544128933231,SP,catanduva,low_volume,low_volume,low_volume__low_volume
f09e26011d833ddab11593c1a097a92a,1,102.09,79.9,22.19,102.09,,0.0,1.0,1.0,0.0,80.02673158324733,0.217357233813302,SP,pirassununga,low_volume,low_volume,low_volume__low_volume
f0b47fbbc6dee9aafe415a6e33051b3f,68,5132.19,3795.91,1336.28,75.47338235294117,10.125389372581537,0.10294117647058823,4.220588235294118,0.1323529411764706,0.5,586.0110644143153,0.25993713347905095,SP,maua,standard_value,standard_risk,standard_value__standard_risk
f0e103c63864d5405b958d984b6e94c9,11,1101.41,951.7,149.71,100.12818181818183,8.819280303030304,0.0,4.7272727272727275,0.0,0.5454545454545454,504.49771073908454,0.18411336578279666,SP,osasco,low_volume,low_volume,low_volume__low_volume
f0ec6a2adb05c62655a26dd347b8dede,1,86.78,72.0,14.78,86.78,,0.0,1.0,1.0,0.0,19.52988416340909,0.1703157409541369,SP,sao paulo,low_volume,low_volume,low_volume__low_volume
f0ec78809fe0bc3edb11c9fe5b97b059,2,86.25999999999999,62.599999999999994,23.659999999999997,43.129999999999995,9.34699074074074,0.0,4.0,0.0,0.5,420.1157560148542,0.269909199350646,SP,sao paulo,low_volume,low_volume,low_volume__low_volume
f114dca2828bf718548db175ebe2cfcd,1,152.99,139.0,13.99,152.99,10.483483796296296,0.0,1.0,1.0,1.0,446.5697003017108,0.0914438852212563,PR,cambe,low_volume,low_volume,low_volume__low_volume
f1198c871e0171278b63f40d112caeec,2,558.0699999999999,475.8,82.27,279.03499999999997,11.401388888888889,0.0,4.5,0.0,0.0,151.37621625689354,0.14790860695591662,SP,sao paulo,low_volume,low_volume,low_volume__low_volume
f125f3a310c2e5f822d116147de1e474,16,3049.2900000000004,2761.4,287.89,190.58062500000003,11.933017216435186,0.125,4.1875,0.0625,0.625,497.90022229181403,0.11206626687486014,SP,sao paulo,low_volume,low_volume,low_volume__low_volume
f12d3c2a14729ae461b920c11fe20fdc,9,459.32,364.45,94.87,51.035555555555554,5.310752314814815,0.0,4.444444444444445,0.0,0.1111111111111111,61.82085924394437,0.24173381361328555,SP,santo andre,low_volume,low_volume,low_volume__low_volume
f12ff17ad8bbf01ec5c33b17e506649b,29,6892.7300000000005,6241.0,651.73,237.68034482758623,13.791368220899471,0.10344827586206896,3.8275862068965516,0.13793103448275862,0.7931034482758621,904.601659752361,0.11986139802502424,SP,sao paulo,low_volume,low_volume,low_volume__low_volume
f18112da765e0971ca5d510dec322bdd,2,410.75,327.8,82.95,205.375,17.898136574074073,0.0,4.0,0.0,1.0,570.8823883685063,0.1975376393442779,SC,brusque,low_volume,low_volume,low_volume__low_volume
f181738b150df1f37cb0bd72e705b193,36,6632.75,5529.7,1103.05,184.24305555555554,9.319003022119341,0.1111111111111111,4.472222222222222,0.05555555555555555,0.4444444444444444,517.8254477402992,0.22264089354249603,SP,carapicuiba,standard_value,standard_risk,standard_value__standard_risk
f19516b9ff26bfeb091b30108db4ddbd,5,869.44,727.6,141.84,173.888,10.648128858024691,0.0,2.6,0.6,1.0,1025.850129063791,0.22071990912399148,SP,artur nogueira,low_volume,low_volume,low_volume__low_volume
f1b854361f4e15d5851b494df66f22b2,3,1475.24,1168.8,306.44,491.74666666666667,7.4041396604938265,0.0,3.3333333333333335,0.3333333333333333,1.0,613.5042931737227,0.1625675417543613,RJ,rio de janeiro,low_volume,low_volume,low_volume__low_volume
f1b93673502375d491780bb49d615dbc,8,2959.2799999999997,2638.9300000000003,320.35,369.90999999999997,14.444124710648149,0.25,3.125,0.375,0.25,247.9359641266613,0.10929929746000681,SP,sao jose dos campos,low_volume,low_volume,low_volume__low_volume
f1c1ac3f3efc07e659c035008e615e66,4,2864.7799999999997,2561.96,302.82000000000005,716.1949999999999,10.968858024691357,0.0,3.75,0.25,0.75,468.31081795417765,0.15495465673150483,SP,sao paulo,low_volume,low_volume,low_volume__low_volume
f1ce5fdecd64935c28b9ff932751d0dc,2,180.53,158.0,22.53,90.265,10.23626736111111,0.0,4.5,0.0,0.5,226.35859218594624,0.12351509369685701,SP,santana de parnaiba,low_volume,low_volume,low_volume__low_volume
f1ed6bd0a9b11b581f16c851c6a5a527,17,1996.5800000000002,1622.77,373.81,117.44588235294118,20.990234885620914,0.058823529411764705,4.411764705882353,0.058823529411764705,0.8235294117647058,934.3858862519678,0.1921817190593751,RS,porto alegre,low_volume,low_volume,low_volume__low_volume
f1fd5ab1181f827ffad998c1a5de7d74,15,7877.96,7045.99,831.97,525.1973333333333,9.45754938271605,0.0,4.666666666666667,0.0,0.8,617.8549031860408,0.12387376942216959,PR,curitiba,low_volume,low_volume,low_volume__low_volume
f1fdf2d13186575751aa25876536d85c,1,34.59,26.3,8.29,34.59,6.141400462962963,0.0,5.0,0.0,0.0,4.718014614803089,0.23966464296039314,SP,sao paulo,low_volume,low_volume,low_volume__low_volume
f205b1a3ca9a34e0f8a228bae6e4c7b3,8,1484.9,1088.0,396.9,185.6125,8.596142939814815,0.0,4.875,0.0,1.0,1278.2623141042031,0.2735222599983071,RS,cachoeirinha,low_volume,low_volume,low_volume__low_volume
f214d28e8d8e3ef068748498ccc2f813,53,2949.4900000000002,2177.42,772.0699999999999,55.65075471698113,10.389293527596223,0.07547169811320754,4.150943396226415,0.1320754716981132,0.5283018867924528,445.1594924031059,0.28279192179103424,SP,sao paulo,standard_value,standard_risk,standard_value__standard_risk
f22a247b79dd22ecd91dc8e3b2a1b07c,8,574.8399999999999,439.94,134.9,71.85499999999999,18.033972800925927,0.25,4.0,0.125,0.625,548.8558713552858,0.2728831348087333,SP,itaquaquecetuba,low_volume,low_volume,low_volume__low_volume
f2336e113377dd21c744d9c4fc8293a9,4,3762.08,3563.0,199.07999999999998,940.52,20.24722511574074,0.0,4.25,0.0,1.0,2088.679529720342,0.08689778548945301,SP,sao paulo,low_volume,low_volume,low_volume__low_volume
f235413f677777a0738ff215d0184901,3,1788.3400000000001,1696.7,91.64,596.1133333333333,6.278344907407408,0.0,3.6666666666666665,0.3333333333333333,0.6666666666666666,401.0962975680018,0.05187919662613543,SP,bariri,low_volume,low_volume,low_volume__low_volume
f25e239052084705e17a982bc600ab2a,8,7785.48,7380.0,405.48,973.185,12.39517505787037,0.0,4.25,0.125,0.75,683.2944560600595,0.13931167323235635,SP,sao paulo,low_volume,low_volume,low_volume__low_volume
f262cbc1c910c83959f849465454ddd3,191,12918.51,10427.84,2490.67,67.6361780104712,9.021644688238771,0.08900523560209424,4.149214659685864,0.1518324607329843,0.38219895287958117,362.04759435812844,0.2673072806365835,SP,sao paulo,standard_value,standard_risk,standard_value__standard_risk
f266295f49a28eee21f413e0cbb0521d,2,177.94,149.8,28.14,88.97,12.088709490740742,0.0,4.5,0.0,0.5,693.9425363442151,0.1553439711013836,PR,ponta grossa,low_volume,low_volume,low_volume__low_volume
f26d70155c2b6326fcfa1780c8c684e4,1,219.06,202.89,16.17,219.06,8.901666666666667,0.0,5.0,0.0,1.0,511.3617598663434,0.07381539304300193,SC,presidente getulio,low_volume,low_volume,low_volume__low_volume
f27e33c6d29b5138fa9967bcd445b6d5,93,10482.25,8888.3,1593.95,112.71236559139786,12.069667587614497,0.10752688172043011,4.096774193548387,0.16129032258064516,0.5698924731182796,538.5677377690936,0.18940152139786276,SP,sao paulo,standard_value,standard_risk,standard_value__standard_risk
f3041c2e75ec683697a6a5ea82192210,1,169.0,145.0,24.0,169.0,4.528425925925926,0.0,5.0,0.0,1.0,347.124484750558,0.14201183431952663,MG,itauna,low_volume,low_volume,low_volume__low_volume
f3055483058c84d75ca2a3314fb4deef,1,103.29,67.5,35.79,103.29,,0.0,1.0,1.0,1.0,1660.858587287454,0.3465001452221899,BA,salvador,low_volume,low_volume,low_volume__low_volume
f307937c1bb287c3efc2a514b94b0d1d,1,216.6,189.99,26.61,216.6,12.577673611111113,0.0,5.0,0.0,1.0,1238.8330685871092,0.12285318559556786,MG,araxa,low_volume,low_volume,low_volume__low_volume
f326006815956455b2859abd58fe7e39,9,3813.18,3147.16,666.02,423.68666666666667,12.90150591563786,0.0,4.666666666666667,0.0,0.5555555555555556,668.2339985996663,0.1783918703557024,SP,fernandopolis,low_volume,low_volume,low_volume__low_volume
f3295428338a40977a03f555246a70f4,7,769.38,644.98,124.4,109.91142857142857,14.829621362433864,0.2857142857142857,3.5714285714285716,0.2857142857142857,1.0,847.2121862294887,0.34530713810072056,ES,vitoria,low_volume,low_volume,low_volume__low_volume
f3511c85f59f8dec53d140501ee8e7a8,1,78.01,69.9,8.11,78.01,1.9164930555555555,0.0,5.0,0.0,0.0,3.281801125340382,0.10396103063709779,PR,curitiba,low_volume,low_volume,low_volume__low_volume
f356c348fbc8df6a882823e21f5ce8b7,2,225.64999999999998,195.18,30.47,112.82499999999999,7.22974537037037,0.0,2.5,0.5,1.0,997.460744056569,0.1343160221095599,RS,canoas,low_volume,low_volume,low_volume__low_volume
f35b3c613c4f7b2275f4185d0a3c59ec,9,4214.29,4047.25,167.04,468.25444444444446,12.80266975308642,0.2222222222222222,4.555555555555555,0.1111111111111111,0.4444444444444444,410.79548613157596,0.04743041944952247,SP,sao paulo,low_volume,low_volume,low_volume__low_volume
f35becee938e982bd615edf8ef12bcfb,6,226.81,148.59,78.22,37.80166666666667,7.9204591049382715,0.0,4.0,0.16666666666666666,0.5,721.5729146880494,0.383820530929402,SP,alvares machado,low_volume,low_volume,low_volume__low_volume
f3862c2188522d89860c38a3ea8b550d,1,28.29,15.5,12.79,28.29,5.868530092592593,0.0,5.0,0.0,0.0,302.6281264540748,0.4521032166843407,SP,ribeirao preto,low_volume,low_volume,low_volume__low_volume
f3975e8a41157005d4bcbb358678cd9b,2,262.78,178.8,83.97999999999999,131.39,8.65745949074074,0.0,5.0,0.0,1.0,426.28943206990124,0.3024163811608726,SC,pinhalzinho,low_volume,low_volume,low_volume__low_volume
f3b80352b986ab4d1057a4b724be19d0,87,12692.73,10505.1,2187.63,145.89344827586206,10.455703461455641,0.0,4.172413793103448,0.12643678160919541,0.9540229885057471,789.418561212241,0.19244933538626371,DF,brasilia,standard_value,standard_risk,standard_value__standard_risk
f3c38ab652836d21de61fb8314b69182,15,1828.59,1581.0,247.59,121.90599999999999,8.208585648148148,0.06666666666666667,4.266666666666667,0.06666666666666667,0.6,430.29235364151094,0.24311834135484667,SP,sao paulo,low_volume,low_volume,low_volume__low_volume
f3da5b2ff499efb8d4a6d371d175d7dd,78,4799.56,3682.39,1117.17,61.53282051282052,11.609459216617934,0.14102564102564102,3.83974358974359,0.20512820512820512,0.4230769230769231,394.06041434089644,0.27673441821420314,SP,sao paulo,standard_value,high_risk,standard_value__high_risk
f410c8873029fcc3809b9df6d0b28914,2,327.1,289.8,37.3,163.55,7.698258101851852,0.0,5.0,0.0,1.0,556.7438970426173,0.11242303342235685,SP,caxias do sul,low_volume,low_volume,low_volume__low_volume
f419677537694f0462a91990df6ca44f,6,299.28,220.5,78.78,49.879999999999995,14.250243055555556,0.16666666666666666,4.0,0.16666666666666666,0.5,522.1816508476618,0.2732089000214872,SP,sao bernardo do campo,low_volume,low_volume,low_volume__low_volume
f41ce2e25237f9092cd8e6e7516c7a2f,27,2362.6,2030.9,331.7,87.5037037037037,8.769085202991452,0.0,4.296296296296297,0.07407407407407407,0.4074074074074074,336.5885578895109,0.1531706062533301,SP,guarulhos,low_volume,low_volume,low_volume__low_volume
f435898e493ba0356019a0b1cb8b55b1,10,880.6800000000001,649.76,230.92000000000002,88.06800000000001,10.871199074074074,0.0,4.4,0.1,1.0,1001.807818048453,0.36462402693346085,PR,curitiba,low_volume,low_volume,low_volume__low_volume
f43827dd686be3a4a80e00aa299990fb,1,125.74000000000001,95.54,30.2,125.74000000000001,21.39116898148148,0.0,2.0,1.0,1.0,520.0465219455307,0.2401781453793542,SP,sao jose do rio preto,low_volume,low_volume,low_volume__low_volume
f44b6f775a2b390380e0e30b5c9d3eee,10,3188.24,2930.0,258.24,318.82399999999996,8.694234953703702,0.0,4.9,0.0,0.5,340.15417981286737,0.09445849418538071,SP,sao paulo,low_volume,low_volume,low_volume__low_volume
f44bdc12aa39f5271f0b95f66cd4c289,5,432.07,357.5,74.57,86.414,11.502087962962964,0.2,3.2,0.4,0.2,224.1734807085789,0.2884779712406168,SP,braganca paulista,low_volume,low_volume,low_volume__low_volume
f45122a9ab94eb4f3f8953578bc0c560,187,25404.13,22078.29,3325.84,135.8509625668449,12.76063166767311,0.0748663101604278,3.9572192513368982,0.17647058823529413,0.5989304812834224,589.310118160109,0.1899577223728043,SP,piracicaba,high_value,standard_risk,high_value__standard_risk
f457c46070d02cadd8a68551231220dd,197,22617.66,18936.100000000002,3681.56,114.81045685279187,14.582207724799542,0.06091370558375635,3.83502538071066,0.2131979695431472,0.9289340101522843,644.8742185545459,0.16384916426236265,PR,maringa,high_value,high_risk,high_value__high_risk
f46490624488d3ff7ce78613913a7711,83,7550.67,5802.85,1747.82,90.97192771084337,10.25233666087963,0.12048192771084337,3.6626506024096384,0.26506024096385544,0.4939759036144578,608.9010561212381,0.27258723392297585,SP,guarulhos,standard_value,high_risk,standard_value__high_risk
f4a04f7be452aa3bb31760bf00055dd0,18,1553.95,1312.1,241.85,86.33055555555556,9.141429398148148,0.05555555555555555,4.666666666666667,0.0,0.5555555555555556,440.38223790891,0.17639784504017533,SP,santo andre,low_volume,low_volume,low_volume__low_volume
f4aba7c0bca51484c30ab7bdc34bcdd1,108,4467.13,2951.8999999999996,1515.23,41.362314814814816,10.979156057098765,0.06481481481481481,3.9444444444444446,0.1574074074074074,0.5185185185185185,528.1813237137695,0.3476161778502471,SP,sao paulo,standard_value,standard_risk,standard_value__standard_risk
f4c4daa86e30c7e5a553a8d518ac03a5,20,6671.2,6301.91,369.29,333.56,16.640676440329216,0.05,3.7,0.25,0.8,682.3871609115542,0.06457540257371,PR,cascavel,low_volume,low_volume,low_volume__low_volume
f4ce8ca9fa7157e3b33f536ac9a4487d,4,507.13,409.6,97.53,126.7825,6.975619212962963,0.0,4.75,0.0,0.25,595.2653418134884,0.2058146656098834,SP,penapolis,low_volume,low_volume,low_volume__low_volume
f4db9b37944bcb8873e6b456ee190bbf,21,3909.94,3409.78,500.16,186.18761904761905,13.154061397707231,0.09523809523809523,4.571428571428571,0.0,0.7142857142857143,798.4195385639459,0.12584959466450826,SP,itaquaquecetuba,low_volume,low_volume,low_volume__low_volume
f524ad65d7e0f1daab730ef2d2e86196,1,609.5,578.0,31.5,609.5,24.899224537037036,1.0,1.0,1.0,0.0,172.9114891454138,0.051681706316652996,RS,soledade,low_volume,low_volume,low_volume__low_volume
f52c2422904463fdd7741f99045fecb6,12,744.8,567.79,177.01,62.06666666666666,5.673889853395061,0.08333333333333333,4.25,0.08333333333333333,0.4166666666666667,519.8105655694268,0.3112873602080279,SP,santo andre/sao paulo,low_volume,low_volume,low_volume__low_volume
f5403d3f50089112c4eed37928b7f622,2,223.2,190.8,32.4,111.6,,0.0,1.0,1.0,0.5,955.3492003273032,0.14309105946291062,SP,fernandopolis,low_volume,low_volume,low_volume__low_volume
f543ba3c973276f519d89d59bd46cead,2,422.03999999999996,258.0,164.04000000000002,211.01999999999998,,0.0,2.0,1.0,0.5,551.2560177976585,0.38845938604508656,SP,sao jose do rio preto,low_volume,low_volume,low_volume__low_volume
f593898ec748b7a8cb81fc04edafd98a,20,3541.12,2813.04,728.08,177.05599999999998,16.619885477582848,0.15,3.7,0.25,0.65,642.6715985339525,0.26093722306124845,SP,pedreira,low_volume,low_volume,low_volume__low_volume
f5a590cf36251cf1162ea35bef76fe84,117,57440.94,53201.78,4239.16,490.94820512820513,11.744838270239265,0.10256410256410256,4.230769230769231,0.11965811965811966,0.5641025641025641,611.3616767399723,0.09927316425137232,SP,sao bernardo do campo,high_value,standard_risk,high_value__standard_risk
f5b44895715ddfe3087dc414f30268f3,19,654.44,378.8,275.64,34.44421052631579,12.497305677387915,0.05263157894736842,4.0,0.15789473684210525,0.47368421052631576,567.2043097660387,0.40080398316208116,SP,sorocaba,low_volume,low_volume,low_volume__low_volume
f5b84683a9bf9e1df748cf40f601b39c,1,92.97,83.9,9.07,92.97,6.706354166666666,0.0,5.0,0.0,0.0,6.7142140715980405,0.09755835215660966,SP,sao paulo,low_volume,low_volume,low_volume__low_volume
f5f1f2c5f923f36ad79ea1d07185ddc9,12,2115.83,1912.15,203.68,176.31916666666666,13.051210648148148,0.08333333333333333,3.25,0.3333333333333333,0.4166666666666667,524.6824219737613,0.0970805568071637,SP,taruma,low_volume,low_volume,low_volume__low_volume
f5f2ab9bdb6b30c14c61be68c5ed37da,18,2474.55,2134.6800000000003,339.87,137.47500000000002,13.4501858281893,0.1111111111111111,4.277777777777778,0.1111111111111111,0.8333333333333334,652.3147261089673,0.1538953829101658,SP,porto ferreira,low_volume,low_volume,low_volume__low_volume
f5f46307a4d15880ca14fab4ad9dfc9b,9,1654.32,1422.94,231.38,183.81333333333333,13.349134516460905,0.1111111111111111,4.111111111111111,0.1111111111111111,1.0,637.2722228499646,0.157134476595889,SC,rio do sul,low_volume,low_volume,low_volume__low_volume
f5fea3ffed6c2e889bab72705557c63a,3,1328.18,1059.9,268.28,442.7266666666667,28.70305555555555,0.3333333333333333,3.6666666666666665,0.3333333333333333,1.0,772.2071487726759,0.19756642092781376,RJ,rio de janeiro,low_volume,low_volume,low_volume__low_volume
f6122bc84774df1b372bdb3bb88ddb9f,3,4874.360000000001,4799.87,74.49000000000001,1624.7866666666669,15.619992283950618,0.3333333333333333,3.6666666666666665,0.3333333333333333,0.3333333333333333,326.21624953949123,0.01548298277868651,SP,barueri,low_volume,low_volume,low_volume__low_volume
f615fe7efbef0f4f08fd3086bc7a3e60,23,2748.96,2359.27,389.69,119.52,7.562038089225589,0.08695652173913043,4.3478260869565215,0.17391304347826086,0.34782608695652173,444.02437547321983,0.16868406339357545,SP,atibaia,low_volume,low_volume,low_volume__low_volume
f61c63d13f7cd800549d5acdd390ae72,26,3501.69,3072.3,429.39,134.6803846153846,11.74718482905983,0.07692307692307693,4.0,0.11538461538461539,0.34615384615384615,359.4998190328139,0.180561704415852,SP,pilar do sul,low_volume,low_volume,low_volume__low_volume
f626e15b7314c267e4429010866f70e9,5,319.02,193.54999999999998,125.47,63.803999999999995,9.946752314814816,0.0,3.8,0.2,0.2,810.1741317120881,0.39404878355029727,SP,marechal candido rondon,low_volume,low_volume,low_volume__low_volume
f62d7bb4a613ec758a03342d46b580b2,32,26790.59,24665.0,2125.59,837.2059375,13.872097077546297,0.125,4.375,0.0625,1.0,839.6470707353719,0.07905409135285453,MG,vicosa,high_value,standard_risk,high_value__standard_risk
f63d8f293af3a6454377546bd9dd19ff,17,2246.95,1751.8200000000002,495.13,132.1735294117647,16.17041258169935,0.11764705882352941,4.470588235294118,0.11764705882352941,0.7058823529411765,612.036692836497,0.2777073762129291,SP,votorantim,low_volume,low_volume,low_volume__low_volume
f650a9708fa1bab22bdd8d3a818cc415,5,594.58,507.75,86.83,118.91600000000001,15.323486689814816,0.0,3.4,0.4,1.0,1007.1455977435204,0.14754534388343724,SC,ararangua,low_volume,low_volume,low_volume__low_volume
f664f98bfda2eaf266a23ff144e7a872,2,161.8,153.99,7.8100000000000005,80.9,2.6854803240740743,0.0,3.0,0.5,0.0,28.890068963337313,0.09107762024065977,SP,sao paulo,low_volume,low_volume,low_volume__low_volume
f67efa3f0b6761102a7f8c6b7b571f5d,31,6030.17,5188.68,841.49,194.52161290322582,9.979094235364396,0.0,4.483870967741935,0.06451612903225806,0.8387096774193549,617.9277923431268,0.15530015185477003,PR,curitiba,standard_value,standard_risk,standard_value__standard_risk
f680f85bee2d253556ac91be391d2c82,45,6077.34,5183.92,893.42,135.052,9.748835648148148,0.022222222222222223,4.333333333333333,0.06666666666666667,0.6,417.69792581193644,0.21783984246865712,SP,carapicuiba,standard_value,standard_risk,standard_value__standard_risk
f682e0f848abafc6f41e0d4e868c66ef,2,304.0,269.98,34.02,152.0,19.699797453703706,0.5,3.5,0.0,1.0,739.0853245330061,0.1163356732809413,SP,mairipora,low_volume,low_volume,low_volume__low_volume
f7315bb81aea4ddca2d39e249a801c98,2,430.08000000000004,379.8,50.28,215.04000000000002,10.214172453703705,0.5,4.5,0.0,0.5,658.0093184692205,0.11671653567626324,SP,guarulhos,low_volume,low_volume,low_volume__low_volume
f7496d659ca9fdaf323c0aae84176632,26,5932.51,5087.57,844.9399999999999,228.17346153846154,12.427496296296297,0.07692307692307693,4.576923076923077,0.07692307692307693,0.46153846153846156,447.44679103027397,0.14749755424408656,SP,sao paulo,low_volume,low_volume,low_volume__low_volume
f76a3b1349b6df1ee875d1f3fa4340f0,24,4748.98,4160.79,588.19,197.87416666666664,17.02268036265432,0.375,3.4583333333333335,0.2916666666666667,0.375,281.0725347561521,0.1312288477140663,SP,sao paulo,low_volume,low_volume,low_volume__low_volume
f7720c4fa8e3aba4546301ab80ea1f1b,60,3418.9700000000003,2083.45,1335.52,56.98283333333334,10.994347143753924,0.05,4.208333333333333,0.08333333333333333,0.8833333333333333,610.3243463413379,0.4201651818280618,PR,curitiba,standard_value,standard_risk,standard_value__standard_risk
f783a638e9c6af4a7d0dbfde811e7a81,5,1002.9000000000001,849.8,153.1,200.58,17.646319444444444,0.2,4.0,0.2,0.6,1026.9277217560243,0.16090254707606375,SP,sao paulo,low_volume,low_volume,low_volume__low_volume
f789d2c4f2c2eb38fc4373e7a4b35264,44,5733.24,4864.24,869.0,130.30090909090907,10.94254734848485,0.045454545454545456,4.159090909090909,0.13636363636363635,0.8863636363636364,689.1411293500458,0.16271091536489832,MG,juiz de fora,standard_value,standard_risk,standard_value__standard_risk
f7ba60f8c3f99e7ee4042fdef03b70c4,219,72736.01,68395.0,4341.01,332.127899543379,13.405899857713218,0.1552511415525114,4.205479452054795,0.1095890410958904,0.6484018264840182,979.2477146956845,0.08561317651911722,SP,sao bernardo do campo,high_value,standard_risk,high_value__standard_risk
f7c31656c19db6275a8acadca289f426,1,77.75,61.56,16.19,77.75,13.381388888888887,0.0,3.0,0.0,1.0,550.1895249186445,0.2082315112540193,SP,ibitinga,low_volume,low_volume,low_volume__low_volume
f7ccf836d21b2fb1de37564105216cc1,68,3803.4900000000002,2709.4,1094.09,55.93367647058824,10.527966763405196,0.08823529411764706,3.8088235294117645,0.20588235294117646,0.36764705882352944,404.3957283963475,0.2874965191420898,SP,ibitinga,standard_value,high_risk,standard_value__high_risk
f7df46c1e0ec44eed5c6726478da4a17,3,487.44000000000005,429.70000000000005,57.739999999999995,162.48000000000002,,0.0,1.0,1.0,1.0,783.9781142660704,0.1198555317381103,RS,novo hamburgo,low_volume,low_volume,low_volume__low_volume
f805b96fa705ba7995a221f1749dc141,7,2986.87,2744.44,242.43,426.69571428571425,12.984732142857142,0.0,4.428571428571429,0.0,1.0,1239.792297079388,0.12278572969295545,PR,maringa,low_volume,low_volume,low_volume__low_volume
f80edd2c5aaa505cc4b0a3b219abf4b8,118,12030.5,9044.300000000001,2986.2,101.95338983050847,12.12117361111111,0.05084745762711865,4.084745762711864,0.16101694915254236,0.5169491525423728,565.7386146590487,0.2551666186685497,SP,sao paulo,standard_value,standard_risk,standard_value__standard_risk
f8201cab383e484733266d1906e2fdfa,10,1144.83,889.0,255.82999999999998,114.48299999999999,13.045797453703702,0.2,4.1,0.1,0.9,1424.0752069278496,0.21757950586687586,SC,palhoca,low_volume,low_volume,low_volume__low_volume
f84a00e60c73a49e7e851c9bdca3a5bb,90,7951.76,5949.9400000000005,2001.82,88.35288888888888,11.796352719907407,0.1111111111111111,3.8333333333333335,0.2111111111111111,0.7333333333333333,439.519139851059,0.3169352514849828,RJ,rio de janeiro,standard_value,high_risk,standard_value__high_risk
f84fa566034f5e8e880a07ec624c56af,90,6269.33,5043.8099999999995,1225.52,69.65922222222223,11.963886418019142,0.13333333333333333,4.211111111111111,0.12222222222222222,0.4111111111111111,445.4955742988648,0.19262928678943803,SP,indaiatuba,standard_value,standard_risk,standard_value__standard_risk
f88adb15807168d3c43d71021090ce4a,3,541.0600000000001,488.8,52.26,180.35333333333335,6.365833333333334,0.0,3.3333333333333335,0.3333333333333333,0.3333333333333333,317.9974433876203,0.09672237990444932,SP,porto ferreira,low_volume,low_volume,low_volume__low_volume
f8d5c7085db9a4ad2b8c1ffbeb2798c8,6,363.40999999999997,263.0,100.41,60.56833333333333,12.526377314814814,0.0,5.0,0.0,1.0,947.0745419847607,0.3008264434198687,SP,sao paulo,low_volume,low_volume,low_volume__low_volume
f8db351d8c4c4c22c6835c19a46f01b0,663,62768.83,50286.0,12482.83,94.67395173453997,9.88420359431459,0.05128205128205128,4.239819004524887,0.10256410256410256,0.5610859728506787,509.50933217428394,0.2414840616506005,SP,salto,high_value,standard_risk,high_value__standard_risk
f8e2c1b59cd4225a3e4fd0d013a76b93,2,264.43,219.8,44.63,132.215,10.010943287037037,0.0,5.0,0.0,0.5,405.1789183951581,0.19137232402064436,SP,ribeirao preto,low_volume,low_volume,low_volume__low_volume
f8f35af4634605e6693c17cc3ffff5a8,1,106.39,90.0,16.39,106.39,10.140243055555556,0.0,5.0,0.0,1.0,238.3480249719249,0.1540558323150672,MG,campanha,low_volume,low_volume,low_volume__low_volume
f90f77ef2799a27f80d90c425ca944f7,1,89.46000000000001,70.0,19.46,89.46000000000001,7.389560185185185,0.0,5.0,0.0,1.0,519.6746343446981,0.21752738654147105,PR,londrina,low_volume,low_volume,low_volume__low_volume
f918546be4bec7104d117789ba758b2b,20,1830.15,1483.0,347.15,91.50750000000001,12.358811921296297,0.2,3.85,0.2,0.45,297.81899418723236,0.18357692311419113,SP,sao paulo,low_volume,low_volume,low_volume__low_volume
f9244d45189d3a3605499abddeade7d5,21,16607.42,15731.43,875.99,790.8295238095237,15.176920717592594,0.0,4.285714285714286,0.047619047619047616,0.7619047619047619,768.7578505929179,0.0908806488942492,SP,sao paulo,low_volume,low_volume,low_volume__low_volume
f92d8c817434bd2d84d4e9c61322b7fa,5,225.61,174.84,50.769999999999996,45.122,8.32550462962963,0.2,4.6,0.0,0.0,125.3991534642751,0.22415917616022535,SP,sorocaba,low_volume,low_volume,low_volume__low_volume
f97e2b0650c2068227e1d366140eb62f,15,4374.61,3389.0,985.61,291.6406666666666,12.906426697530863,0.0,4.0,0.2,0.5333333333333333,448.5802281190784,0.2503038943037497,SP,santo antonio de posse,low_volume,low_volume,low_volume__low_volume
f9903dd0f812c7e771fcad47b6fff231,10,2101.48,1684.8500000000001,416.63,210.148,13.84778587962963,0.0,3.2,0.3,1.0,534.5284073398205,0.25528024953342127,SC,blumenau,low_volume,low_volume,low_volume__low_volume
f9a02f1922d1de564392e656d82b3fda,1,137.39,125.9,11.49,137.39,,0.0,4.0,0.0,0.0,85.01813166605663,0.0836305407962734,SP,ferraz de vasconcelos,low_volume,low_volume,low_volume__low_volume
f9bbdd976532d50b7816d285a22bd01e,2,298.37,268.0,30.369999999999997,149.185,14.890231481481482,0.0,5.0,0.0,1.0,849.5279517543656,0.11229206362376516,SP,sao paulo,low_volume,low_volume,low_volume__low_volume
f9d010e39375d9c91dce3f40b73a2f84,4,1350.1399999999999,1212.0,138.14,337.53499999999997,17.349108796296296,0.25,3.5,0.25,1.0,709.7732974670539,0.10424335994849138,SP,lorena,low_volume,low_volume,low_volume__low_volume
f9ec7093df3a7b346b7bcf7864069ca3,9,638.13,519.2,118.93,70.90333333333334,6.317723765432099,0.1111111111111111,4.777777777777778,0.0,0.4444444444444444,441.97712174122574,0.2723387676634206,SP,sao paulo,low_volume,low_volume,low_volume__low_volume
f9eda05b67bef472deaddbba84aca289,1,236.79,185.0,51.79,236.79,,0.0,1.0,1.0,1.0,1684.429259208319,0.21871700663034757,SC,orleans,low_volume,low_volume,low_volume__low_volume
f9eedec3129e8cc6b6429c42d0808c5b,2,833.15,789.8,43.35,416.575,6.757737268518518,0.0,4.5,0.0,1.0,1115.8364728027627,0.05497724161940919,RJ,"rio de janeiro, rio de janeiro, brasil",low_volume,low_volume,low_volume__low_volume
f9f68daa2af419d38f745478bcb3da1a,2,51.36,22.4,28.96,25.68,11.757013888888888,0.0,3.0,0.5,0.0,172.66419160642036,0.555511596854755,SP,sumare,low_volume,low_volume,low_volume__low_volume
fa14641f57b655e933124a9ea49cd7a5,7,442.99,359.92999999999995,83.06,63.284285714285716,6.980003306878308,0.0,4.571428571428571,0.0,0.5714285714285714,223.5418638270896,0.19049911173044892,SP,sao paulo,low_volume,low_volume,low_volume__low_volume
fa18c782a4866d313cadab567097f8f1,1,78.64,58.99,19.65,78.64,,0.0,1.0,1.0,1.0,837.828193618901,0.2498728382502543,MG,belo horizonte,low_volume,low_volume,low_volume__low_volume
fa1a9dec3a9940c072684a46728bf1fc,54,7735.04,6554.1,1180.94,143.2414814814815,14.331515346364883,0.0,4.111111111111111,0.12962962962962962,0.9444444444444444,778.8584363963474,0.16958847813585318,SC,icara,standard_value,standard_risk,standard_value__standard_risk
fa1c13f2614d7b5c4749cbc52fecda94,581,202744.74,192774.43,9970.31,348.9582444061962,13.276909218124919,0.0963855421686747,4.339070567986231,0.10499139414802065,0.6437177280550774,687.4035072725083,0.06636364897865064,SP,sumare,high_value,standard_risk,high_value__standard_risk
fa3a0b5aabb344b9a92e3524b0202123,7,1953.4099999999999,1789.0,164.41,279.0585714285714,11.636570767195767,0.14285714285714285,4.142857142857143,0.14285714285714285,0.7142857142857143,490.22104115477276,0.08801269206156319,SP,sao jose dos pinhais,low_volume,low_volume,low_volume__low_volume
fa40cc5b934574b62717c68f3d678b6d,305,20465.96,15960.47,4505.49,67.10150819672131,11.314099781505929,0.06229508196721312,4.472131147540984,0.07540983606557378,0.5573770491803278,604.6462561942498,0.22313647629671918,SP,sao paulo,high_value,standard_risk,high_value__standard_risk
fa5fdc4e4bb6bd1009ad0e4ac4096562,1,194.85,161.99,32.86,194.85,7.057268518518518,0.0,5.0,0.0,1.0,2323.4837824610145,0.16864254554785732,SP,santo andre,low_volume,low_volume,low_volume__low_volume
fa74b2f3287d296e9fbd2cc80f2d1cf1,11,2635.6800000000003,2459.89,175.79000000000002,239.60727272727274,30.38007407407407,0.18181818181818182,2.3636363636363638,0.6363636363636364,0.36363636363636365,743.4834603089101,0.08049915360449827,SP,presidente prudente,low_volume,low_volume,low_volume__low_volume
fa7ad8ae9bcb2c4493fdf38e96b1d74f,1,111.7,88.0,23.7,111.7,,0.0,1.0,1.0,0.0,94.10124198848159,0.21217547000895254,SP,pedreira,low_volume,low_volume,low_volume__low_volume
fa8d335d68129e464e60c1826a683e96,1,174.68,139.9,34.78,174.68,22.21934027777778,0.0,4.0,0.0,1.0,1556.3105619155417,0.19910693840164873,RS,tres coroas,low_volume,low_volume,low_volume__low_volume
fac1a9017ade7bdc94058fc1c969f355,9,2222.91,2010.84,212.07,246.98999999999998,7.714949845679012,0.0,4.666666666666667,0.0,0.4444444444444444,216.67600280134798,0.17157158361806424,SP,sao paulo,low_volume,low_volume,low_volume__low_volume
fac35d150712afb921ec59ac5f39bb11,5,800.64,696.0,104.64,160.128,10.14049537037037,0.0,4.4,0.0,0.2,377.31300059188067,0.13199247209005388,MG,bonfinopolis de minas,low_volume,low_volume,low_volume__low_volume
fad44952713764836814be105382aee5,32,5636.88,5129.0,507.88,176.1525,10.79425925925926,0.03125,4.28125,0.0625,0.78125,639.5231163617085,0.09176117775768561,RJ,rio de janeiro,standard_value,standard_risk,standard_value__standard_risk
fadb07c842a2aef5d5a676b85f220e71,7,570.37,398.75,171.62,81.48142857142857,6.430039682539683,0.0,4.714285714285714,0.0,0.8571428571428571,575.1080734924474,0.3597809026671407,SP,sao jose do rio preto,low_volume,low_volume,low_volume__low_volume
fb3cfbc8a86f5d7fbb4d36b8df63f60d,10,1225.06,1007.3000000000001,217.76,122.506,7.5278680555555555,0.0,4.2,0.1,1.0,503.7960491060547,0.2137003801743241,RJ,rio de janeiro,low_volume,low_volume,low_volume__low_volume
fb503a924a0b9db19d83dd0ac6dbef8c,1,31.82,13.9,17.92,31.82,6.547800925925926,0.0,5.0,0.0,1.0,1065.8219036736048,0.5631678189817725,RS,pelotas,low_volume,low_volume,low_volume__low_volume
fb8904a8ea99f8831b64ce27db2c1765,2,302.36,278.0,24.36,151.18,11.159346064814816,0.5,4.5,0.0,0.0,70.6890370566762,0.08056621246196587,SP,sao caetano do sul,low_volume,low_volume,low_volume__low_volume
fb89df7f89fd1b8f03fa2acca1ba7364,22,2687.43,2220.0,467.43,122.15590909090908,16.15063710016835,0.09090909090909091,3.8636363636363638,0.18181818181818182,0.9090909090909091,846.0604093085735,0.2116908840734308,PR,foz do iguacu,low_volume,low_volume,low_volume__low_volume
fbc14c0cf93505ef89f64665ffa4a7b5,17,12144.439999999999,11649.83,494.61,714.3788235294116,10.585214460784314,0.0,4.176470588235294,0.11764705882352941,0.4117647058823529,539.0748052549683,0.07445174725419072,SP,serrana,low_volume,low_volume,low_volume__low_volume
fc0b214b59a83615fea981c6424a02ae,1,172.04000000000002,159.9,12.14,172.04000000000002,4.384398148148148,0.0,5.0,0.0,0.0,42.917754775163054,0.07056498488723552,SP,maua,low_volume,low_volume,low_volume__low_volume
fc38b5dceee1a730fad8853453437fbd,5,178.01,119.2,58.81,35.602,7.9680231481481485,0.0,4.6,0.0,0.4,257.12562521383194,0.3433706761189971,SP,campinas,low_volume,low_volume,low_volume__low_volume
fc4751cfe3b279c419615b9b00c1abb4,1,471.05,453.7,17.35,471.05,8.010011574074074,0.0,5.0,0.0,1.0,465.79277110636235,0.03683260800339667,PR,londrina,low_volume,low_volume,low_volume__low_volume
fc59392d66ef99377e50356ee4f3b4e1,5,606.96,519.99,86.97,121.39200000000001,7.950819444444446,0.0,3.6,0.4,0.4,378.9883626498054,0.14315763677376842,BA,salvador,low_volume,low_volume,low_volume__low_volume
fc5a0d7a310a7a41abf86a458585ff2b,2,190.16,162.8,27.36,95.08,13.929652777777775,0.0,2.5,0.5,0.5,773.133119879286,0.1475419660293965,SP,sao paulo,low_volume,low_volume,low_volume__low_volume
fc6295add6f51a0936407ead70c1001d,1,230.51999999999998,160.0,70.52,230.51999999999998,13.800219907407408,0.0,1.0,1.0,1.0,2371.0809516151503,0.30591705708832206,SP,sao paulo,low_volume,low_volume,low_volume__low_volume
fc906263ca5083d09dce42fe02247800,114,6383.28,4497.7,1885.58,55.99368421052631,9.399892836474868,0.0,4.368421052631579,0.10526315789473684,0.8333333333333334,693.8047773472638,0.2934468679301053,MG,belo horizonte,standard_value,standard_risk,standard_value__standard_risk
fc908879b9ca1bd65419e54e50432d38,4,171.88,119.19999999999999,52.68,42.97,8.675014467592591,0.0,5.0,0.0,0.5,358.61063604789103,0.3020978275306157,SP,sao paulo,low_volume,low_volume,low_volume__low_volume
fc99f99385ae90f66f01733856fb88c9,1,111.02,89.9,21.12,111.02,,0.0,1.0,1.0,1.0,453.323982814225,0.19023599351468207,SP,boituva,low_volume,low_volume,low_volume__low_volume
fcb5ace8bcc92f75707dc0f01a27d269,61,9118.5,8173.63,944.87,149.48360655737704,10.573066331417623,0.03278688524590164,3.8524590163934427,0.18032786885245902,0.3770491803278688,367.0149486722743,0.183452249178351,SP,guarulhos,standard_value,high_risk,standard_value__high_risk
fcba71d4d5db057f43249145e4eb1e27,3,548.27,494.55,53.72,182.75666666666666,18.623179012345677,0.0,4.666666666666667,0.0,1.0,697.7114444224038,0.09815446428622193,SP,limeira,low_volume,low_volume,low_volume__low_volume
fcdd820084f17e9982427971e4e9d47f,16,5665.74,4783.99,881.75,354.10875,12.597906539351852,0.125,3.9375,0.1875,0.625,471.88715346891286,0.14851038456824853,SP,ribeirao preto,low_volume,low_volume,low_volume__low_volume
fce62094ffe6a4009188ec44e681dfdd,4,3452.63,2969.7,482.93,863.1575,13.50243923611111,0.25,4.0,0.25,0.5,819.9267004889534,0.28668478941572106,SP,sao paulo,low_volume,low_volume,low_volume__low_volume
fcf16b7a8697e559f0123190bb30177d,3,1552.5700000000002,1052.8000000000002,499.77000000000004,517.5233333333334,15.578668981481483,0.6666666666666666,3.3333333333333335,0.3333333333333333,0.3333333333333333,302.1503707351829,0.27535556809973266,SP,sao paulo,low_volume,low_volume,low_volume__low_volume
fd312b6bf05efac6c3772d5b52205d8a,2,164.32,118.69999999999999,45.620000000000005,82.16,6.378287037037037,0.0,5.0,0.0,0.0,84.52035736636918,0.2775261651900357,SP,votorantim,low_volume,low_volume,low_volume__low_volume
fd386aa7bed2af3c7035c65506c9b4a3,69,3316.17,2304.15,1012.02,48.060434782608695,8.562201590177134,0.10144927536231885,4.3478260869565215,0.14492753623188406,0.5362318840579711,515.03971368913,0.35861360083642785,SP,sao paulo,standard_value,standard_risk,standard_value__standard_risk
fd435faa3c0422b60440ea3480d0e77c,1,882.87,749.0,133.87,882.87,9.468483796296296,0.0,5.0,0.0,1.0,1971.1160130052726,0.15163047787329959,PB,joao pessoa,low_volume,low_volume,low_volume__low_volume
fdaaf5bfda82b7b80535610c831b8d09,10,2848.3199999999997,2588.8999999999996,259.42,284.832,9.90040625,0.1,4.2,0.2,0.3,557.8876831810369,0.10950593095371541,SP,sao jose do rio preto,low_volume,low_volume,low_volume__low_volume
fdb9095204a334cd8872252ffec6f2db,46,9289.369999999999,8156.0,1133.37,201.9428260869565,8.719879730273751,0.06521739130434782,4.184782608695652,0.13043478260869565,0.5434782608695652,389.35855762076926,0.11612238810561913,SP,sao paulo,standard_value,standard_risk,standard_value__standard_risk
fde0cc9ea29c8ccfc0a2c22256a58c71,35,4921.27,3922.0,999.27,140.6077142857143,8.711281084656084,0.02857142857142857,4.485714285714286,0.08571428571428572,0.8857142857142857,485.7847395418051,0.19984595188057075,PR,curitiba,standard_value,standard_risk,standard_value__standard_risk
fdf736c18c589ed030e058312203e1b2,1,44.51,30.0,14.51,44.51,5.490983796296296,0.0,5.0,0.0,0.0,345.6212741278772,0.32599415861604136,MG,pocos de caldas,low_volume,low_volume,low_volume__low_volume
fe19dce63ae80346207c6c55713d1023,1,71.72,49.9,21.82,71.72,7.0012384259259255,0.0,5.0,0.0,1.0,592.4543169531315,0.3042387060791969,MG,uberaba,low_volume,low_volume,low_volume__low_volume
fe1b067411b8c5066e962aa146ccee03,8,990.88,847.78,143.1,123.86,8.78437210648148,0.0,4.625,0.0,0.625,860.4849719643219,0.15199622029662888,SP,presidente prudente,low_volume,low_volume,low_volume__low_volume
fe1bbc5feda5c8979a8a1b3b2512d5a6,9,862.25,724.72,137.53,95.80555555555556,11.927600308641976,0.1111111111111111,3.888888888888889,0.0,0.5555555555555556,728.1211878656924,0.19157027998946907,MG,arinos,low_volume,low_volume,low_volume__low_volume
fe2032dab1a61af8794248c8196565c9,290,69859.76,65205.61,4654.15,240.895724137931,10.585444019928232,0.08620689655172414,4.375862068965517,0.1,0.5103448275862069,565.3809585360649,0.07025911028598064,SP,campinas,high_value,standard_risk,high_value__standard_risk
fe26f3ecb51a15e6d8335cd92da42562,7,2971.55,2708.96,262.59000000000003,424.50714285714287,10.683282076719577,0.14285714285714285,4.428571428571429,0.0,0.2857142857142857,355.4409727045085,0.09046277841891671,SP,sao paulo,low_volume,low_volume,low_volume__low_volume
fe49ee029e61e789a1f3a5525f57ba8d,17,2752.4399999999996,2527.5899999999997,224.85,161.90823529411762,10.416166811342592,0.058823529411764705,4.0588235294117645,0.17647058823529413,0.4117647058823529,376.55600154903277,0.09793047094477253,SP,osasco,low_volume,low_volume,low_volume__low_volume
fe4cd9461203cee790d36792420b310f,3,445.53,391.15,54.379999999999995,148.51,14.347658179012347,0.0,4.0,0.0,1.0,926.5295590511315,0.12164219239861333,MG,caratinga,low_volume,low_volume,low_volume__low_volume
fe701d88b67eaca109dffd464d1be9f9,11,1787.94,1548.9,239.04,162.54,12.424614583333334,0.09090909090909091,4.0,0.18181818181818182,0.9090909090909091,1011.4844377779217,0.1708123274941982,RJ,marica,low_volume,low_volume,low_volume__low_volume
fe8055980a4ff7f64ed889c2b5926929,3,249.98,196.70000000000002,53.28,83.32666666666667,6.485983796296296,0.0,4.666666666666667,0.0,1.0,733.1879467648135,0.2744408826937947,PR,curitiba,low_volume,low_volume,low_volume__low_volume
fe87f472055fbcf1d7e691c00b1560dc,6,1215.96,1085.8,130.16,202.66,6.001875000000001,0.16666666666666666,4.5,0.0,0.16666666666666666,181.35081533873677,0.11975040048982159,SP,campinas,low_volume,low_volume,low_volume__low_volume
fe9d9cf8631285d5982c6e2cf27fb114,1,93.54,69.9,23.64,93.54,4.90292824074074,0.0,4.0,0.0,1.0,1089.9316266378507,0.25272610647851185,MG,barbacena/ minas gerais,low_volume,low_volume,low_volume__low_volume
feb793c88d836c3a75efa4b5a3465d70,1,530.17,466.0,64.17,530.17,5.986342592592592,0.0,5.0,0.0,0.0,6.08498098367993,0.12103664862214009,SP,sao paulo,low_volume,low_volume,low_volume__low_volume
febab0275244b9a49a623f0bd613ca2f,109,10289.17,7272.42,3016.75,94.39605504587156,8.647835975716282,0.045871559633027525,4.376146788990826,0.09174311926605505,0.45871559633027525,356.6520236490888,0.29133663024348516,SP,pedreira,standard_value,standard_risk,standard_value__standard_risk
fec6275253471ace26d209bbaa64cd0f,9,3195.67,2840.0,355.66999999999996,355.07444444444445,14.156984310699588,0.0,4.555555555555555,0.1111111111111111,0.7777777777777778,1279.5770578403533,0.11534249442564357,RJ,nova friburgo,low_volume,low_volume,low_volume__low_volume
fec6912baad85d41729669edd6b4d3b8,1,261.97,210.0,51.97,261.97,,0.0,1.0,1.0,1.0,2090.456716118467,0.1983814940642058,SP,ribeirao preto,low_volume,low_volume,low_volume__low_volume
fec8cd45395b3cb0c2b173d7739706a1,4,1376.94,1280.0,96.94,344.235,10.44833912037037,0.0,3.75,0.0,0.0,102.95839625535774,0.07009722589559778,SP,jambeiro,low_volume,low_volume,low_volume__low_volume
fedaedd3ca31d56ab33e92035e4b361c,1,50.86,39.9,10.96,50.86,8.62082175925926,0.0,4.0,0.0,0.0,177.2285198237053,0.2154935116004719,RJ,niteroi,low_volume,low_volume,low_volume__low_volume
fedf2c1386e137f296b3bbf3b635e69d,2,210.9,131.74,79.16,105.45,10.332349537037038,0.0,3.5,0.5,1.0,282.07762272675177,0.42730174522240183,SP,sao paulo,low_volume,low_volume,low_volume__low_volume
ff063b022a9a0aab91bad2c9088760b7,93,13898.84,11977.5,1921.34,149.44989247311827,9.33752053464755,0.03225806451612903,4.311827956989247,0.08602150537634409,0.5698924731182796,499.8022648046655,0.16199331652965976,SP,santo andre,standard_value,standard_risk,standard_value__standard_risk
ff1e15b778c700abdd4d239b81ac466d,7,529.16,414.3,114.86,75.5942857142857,7.551547619047619,0.0,4.571428571428571,0.0,0.7142857142857143,568.2337242656929,0.21618116596508466,PR,curitiba,low_volume,low_volume,low_volume__low_volume
ff1fb4c404b2efe68b03350a8dc24122,46,7666.95,6771.0,895.95,166.67282608695652,10.30743332326892,0.15217391304347827,4.0,0.17391304347826086,0.5,567.3614972615467,0.1356974217182062,SP,mogi das cruzes,standard_value,standard_risk,standard_value__standard_risk
ff314fa6033cc68ec451c47aee2d6ba4,2,570.3399999999999,537.9,32.44,285.16999999999996,10.687337962962962,0.0,5.0,0.0,0.5,189.2411173095553,0.0568784044124586,SP,sao paulo,low_volume,low_volume,low_volume__low_volume
ff4e2d38692ce827b1a4f4b8196e680d,11,669.1800000000001,518.9,150.28,60.83454545454546,9.210698653198653,0.0,4.2727272727272725,0.09090909090909091,0.5454545454545454,362.9764144390879,0.23214251575656447,SP,sao paulo,low_volume,low_volume,low_volume__low_volume
ff4ea69c2a729e83e63c7579e4ef8170,8,6269.16,6118.0,151.16,783.645,10.662929894179895,0.0,4.5,0.125,0.5,601.4536739246877,0.024282393531005583,SP,guarulhos,low_volume,low_volume,low_volume__low_volume
ff69aa92bb6b1bf9b8b7a51c2ed9cf8b,20,23695.2,21940.8,1754.4,1184.76,11.462290509259258,0.25,3.65,0.3,0.4,372.6147220332989,0.07432009979115557,SP,sao paulo,low_volume,low_volume,low_volume__low_volume
ff82e8873fba613f2261a9acc896fd84,4,183.53,124.6,58.93,45.8825,9.54111400462963,0.0,3.5,0.25,0.75,385.5940850272787,0.378840200730823,MG,itabira,low_volume,low_volume,low_volume__low_volume
ffa6adafb71b807dc13159e26431354c,18,3206.98,2669.9,537.08,178.16555555555556,9.852557189542482,0.0,3.7777777777777777,0.16666666666666666,0.8888888888888888,790.9226138882889,0.16821436759706773,PR,londrina,low_volume,low_volume,low_volume__low_volume
ffad1e7127fb622cb64a900751590acd,10,1090.83,884.3,206.53,109.083,7.6742789351851854,0.0,4.8,0.0,0.4,532.2416534731204,0.194185377192094,SP,americana,low_volume,low_volume,low_volume__low_volume
ffc470761de7d0232558ba5e786e57b7,27,1950.22,1529.13,421.09,72.23037037037037,9.739319272976681,0.037037037037037035,4.444444444444445,0.037037037037037035,0.5185185185185185,593.881524226723,0.2559726170330004,SP,guarulhos,low_volume,low_volume,low_volume__low_volume
ffcfefa19b08742c5d315f2791395ee5,1,79.52000000000001,69.9,9.62,79.52000000000001,,0.0,1.0,1.0,0.0,2.8139274381943475,0.12097585513078468,PR,curitiba,low_volume,low_volume,low_volume__low_volume
ffdd9f82b9a447f6f8d4b91554cc7dd3,18,2828.66,2101.2,727.46,157.14777777777778,10.538292824074073,0.0,4.333333333333333,0.1111111111111111,0.8333333333333334,459.30053576000654,0.24607703556636393,PR,curitiba,low_volume,low_volume,low_volume__low_volume
ffeee66ac5d5a62fe688b9d26f83f534,14,2259.55,1839.8600000000001,419.69,161.39642857142857,18.074880952380955,0.14285714285714285,4.214285714285714,0.14285714285714285,0.42857142857142855,714.8701116138415,0.18209864448134075,SP,mirassol,low_volume,low_volume,low_volume__low_volume
fffd5413c0700ac820c7069d66d98c89,59,11654.77,8870.9,2783.87,197.5384745762712,13.478605737433863,0.11864406779661017,3.847457627118644,0.22033898305084745,0.6101694915254238,597.6596645431159,0.23667702611536587,SP,amparo,standard_value,high_risk,standard_value__high_risk
ffff564a4f9085cd26170f4732393726,20,1770.86,1426.3,344.56,88.54299999999999,12.49623263888889,0.0,2.1,0.65,0.65,793.3353287163177,0.26184075204388135,SP,campinas,low_volume,low_volume,low_volume__low_volume
